barcode,name,dosage_form,type,precio_unitario,stock_actual,stock_minimo,fecha_caducidad,lote
1062,A.M-E.C,gerawa,Drug,17.79,40,5,2026-08-03,LOTE-2024-1000
1063,R.A-C,gerawa,Drug,42.86,40,5,2026-09-22,LOTE-2024-1001
8904250000000,istovin 20mg,Capsule,Drug,33.34,3,5,2027-07-24,LOTE-2024-1002
4260220000000,caelin %2 sulfur,Soap,Supply,27.54,25,5,2026-08-18,LOTE-2024-1003
4260120000000,TMS forte 800/160mg,Tablet,Drug,8.29,45,5,2026-09-22,LOTE-2024-1004
1067,S.A %3 -D,gerawa,Drug,8.29,38,5,2028-07-13,LOTE-2024-1005
215,Allermine 25mg,Tablet,Drug,4.03,43,5,2027-01-20,LOTE-2024-1006
1066,S-Z.O,gerawa,Drug,39.18,39,5,2027-07-24,LOTE-2024-1007
5702190000000,Fucidine 15G cream,Cream,Drug,27.65,44,5,2026-09-22,LOTE-2024-1008
6251070000000,Amoclan Bid 1g,Tablet,Drug,32.3,45,5,2027-07-24,LOTE-2024-1009
8699570000000,Ketoral,Shampoo,Supply,43.69,21,5,2026-08-03,LOTE-2024-1011
6291100000000,Adol,Oral drop,Drug,37.71,48,5,2026-08-18,LOTE-2024-1012
6251880000000,Midagyl 500,Tablet,Drug,10.74,23,5,2026-09-22,LOTE-2024-1013
1068,one step pregnancy test (midstream),test strip,Drug,9.41,6,5,2027-07-24,LOTE-2024-1014
1065,S.A % 1.5 -E.O,gerawa,Drug,9.48,13,5,2026-09-22,LOTE-2024-1015
3760250000000,Novasil H 0.1%,Lotion,Drug,14.73,49,5,2027-01-20,LOTE-2024-1016
8906050000000,Retilab-A 30g gel laborate,gel,Drug,24.33,23,5,2027-07-24,LOTE-2024-1017
9501100000000,Opizole B,Cream,Drug,20.29,9,5,2027-01-20,LOTE-2024-1018
1069,C%2-A,gerawa,Drug,14.17,17,5,2026-09-22,LOTE-2024-1019
3401560000000,BIODERMA Photoderm  max  spf 50  40ml toucher  sec dry touch,Cream,Supply,28.12,2,5,2027-01-20,LOTE-2024-1020
840274000000,queen aromatherapy grad,Soap,Supply,7.57,19,5,2026-09-22,LOTE-2024-1021
199001000000,high Potency Vitamin D3 5000 IU,Tablet,Supply,14.21,19,5,2026-08-03,LOTE-2024-1022
5906720000000,Soft Iron + SR,Capsule,Drug,17.44,7,5,2028-07-13,LOTE-2024-1023
3660400000000,cystiphane biorga hair loss,Shampoo,Supply,21.34,42,5,2026-08-03,LOTE-2024-1024
6251110000000,Piostan lady  500mg,Tablet,Drug,35.66,42,5,2026-08-03,LOTE-2024-1025
6281100000000,Tabunex  0.05%,Nasal Spray,Drug,10.19,20,5,2028-07-13,LOTE-2024-1026
4823000000000,farmazoline xylometazoline 0.1% drop,Drop,Drug,23.87,9,5,2026-09-22,LOTE-2024-1027
3499320000000,Benzac AC 5%,Cream,Drug,27.27,17,5,2027-01-20,LOTE-2024-1028
8437010000000,STICK LABIAL LIP CARESTICK 20 spf,lip balm,Supply,3.52,27,5,2026-09-22,LOTE-2024-1029
2254,LA ROCHE-Posay Anthelios +50 shaka fluid,fluide,Supply,27.93,47,5,2026-09-22,LOTE-2024-1030
3760100000000,ACM DEPIWHITE ADVANCED,Cream,Supply,8.92,2,5,2026-08-18,LOTE-2024-1031
3401580000000,BIODERMA SEBIUM,foaming jel,Supply,4.33,36,5,2026-09-22,LOTE-2024-1032
3401380000000,BIODERMA Atoderm intensive Baume  200ml,Lotion,Supply,42.78,19,5,2026-09-22,LOTE-2024-1033
8588010000000,Aloe and lime lip balm spf 10,lip balm,Supply,43.5,17,5,2027-07-24,LOTE-2024-1034
2020,Differin  adapalene 0.1%  30g,gel,Drug,36.67,5,5,2027-01-20,LOTE-2024-1035
3282770000000,avene Cleanance spf 50,Cream,Supply,14.75,39,5,2028-07-13,LOTE-2024-1036
6490,Chlomal 100ml,Syrup,Drug,5.75,18,5,2026-07-09,LOTE-2024-1037
8699620000000,Irazole  100mg  15tab,Capsule,Drug,31.26,7,5,2027-01-20,LOTE-2024-1038
126,Canesten 20g skin cream,Cream,Drug,20.65,17,5,2027-01-20,LOTE-2024-1039
8681120000000,CLODY Solution 15ml,SOLUTION,Drug,6.81,39,5,2028-07-13,LOTE-2024-1040
9504000000000,ZincoxAwa 15%,Ointment,Drug,23.04,36,5,2026-07-09,LOTE-2024-1041
8697450000000,Baby soft cotton 574,cotton,Supply,3.0,35,5,2027-01-20,LOTE-2024-1042
8699180000000,papatya  loka,cotton,Supply,41.06,45,5,2028-07-13,LOTE-2024-1043
1319732,micropore 3m SPi plaster lut,instrument,Supply,12.76,4,5,2026-08-18,LOTE-2024-1044
6024020000000,Fine`s immune booster Pectin Gummies,gum,Drug,30.32,38,5,2028-07-13,LOTE-2024-1045
8699720000000,Trimoks 480mg,Tablet,Drug,15.06,25,5,2026-07-09,LOTE-2024-1046
3401350000000,Sebium photoderm AKN Mat spf 30 40ml,Cream,Supply,24.12,3,5,2027-07-24,LOTE-2024-1047
3401400000000,ISIS unitone 4 white,Cream,Supply,25.28,30,5,2028-07-13,LOTE-2024-1048
3031500000000,ISIS Teen Derm,gel,Supply,9.54,12,5,2027-01-20,LOTE-2024-1049
6955890000000,Gauze Swam 10*10 bchuk,gauze,Supply,43.68,4,5,2026-09-22,LOTE-2024-1050
8013130000000,foltene  women,Shampoo,Supply,35.22,24,5,2026-07-09,LOTE-2024-1051
1690,D-Lortin 5mg,Tablet,Drug,42.37,29,5,2028-07-13,LOTE-2024-1052
1073,P-M 30ml or 40ml,gerawa,Drug,40.42,9,5,2026-09-22,LOTE-2024-1053
8699580000000,dILAPROST 5mg ,Tablet,Drug,27.51,4,5,2026-07-09,LOTE-2024-1054
6281260000000,Elica-M,Ointment,Drug,41.6,24,5,2027-01-20,LOTE-2024-1055
3337870000000,LA ROCHE-POSAY ANTHLIOS spf 50  100ml,Cream,Supply,5.35,14,5,2026-09-22,LOTE-2024-1056
0000i4,Dermodin oint,Ointment,Drug,10.03,5,5,2026-08-03,LOTE-2024-1057
1050,Exforge 10/160,Tablet,Drug,3.47,18,5,2026-08-18,LOTE-2024-1058
1060,clorocil 5g Eye Ointments,Ointment,Drug,15.65,42,5,2026-08-03,LOTE-2024-1059
8595610000000,Heal Fast gel 50ml,Cream,Supply,18.41,15,5,2027-01-20,LOTE-2024-1060
5000170000000,Strepsils orange & vitamin c,lozenge,Drug,13.3,12,5,2027-01-20,LOTE-2024-1061
8680200000000,Levoximed  500mg,Tablet,Drug,37.55,18,5,2027-01-20,LOTE-2024-1062
1059,sterile pyrogen-free %9 500ml,Liquid,Supply,17.02,17,5,2027-07-24,LOTE-2024-1063
8901460000000,isomac 20,Capsule,Drug,13.72,30,5,2028-07-13,LOTE-2024-1064
3401340000000,BIODERMA SENSIBIO AR,Cream,Supply,25.11,24,5,2027-01-20,LOTE-2024-1065
1079,T-B,gerawa,Drug,7.63,11,5,2026-07-09,LOTE-2024-1066
6253010000000,Scarmed silicon gel,Skin Gel,Drug,36.4,35,5,2027-01-20,LOTE-2024-1067
6951830000000,easymed syringe 10ml med,Syring,Drug,4.74,23,5,2026-09-22,LOTE-2024-1068
3337880000000,LRP ANTHELIS XL spf 50 Tinted fluid ultra light 50ml,fluide,Supply,44.43,17,5,2027-01-20,LOTE-2024-1069
8059620000000,numed 5% sulphur,Soap,Supply,35.09,1,5,2027-01-20,LOTE-2024-1070
8410210000000,Johson baby,oil,Supply,10.14,15,5,2026-09-22,LOTE-2024-1071
3574660000000,bebe shampoo zartpflege 200ml,Shampoo,Supply,1.74,32,5,2028-07-13,LOTE-2024-1072
6970210000000,wooden cotton swab 400 pcs,cotton,Supply,36.97,9,5,2026-08-03,LOTE-2024-1073
4823010000000,Sodium Chloride-Darnista 400ml\,SOLUTION,Supply,32.25,15,5,2027-01-20,LOTE-2024-1074
10420424,RUGARD UREA %10 Repair bodylotion,Lotion,Supply,33.21,28,5,2026-07-09,LOTE-2024-1075
3282780000000,avene emulsion spf 50,Cream,Supply,35.05,24,5,2028-07-13,LOTE-2024-1076
3700500000000,Doxycreat 100mg,Tablet,Drug,4.72,35,5,2026-08-03,LOTE-2024-1077
5907650000000,Cosinus 60ml NOSE AND SINUSES,spray,Drug,17.09,22,5,2026-08-03,LOTE-2024-1078
5060230000000,Ziromin 500mg,Tablet,Drug,6.54,27,5,2026-09-22,LOTE-2024-1079
740985000000,vitamin d3 5000 iu chewable 30 tab 21 century,Tablet,Supply,39.04,19,5,2026-09-22,LOTE-2024-1080
1116,Fat fast blue,Capsule,Supply,28.61,42,5,2026-08-18,LOTE-2024-1081
80432400395,P.O,Powder,Supply,15.89,12,5,2027-01-20,LOTE-2024-1082
4019340000000,Efudix 5% 20g,Cream,Drug,4.26,20,5,2026-09-22,LOTE-2024-1083
5055570000000,excure get close  extra fun 14cond,condom,Supply,15.03,21,5,2026-07-09,LOTE-2024-1084
1085,Venir Condom La Colina,condom,Drug,15.65,21,5,2026-09-22,LOTE-2024-1085
2033469,T.R,Tablet,Drug,33.24,49,5,2027-07-24,LOTE-2024-1086
853237000000,Lipo6 Black,Capsule,Supply,29.23,43,5,2027-01-20,LOTE-2024-1087
5600250000000,kidssi GROWTH 150ml,Syrup,Drug,40.09,1,5,2027-07-24,LOTE-2024-1088
7640140000000,WHITE PLUS [+] Night 30ml,Cream,Supply,22.04,10,5,2027-01-20,LOTE-2024-1089
9403090000000,ISOCOR 20mg,Tablet,Drug,6.7,47,5,2026-09-22,LOTE-2024-1090
5310090000000,Referum 50mg/ 5ml,Syrup,Drug,32.53,30,5,2026-08-03,LOTE-2024-1091
1109,S.A-L.A,gerawa,Supply,34.59,39,5,2026-08-18,LOTE-2024-1092
5060410000000,nutrigen vegy 12vitamins +3minerals  200ml,Syrup,Drug,25.92,22,5,2027-07-24,LOTE-2024-1093
5060210000000,Vitadine 200ml,Syrup,Drug,35.04,18,5,2028-07-13,LOTE-2024-1094
5026470000000,Chloramphenicol 1% w/w eye oint,Ointment,Supply,22.98,48,5,2026-09-22,LOTE-2024-1095
8710430000000,ENSURE large 850g,milk,Supply,24.24,46,5,2026-07-09,LOTE-2024-1096
8470000000000,Kin infaritil,brush,Supply,20.1,32,5,2026-08-03,LOTE-2024-1097
8436030000000,Kin Efecto masaje,brush,Supply,2.61,27,5,2026-09-22,LOTE-2024-1098
5000210000000,johnson baby cotton buds 200 pcs,cotton,Supply,6.19,28,5,2027-01-20,LOTE-2024-1099
4260130000000,NANODERMA  GREEN,Amp,Supply,2.87,18,5,2026-08-03,LOTE-2024-1100
8699830000000,Methotrexate 50mg/5ml vial,Vial,Drug,29.18,39,5,2028-07-13,LOTE-2024-1101
9323610000000,Piax  75mg,Tablet,Drug,15.17,49,5,2026-09-22,LOTE-2024-1102
8680400000000,Selovita-D3 300.000 I.U/ml,Amp,Drug,23.62,29,5,2028-07-13,LOTE-2024-1103
1131,kenacort 40mg/ml,Pen,Drug,40.98,18,5,2027-07-24,LOTE-2024-1104
1090,B-M,gerawa,Drug,12.34,44,5,2027-07-24,LOTE-2024-1105
5900170000000,Bioflex plus join repair formula,effervecent tabalet,Drug,19.35,8,5,2027-01-20,LOTE-2024-1106
3838990000000,Doreta,Tablet,Drug,34.37,31,5,2027-01-20,LOTE-2024-1107
8000250000000,zendol 15 caps,Capsule,Supply,11.45,34,5,2027-01-20,LOTE-2024-1108
1126,capsoli batal,Capsule,Drug,4.85,7,5,2027-01-20,LOTE-2024-1109
4031570000000,Clotri-Denk 100,V. tab,Drug,14.1,36,5,2027-01-20,LOTE-2024-1110
6294010000000,PanaLife 500mg ,Tablet,Drug,8.51,18,5,2028-07-13,LOTE-2024-1111
6260150000000,C-Lax,Capsule,Supply,41.94,38,5,2027-07-24,LOTE-2024-1112
4001730000000,Multivitamin hansal,effervecent tabalet,Drug,36.65,9,5,2027-07-24,LOTE-2024-1113
4820010000000,Ketalgin long 30mg,Amp,Drug,29.05,9,5,2028-07-13,LOTE-2024-1114
676194000000,Bioflex Cream,Cream,Drug,39.41,46,5,2026-08-18,LOTE-2024-1115
1028,Arcoxia 90 mg,Tablet,Drug,36.46,8,5,2026-08-03,LOTE-2024-1116
5943000000000,GEROVITAL PLANT STOP ACNEE JEL,gel,Supply,9.62,35,5,2026-09-22,LOTE-2024-1117
4008500000000,Bepanthen Misturizing,Cream,Drug,40.33,18,5,2027-01-20,LOTE-2024-1118
1134,Fast Fat Super 1&2 2*60,Tablet,Supply,24.96,5,5,2027-07-24,LOTE-2024-1119
8054960000000,FOKIDS vitality  150ml,Syrup,Drug,36.62,14,5,2026-09-22,LOTE-2024-1120
8718530000000,Aciclocell 400mg,Tablet,Drug,40.48,28,5,2027-01-20,LOTE-2024-1121
1078,T.C.A,gerawa,Supply,15.33,30,5,2027-01-20,LOTE-2024-1122
594896000000,Drains The oil,Capsule,Supply,6.29,4,5,2026-07-09,LOTE-2024-1123
3661430000000,Depiderm eye contour,eye contour,Supply,11.42,39,5,2027-01-20,LOTE-2024-1124
0000i3,Dermodin cream,Cream,Drug,20.08,20,5,2027-07-24,LOTE-2024-1125
-1405360,Steri-Strip 3m 1527 plaster,instrument,Supply,37.08,25,5,2026-08-18,LOTE-2024-1126
100883,Rennie,Chewable tablet,Drug,38.94,28,5,2027-01-20,LOTE-2024-1127
103,normal saline sodium chloride 0.9 500ml,Bottle,Drug,1.8,12,5,2027-01-20,LOTE-2024-1128
227,Voltfast 50mg 30 satchet,Powder,Drug,23.72,2,5,2026-08-18,LOTE-2024-1129
68,Curam Forte 312.5 syrup,Syrup,Drug,19.66,40,5,2026-08-03,LOTE-2024-1130
1054,septrin pediatric suspension,Suspension,Drug,11.16,14,5,2028-07-13,LOTE-2024-1131
7640150000000,Xylo Acino 0.1%,spray,Drug,6.71,22,5,2026-09-22,LOTE-2024-1132
2021,Motilium 200ml 1mg/ml - CILAC,Syrup,Drug,16.19,31,5,2026-08-18,LOTE-2024-1133
1082,alfacort cream,Cream,Drug,42.52,23,5,2026-08-18,LOTE-2024-1134
1140,Nectar 100% Natural,Powder,Supply,15.56,46,5,2027-01-20,LOTE-2024-1135
4810130000000,Dexamethasone 10 ampoules,SOLUTION,Supply,24.07,20,5,2027-01-20,LOTE-2024-1136
1135,fat Fast  capsol 60,Capsule,Supply,32.08,38,5,2027-01-20,LOTE-2024-1137
8699550000000,gainuup powerful fruits 300g,Powder,Supply,17.32,4,5,2026-08-03,LOTE-2024-1138
5054560000000,Dr.best orginal medium toothbrush,toothbrush,Supply,43.77,15,5,2028-07-13,LOTE-2024-1139
3582910000000,Clomid 50 mg,Tablet,Drug,43.37,24,5,2026-09-22,LOTE-2024-1140
2161230000000000,golkar T.T.O 100g Soap soap,Soap,Supply,12.45,25,5,2026-09-22,LOTE-2024-1141
0000A7,Negazole   250mg,Tablet,Drug,23.13,1,5,2026-09-22,LOTE-2024-1142
4022680000000,Kalorienarmer Substoff 1200,Tablet,Drug,14.59,7,5,2026-09-22,LOTE-2024-1143
1097,ssaallaa,jawana,Drug,13.89,31,5,2028-07-13,LOTE-2024-1144
8906010000000,BiLuma Cream 15gm,Cream,Supply,3.1,12,5,2028-07-13,LOTE-2024-1145
700462000000,Pigmolite soap,Soap,Supply,28.02,42,5,2026-09-22,LOTE-2024-1146
4820020000000,OMIX 30 tab,Tablet,Drug,23.37,5,5,2028-07-13,LOTE-2024-1147
760,MYDOCALM 150mg  LABATEC PHARMA,Tablet,Drug,3.74,44,5,2027-07-24,LOTE-2024-1148
3596540000000,Glucophage 850mg,Tablet,Drug,13.62,42,5,2028-07-13,LOTE-2024-1149
5017370000000,calipso once aday spf 50,Cream,Supply,41.01,38,5,2026-08-18,LOTE-2024-1150
6419850000000,ICE Power Cold gel,gel,Drug,11.92,12,5,2027-01-20,LOTE-2024-1151
5023050000000,GLME+,Capsule,Drug,7.8,39,5,2026-08-18,LOTE-2024-1152
5901350000000,Lip Balm SOS -Instant Relief,lip balm,Supply,22.79,18,5,2027-07-24,LOTE-2024-1153
8681850000000,LIZEST syrup 150ml,Syrup,Supply,44.38,2,5,2026-07-09,LOTE-2024-1154
307,Arcoxia 120mg,Tablet,Drug,12.03,10,5,2027-01-20,LOTE-2024-1155
4860000000000,Ketamo-Aversi 30mg,Vial pack,Supply,30.74,15,5,2026-09-22,LOTE-2024-1156
8710450000000,Signal 0-6 tooth paste,Toothpaste,Supply,34.63,30,5,2026-09-22,LOTE-2024-1157
1016,Gamavate ointment,Ointment,Drug,11.84,44,5,2027-01-20,LOTE-2024-1158
60019035,Vaseline baby 50ml,vaseline,Supply,33.18,17,5,2028-07-13,LOTE-2024-1159
6260510000000,artelac single dose ED,Drop,Drug,17.5,4,5,2027-01-20,LOTE-2024-1160
8719560000000,Multvitamin orange flavour,effervecent tabalet,Supply,29.01,7,5,2028-07-13,LOTE-2024-1161
1027,indicardin 10 mg,Tablet,Drug,29.06,41,5,2026-08-18,LOTE-2024-1162
2313,Refit cap,Capsule,Drug,24.81,31,5,2027-01-20,LOTE-2024-1163
3400930000000,saule plaster Tout Pret cor,plaster,Supply,5.43,39,5,2026-09-22,LOTE-2024-1164
4016480000000,Figo Pflaster-Strips ,plaster,Supply,37.84,34,5,2026-07-09,LOTE-2024-1165
4820140000000,Ananas Diet,Tablet,Supply,15.45,6,5,2027-01-20,LOTE-2024-1166
4009930000000,Active Memory omega-3,Capsule,Drug,9.61,38,5,2027-01-20,LOTE-2024-1167
8699760000000,Ponstan Forte 500mg,Tablet,Drug,3.27,45,5,2027-01-20,LOTE-2024-1168
1227194,Co-Diovan 160/12.5,Tablet,Drug,27.2,34,5,2027-07-24,LOTE-2024-1169
5060010000000,Amlodipine 5mg,Tablet,Drug,30.97,44,5,2027-01-20,LOTE-2024-1170
5425030000000,"Bio-D3 25,000 IU",Capsule,Drug,2.22,15,5,2026-08-03,LOTE-2024-1171
8901250000000,FAST RELIEF,Cream,Supply,23.78,14,5,2026-08-03,LOTE-2024-1172
1130,Fenaclo 30tab Aceclofenac 100mg,Tablet,Supply,11.35,6,5,2027-01-20,LOTE-2024-1173
3800000000000,Bioflex plus join repair formula,effervecent tabalet,Drug,29.57,37,5,2026-08-18,LOTE-2024-1174
676195000000,SLIMTOL Green Coffee,Capsule,Drug,9.08,32,5,2026-08-03,LOTE-2024-1175
5026140000000,jointPlus,Tablet,Drug,31.56,3,5,2026-09-22,LOTE-2024-1176
8906040000000,Cypromark  100ml,Syrup,Drug,18.32,3,5,2027-01-20,LOTE-2024-1177
8698860000000,ELIDEL %1 krem,Cream,Drug,42.25,22,5,2026-09-22,LOTE-2024-1178
8699840000000,lefox 500 mg,Tablet,Drug,7.48,22,5,2027-07-24,LOTE-2024-1179
8901110000000,Novaten-50mg,Tablet,Drug,16.34,10,5,2027-01-20,LOTE-2024-1180
8906090000000,Acnonil -0.025% 30g,gel,Drug,6.44,3,5,2026-09-22,LOTE-2024-1181
8697630000000,Osmotonic 400ml,cleaner,Supply,41.72,12,5,2027-07-24,LOTE-2024-1182
911,BIOVITA Multivitamin with hony,Syrup,Drug,39.66,29,5,2027-01-20,LOTE-2024-1183
6261410000000,gain up kids pawder 300g,Powder,Supply,12.72,48,5,2027-01-20,LOTE-2024-1184
1004,L-Thyroxin 100 Berlin-Chemie,Tablet,Drug,30.21,17,5,2027-01-20,LOTE-2024-1185
533,Chlorohistol 4mg,Tablet,Drug,37.05,7,5,2026-07-09,LOTE-2024-1186
1160,S.A %60,gerawa,Drug,25.65,13,5,2027-01-20,LOTE-2024-1187
8422950000000,fost print LIGHT,Oral solution,Drug,24.54,2,5,2026-09-22,LOTE-2024-1188
5904730000000,Collafix 60cap,Capsule,Drug,12.02,4,5,2028-07-13,LOTE-2024-1189
4008980000000,NUTRICIA NutriniDrink Vanilla,milk,Supply,5.55,10,5,2027-07-24,LOTE-2024-1190
VUXC2R,LOGUSFLOR MR,Powder,Drug,40.53,35,5,2027-01-20,LOTE-2024-1191
7612080000000,Daylong spf 50  very sensitive/oily skin    50ml,gel,Supply,40.67,24,5,2026-08-18,LOTE-2024-1192
752831000000,Choline & Inositol 500/500mg,Tablet,Supply,29.04,17,5,2026-08-18,LOTE-2024-1193
63935007254,Arthri Flex,Skin Gel,Drug,16.25,6,5,2026-09-22,LOTE-2024-1194
3571940000000,noreva KERAPIL,Cream,Supply,16.69,19,5,2026-09-22,LOTE-2024-1195
5000160000000,Gaviscon pepperment liquid,Syrup,Drug,33.08,5,5,2026-08-18,LOTE-2024-1196
6260160000000,Triamcinolon N.N.,Ointment,Drug,40.52,32,5,2027-01-20,LOTE-2024-1197
8699790000000,Amikasan sulfate 500mg/2ml,Amp,Drug,40.09,10,5,2026-08-18,LOTE-2024-1198
8901140000000,Renalka,Syrup,Drug,35.42,9,5,2028-07-13,LOTE-2024-1199
5012730000000,Co-codamol,Tablet,Drug,29.43,27,5,2026-08-03,LOTE-2024-1200
5014360000000,Paracetamol 500mg 10*10 ,Tablet,Drug,5.16,13,5,2028-07-13,LOTE-2024-1201
4104480000000,PROSPAN,Syrup,Drug,8.53,19,5,2028-07-13,LOTE-2024-1202
7795340000000,Mio Virobron,Tablet,Drug,40.59,21,5,2027-01-20,LOTE-2024-1203
1046,Cialis 5mg,Tablet,Drug,27.88,24,5,2027-07-24,LOTE-2024-1204
6261150000000,Betasonate Eye ointment,Eye ointment,Drug,1.9,38,5,2026-09-22,LOTE-2024-1205
9120040000000,Vitamin D3 2000 Vegan,Capsule,Drug,5.91,4,5,2027-01-20,LOTE-2024-1206
720,C-LAX  25tab,Tablet,Drug,30.36,24,5,2026-09-22,LOTE-2024-1207
6251600000000,arbiten 80,Tablet,Drug,1.72,35,5,2026-09-22,LOTE-2024-1208
6948390000000,gauze swabs 100pcs gawra,lazga,Drug,8.5,3,5,2027-01-20,LOTE-2024-1209
6933540000000,HuaRul cotton buds,cotton,Supply,25.37,4,5,2026-09-22,LOTE-2024-1210
6221030000000,COLOSPASMIN FORTE,Tablet,Drug,31.6,37,5,2027-01-20,LOTE-2024-1211
1151,slim & well ,Capsule,Drug,29.86,40,5,2026-08-18,LOTE-2024-1212
3830040000000,sensilab flexi force 100ml,gel,Drug,11.26,48,5,2026-09-22,LOTE-2024-1213
6221040000000,magnabiotic 500mg,Vial,Drug,32.48,35,5,2026-08-03,LOTE-2024-1214
8901120000000,cytomid 250mg,Tablet,Drug,11.82,31,5,2026-08-03,LOTE-2024-1215
636156000000,Fertilex PLUS MEN,Capsule,Drug,15.65,44,5,2026-08-18,LOTE-2024-1216
8698750000000,Ferfolik plus B9 200ml,Syrup,Supply,33.97,25,5,2026-08-03,LOTE-2024-1217
4048850000000,Micardis plus 80/12.5 mg,Tablet,Drug,29.76,40,5,2026-08-03,LOTE-2024-1218
1185,Ebetrex 50mg/5ml,Vial,Supply,38.44,13,5,2027-07-24,LOTE-2024-1219
1219,kapsole G-A 5,Capsule,Supply,30.11,4,5,2026-07-09,LOTE-2024-1220
1215,kapsol G-A 30,Capsule,Supply,26.22,46,5,2027-01-20,LOTE-2024-1221
*6128520*,kin b5,mouth wash,Supply,5.57,14,5,2026-08-18,LOTE-2024-1222
8699090000000,Prolis 30ml/spray,spray,Supply,17.5,13,5,2028-07-13,LOTE-2024-1223
1113,Dostinex 0.5mg 8 tab,Tablet,Drug,13.04,27,5,2026-09-22,LOTE-2024-1224
6251870000000,Sulfi 5 Solifenacin succinate,Tablet,Drug,43.83,17,5,2027-01-20,LOTE-2024-1226
8699920000000,Ciprosan 500mg,Tablet,Drug,18.6,36,5,2026-09-22,LOTE-2024-1227
1144,Sunlyte 21.8 ORS orange flavour,Powder,Drug,40.3,40,5,2027-01-20,LOTE-2024-1228
8427430000000,vitis whitening,Toothpaste,Supply,28.95,49,5,2026-08-03,LOTE-2024-1229
8719240000000,Moclavin 875/125mg,Tablet,Drug,36.07,35,5,2028-07-13,LOTE-2024-1230
1013,betasone cream,Cream,Drug,23.36,17,5,2026-09-22,LOTE-2024-1231
1014,Singulair 5mg paediatric,Tablet,Drug,26.6,41,5,2026-09-22,LOTE-2024-1232
6290000000000,Ketozol 100ml,Shampoo,Supply,22.92,2,5,2027-07-24,LOTE-2024-1233
4015000000000,Schauma Kids shampoo & waschgel for girl,Shampoo,Supply,9.99,13,5,2026-09-22,LOTE-2024-1234
8680880000000,Calciday D3,effervecent tabalet,Drug,32.93,2,5,2027-07-24,LOTE-2024-1235
5012620000000,Glycery Trinitrate 50mcg ,Tablet,Drug,13.71,28,5,2026-09-22,LOTE-2024-1236
8600100000000,PRESOLO 50MG,Tablet,Drug,2.56,43,5,2027-07-24,LOTE-2024-1237
5010620000000,oral B ESSENTIAL,floss,Supply,29.58,26,5,2026-08-03,LOTE-2024-1238
852510000000,Omega 3-6-9 softgels,softgel,Supply,9.2,22,5,2027-07-24,LOTE-2024-1239
8901300000000,Candelong-16 H,Tablet,Drug,42.41,47,5,2027-07-24,LOTE-2024-1240
5024070000000,Paracetamol 500mg,Tablet,Drug,43.0,43,5,2026-08-18,LOTE-2024-1241
61,fastum gel  (refused B ),Skin Gel,Drug,41.3,3,5,2026-08-03,LOTE-2024-1242
194,Depo-Medrol 80mg syring,Vial,Drug,17.6,35,5,2026-09-22,LOTE-2024-1243
8680910000000,vitamin D 25000 l.u,Capsule,Drug,2.17,12,5,2028-07-13,LOTE-2024-1244
8682080000000,Joint Collagen Plus ,Capsule,Drug,41.88,24,5,2026-08-18,LOTE-2024-1245
288,Bepanthen 30g,Cream,Drug,20.13,5,5,2026-09-22,LOTE-2024-1246
4008600000000,BILLY BOY Extra iubricated,condom,Supply,43.55,20,5,2026-07-09,LOTE-2024-1247
9343930000000,Sure slim,Capsule,Drug,43.42,39,5,2026-09-22,LOTE-2024-1248
25077788262,Curcumin 1000mg,Capsule,Supply,38.61,39,5,2027-01-20,LOTE-2024-1249
3760010000000,Betaserc 8mg,Tablet,Drug,14.31,13,5,2028-07-13,LOTE-2024-1250
6925980000000,cotton pads 100cotton,cotton,Supply,18.25,41,5,2027-01-20,LOTE-2024-1251
1143,Paraxone 300mg ,Tablet,Supply,38.52,45,5,2027-07-24,LOTE-2024-1252
5021270000000,Wellman CONCEPTION,Caplet,Drug,15.29,12,5,2027-01-20,LOTE-2024-1253
8906060000000,Beta-N 5ml,Eye Drop,Drug,8.87,13,5,2026-07-09,LOTE-2024-1254
1149,Disposable 5ml syringe ,Syring,Supply,25.72,10,5,2026-09-22,LOTE-2024-1255
3705460000000,Neurobion coated ,Tablet,Drug,42.22,33,5,2027-01-20,LOTE-2024-1256
1181,SuperFood - Chia Seeds,Protein ,Supply,31.78,40,5,2028-07-13,LOTE-2024-1257
5944740000000,BIOTRIMAZOLE 10mg/g   15g,Cream,Drug,26.3,16,5,2028-07-13,LOTE-2024-1258
5055970000000,Slimfast-High Protein,Protein ,Supply,5.73,45,5,2026-08-18,LOTE-2024-1259
8680650000000,GastroGen 4500mg,Powder,Supply,28.25,35,5,2026-08-18,LOTE-2024-1260
6251650000000,NO FLU tablet 50shit,Tablet,Drug,44.57,3,5,2026-08-18,LOTE-2024-1261
7308650000000,COLLAGEN Pure Peptide 5000mg,Syrup,Drug,7.59,5,5,2028-07-13,LOTE-2024-1262
5060150000000,Ciprofloxacin 500mg /accord,Tablet,Drug,24.05,26,5,2028-07-13,LOTE-2024-1263
8680130000000,eurofar,Syrup,Drug,39.67,11,5,2027-07-24,LOTE-2024-1264
8699500000000,Voltaren 100mg,Suppository,Drug,33.72,7,5,2026-09-22,LOTE-2024-1265
8941100000000,Rostil 50tab 135mg,Tablet,Drug,31.82,10,5,2027-01-20,LOTE-2024-1266
7350020000000,PROIBS (Brand),Satchet,Drug,32.06,42,5,2026-09-22,LOTE-2024-1267
7321840000000,Betaloc Zok 100mg,Tablet,Drug,17.14,34,5,2026-08-18,LOTE-2024-1268
1210,diagnos,test strip,Drug,14.27,3,5,2027-01-20,LOTE-2024-1269
8904150000000,CORAL S ISOTRETIONIN 20,Capsule,Drug,36.71,8,5,2026-07-09,LOTE-2024-1270
4603010000000,SPLAT  complete soft,brush,Supply,36.74,31,5,2026-08-03,LOTE-2024-1271
8718950000000,Colgate Max White White & Protect,Toothpaste,Supply,39.22,11,5,2028-07-13,LOTE-2024-1272
1251,micropore 3m .. plaster qawayii,plaster pac,Supply,41.23,45,5,2027-07-24,LOTE-2024-1273
8437000000000,PEDIATRIC EXTRA MILD 200ml,Shampoo,Supply,23.74,7,5,2026-09-22,LOTE-2024-1274
6251150000000,ORAGIN,Tablet,Drug,23.32,45,5,2027-01-20,LOTE-2024-1275
5600860000000,Brosin  0.4mg,Capsule,Drug,36.23,2,5,2026-09-22,LOTE-2024-1276
5016700000000,Larius 5mg,Tablet,Drug,29.77,6,5,2027-07-24,LOTE-2024-1277
6212250000000,Polaramine Repetabs,Tablet,Drug,32.04,41,5,2027-07-24,LOTE-2024-1278
6285150000000,Lavistina 16mg,Tablet,Drug,36.12,32,5,2027-07-24,LOTE-2024-1279
2100623,TKTX 35%,Ointment,Supply,40.22,20,5,2027-07-24,LOTE-2024-1280
7640170000000,MADDOVIT ,Capsule,Drug,16.2,34,5,2026-08-18,LOTE-2024-1281
5903870000000,Apetito Biofaktor 150ml,Syrup,Supply,17.84,16,5,2026-09-22,LOTE-2024-1282
1038,Vitarux-multi vitamin 30ml,Drop,Drug,5.59,25,5,2026-09-22,LOTE-2024-1283
1243,Sugama Syringe 10ml,Syring,Supply,26.66,12,5,2026-09-22,LOTE-2024-1284
7796290000000,ProGest 100mg,Capsule,Drug,3.06,7,5,2027-07-24,LOTE-2024-1285
8699880000000,Head Lice shampoo Deniz,Shampoo,Supply,21.75,39,5,2026-09-22,LOTE-2024-1286
0000i12,Betnosam cream,Cream,Drug,25.11,17,5,2026-08-03,LOTE-2024-1287
6932240000000,daskeshy ,instrument,Supply,13.96,45,5,2026-09-22,LOTE-2024-1288
1023,SPASMOMEN  40mg,Tablet,Drug,27.2,11,5,2028-07-13,LOTE-2024-1289
992017000000,Diclofenac 75mg/3ml ampoules,Amp,Drug,2.83,6,5,2026-08-18,LOTE-2024-1290
5944730000000,SLEZIN 15ml,Eye Drop,Drug,3.12,23,5,2027-01-20,LOTE-2024-1291
35,Salabid NDI,Tablet,Drug,37.28,27,5,2026-09-22,LOTE-2024-1292
0000n16,Diane 35,Tablet,Drug,17.17,46,5,2026-08-03,LOTE-2024-1293
1257,Viador 150ml,Syrup,Drug,7.03,6,5,2026-09-22,LOTE-2024-1294
6260560000000,PDpreg 5000 I.U Human Chorinonic,Vial pack,Drug,24.22,38,5,2027-07-24,LOTE-2024-1295
221,BUTO-ASMA 2mg,inhaler ,Drug,34.99,2,5,2027-01-20,LOTE-2024-1296
232,Hemafer in single dose,Oral solution,Drug,10.89,22,5,2028-07-13,LOTE-2024-1297
804532000000,NURO 360,Capsule,Drug,28.6,20,5,2026-08-18,LOTE-2024-1298
1162,Entero-stop,Tablet,Drug,5.21,25,5,2026-08-03,LOTE-2024-1299
11300,Honeycure 30g,Ointment,Drug,3.75,15,5,2028-07-13,LOTE-2024-1300
9555270000000,spirulina,Capsule,Supply,24.61,49,5,2026-09-22,LOTE-2024-1301
8433040000000,anginovag,spray,Supply,25.02,29,5,2027-01-20,LOTE-2024-1302
8698710000000,Stoplice 200ml,Shampoo,Supply,29.23,8,5,2027-07-24,LOTE-2024-1303
5085030000000,Insect repellent cream,Cream,Supply,33.08,37,5,2026-09-22,LOTE-2024-1304
8714790000000,Colgate Max White Luminous,Toothpaste,Supply,43.95,49,5,2027-07-24,LOTE-2024-1305
4013720000000,wuta kamille hand,Cream,Supply,23.96,33,5,2026-08-03,LOTE-2024-1306
8715550000000,Duphaston 10mg اصلى,Tablet,Drug,15.55,22,5,2026-08-18,LOTE-2024-1307
3800090000000,DRO SPAZ 40mg,Tablet,Drug,36.09,45,5,2026-08-03,LOTE-2024-1308
3594460000000,daflon 500mg,Tablet,Drug,13.28,5,5,2027-07-24,LOTE-2024-1309
5000460000000,CRESTOR 20mg,Tablet,Drug,20.6,39,5,2026-08-18,LOTE-2024-1310
0000i1,Betnosam cream,Cream,Drug,4.91,18,5,2027-07-24,LOTE-2024-1311
1274,Madam Busaba,Powder,Supply,2.6,37,5,2028-07-13,LOTE-2024-1312
181,Depo-Medrol vial 80mg,Vial,Drug,43.38,37,5,2027-01-20,LOTE-2024-1313
8681090000000,BENEDAY 250/250/1/300mg,Tablet,Drug,37.87,30,5,2027-01-20,LOTE-2024-1314
-10420418,RUGARD UREA %10,Cream,Supply,31.77,31,5,2026-09-22,LOTE-2024-1315
50158980,detpl orginal,Soap,Supply,19.29,10,5,2026-09-22,LOTE-2024-1316
8425650000000,Saciatrap,Powder,Supply,9.04,15,5,2026-09-22,LOTE-2024-1317
1150,Plusflon tm,kanola,Supply,8.31,42,5,2027-01-20,LOTE-2024-1318
5060290000000,Predin,Syrup,Drug,12.39,48,5,2028-07-13,LOTE-2024-1319
652119000000,Intro Beauty Vitamin C 30ml,SOLUTION,Supply,25.39,44,5,2028-07-13,LOTE-2024-1320
6211220000000,triamcort ,Amp,Supply,32.58,18,5,2028-07-13,LOTE-2024-1321
1240,Ice Bag,sahol,Supply,30.22,23,5,2028-07-13,LOTE-2024-1322
5060100000000,Clairette 2000/35,Tablet,Drug,13.68,33,5,2026-09-22,LOTE-2024-1323
2105,ENDOGEN HP 75iu,Amp,Supply,43.04,16,5,2027-01-20,LOTE-2024-1324
5011310000000,Sodium bicarbonate,Ear Drop,Drug,33.6,38,5,2028-07-13,LOTE-2024-1325
753611000000,Collagen Advanced 30cap,Capsule,Supply,25.61,35,5,2026-09-22,LOTE-2024-1326
9008730000000,Tradocomp 37.5mg/325mg,Tablet,Drug,28.11,34,5,2028-07-13,LOTE-2024-1327
1086,Zinc oxide ointment 25gm,Ointment,Drug,19.75,28,5,2026-09-22,LOTE-2024-1328
1080,S.A-L.A-D,gerawa,Drug,12.28,2,5,2027-01-20,LOTE-2024-1329
8695200000000,sweet baby klensi tar code 620,klins,Supply,16.98,30,5,2027-07-24,LOTE-2024-1330
611,Flazol 500mg,Tablet,Drug,34.47,13,5,2028-07-13,LOTE-2024-1331
1083,victoza 6mg/ml   2pen,Pen,Drug,2.13,41,5,2026-08-18,LOTE-2024-1332
1123,tearlose artificial tears 10ml,Drop,Supply,6.55,16,5,2027-07-24,LOTE-2024-1333
7640120000000,Olfen-75,Amp,Drug,3.5,5,5,2027-01-20,LOTE-2024-1334
4810050000000,Ibuprofen CAPS ,Capsule,Drug,3.27,28,5,2026-08-18,LOTE-2024-1335
5060120000000,Lumecare singles Lubricant eye gel,Eye Drop,Drug,38.71,39,5,2027-07-24,LOTE-2024-1336
30070349,NUTRITIC LEVERS.LIPS 4.7ml,lip balm,Supply,32.11,45,5,2027-01-20,LOTE-2024-1337
4326470000000,Elina Kids sonnencream,Cream,Supply,22.13,20,5,2027-01-20,LOTE-2024-1338
3525720000000,nutriatfal 125ml,Syrup,Supply,5.76,24,5,2026-09-22,LOTE-2024-1339
319,josweet,Oral drop,Drug,22.89,27,5,2026-09-22,LOTE-2024-1340
8886470000000,promise pe,milk,Supply,22.1,30,5,2027-01-20,LOTE-2024-1341
0000n7,Utrogestan 200 mg,Capsule,Drug,9.03,45,5,2026-09-22,LOTE-2024-1342
665808000000,Kidz Appetite-Energy,Syrup,Drug,20.37,27,5,2026-08-18,LOTE-2024-1343
1279,INHIBIDEL,Tablet,Drug,18.83,26,5,2028-07-13,LOTE-2024-1344
0000n8,Yasmin,Tablet,Drug,28.29,7,5,2027-01-20,LOTE-2024-1345
6221050000000,Diprosalic,Ointment,Drug,29.13,42,5,2027-07-24,LOTE-2024-1346
6212270000000,Kenalog in Orabase,Oral Paste,Drug,3.47,47,5,2026-09-22,LOTE-2024-1347
6281010000000,Evosure  400g,milk,Supply,17.8,38,5,2026-09-22,LOTE-2024-1348
5600790000000,Erytosav H,Capsule,Drug,28.72,5,5,2026-09-22,LOTE-2024-1349
799932000000,Mr Gummy calcium with Vitamin D lemon,gum,Drug,23.39,23,5,2026-09-22,LOTE-2024-1350
W0SN1P,foli-max 30tab,Tablet,Drug,38.76,28,5,2027-01-20,LOTE-2024-1351
1207,Aspirin 100mg,Tablet,Drug,30.15,34,5,2027-01-20,LOTE-2024-1352
4260390000000,ADHESIVE ROLL PLASTER ZINK OXID 10*3cm,plaster,Supply,8.59,15,5,2026-09-22,LOTE-2024-1353
3587080000000,Rodogyl,Tablet,Drug,4.57,32,5,2026-08-03,LOTE-2024-1354
6253340000000,delice,spray,Supply,29.45,26,5,2026-09-22,LOTE-2024-1355
3850340000000,belosalic 0.5mg+20mg/g,SOLUTION,Drug,2.65,48,5,2026-08-18,LOTE-2024-1356
216,Stugeron 25mg,Tablet,Drug,26.98,31,5,2026-08-03,LOTE-2024-1357
5290930000000,NAUTISOL 5 MG,Tablet,Drug,42.4,19,5,2028-07-13,LOTE-2024-1358
1125,Aerius 0.5mg/ml,Syrup,Supply,26.53,9,5,2027-01-20,LOTE-2024-1359
8056180000000,Q2 DHA 12g tab,Tablet,Drug,18.39,29,5,2027-01-20,LOTE-2024-1360
1217,Movicol 13.8g 20sachet,Satchet,Supply,29.48,39,5,2026-09-22,LOTE-2024-1361
682608000000,on calll plas,MACHINE,Supply,21.43,4,5,2028-07-13,LOTE-2024-1362
10111,Blood lancets ,lancet,Supply,25.23,3,5,2027-01-20,LOTE-2024-1363
2343,on call plus,test strip,Supply,42.45,29,5,2027-07-24,LOTE-2024-1364
8699890000000,ethyl alcohol 70% ETHANOL,spray,Drug,18.3,11,5,2026-09-22,LOTE-2024-1365
6260480000000,my a-Rbutin Lightening,Cream,Supply,43.31,33,5,2028-07-13,LOTE-2024-1366
6933460000000,dastkeshy xury new product,Glove,Supply,40.88,38,5,2027-07-24,LOTE-2024-1367
8713710000000,OBESIMED FORTE,Capsule,Drug,10.02,11,5,2028-07-13,LOTE-2024-1368
6212240000000,Panadol gsk Syria,Tablet,Drug,4.52,27,5,2026-08-18,LOTE-2024-1369
1106,med rubbre high bandge 15cm*4.5m,bandj,Supply,5.88,33,5,2026-08-18,LOTE-2024-1370
0000i15,Celavex cream,Cream,Drug,2.29,21,5,2026-08-18,LOTE-2024-1371
8886450000000,pediasure vanela,milk,Supply,5.61,39,5,2026-08-18,LOTE-2024-1372
1254,inoself  30 satchet,Satchet,Drug,31.21,31,5,2028-07-13,LOTE-2024-1373
1297,Humalog Mix 25 100u...,V. tab,Drug,4.6,38,5,2026-07-09,LOTE-2024-1374
1300,ACV %30,gerawa,Supply,15.38,46,5,2026-08-03,LOTE-2024-1375
1111,METFORAL 500mg,Tablet,Drug,38.25,2,5,2026-08-18,LOTE-2024-1376
1249,"DIBASE 300,000 I.U./ml",Amp,Supply,2.51,27,5,2026-08-18,LOTE-2024-1377
23,Pariet 20mg 14 tab,Tablet,Drug,36.93,36,5,2026-08-18,LOTE-2024-1378
8901010000000,Gunsun Patch,patch,Supply,13.76,11,5,2027-07-24,LOTE-2024-1379
6260050000000,OP-Perfect glove,gloves,Supply,6.64,47,5,2027-01-20,LOTE-2024-1380
86808100000000,smart OMEGA 3 with multivitamin 150ml ,Syrup,Drug,31.81,18,5,2026-07-09,LOTE-2024-1381
6281280000000,Hyfresh,Eye Drop,Drug,28.86,1,5,2026-09-22,LOTE-2024-1382
1301,sx-7 hydroxy Cut Gold plus,Powder,Supply,39.67,35,5,2026-09-22,LOTE-2024-1383
6260090000000,mass vita VASELINE,Ointment,Supply,33.48,35,5,2026-08-03,LOTE-2024-1384
5060070000000,boro plus skin carecream,Cream Pack,Supply,36.45,31,5,2027-01-20,LOTE-2024-1385
5019780000000,Gastone 60 capsules,Capsule,Supply,13.77,28,5,2027-07-24,LOTE-2024-1386
8435230000000,Ibuprofen normon 20mg/ml 200ml,Suspension,Drug,9.22,39,5,2027-07-24,LOTE-2024-1387
4786960,BIODERMA Cicabio Lotion 40ml,Lotion,Supply,34.15,1,5,2027-07-24,LOTE-2024-1388
1278,gentex oint 3g,Ointment,Supply,36.6,25,5,2026-07-09,LOTE-2024-1389
301,srkai sew,srka,Supply,44.59,43,5,2028-07-13,LOTE-2024-1390
UZNM8T,Gasdep cap,Capsule,Drug,19.45,38,5,2027-07-24,LOTE-2024-1391
2801930000000,Cytotec 200mcg,Tablet,Drug,17.68,20,5,2028-07-13,LOTE-2024-1392
1053,zinc it,Syrup,Supply,35.27,3,5,2026-07-09,LOTE-2024-1393
5056000000000,kendalife,milk,Supply,16.32,2,5,2028-07-13,LOTE-2024-1394
783,Zeta  15g,Ointment,Drug,41.99,18,5,2027-07-24,LOTE-2024-1395
5060360000000,Chewable vitamin C 500mg,Tablet,Drug,38.84,44,5,2027-07-24,LOTE-2024-1396
3705410000000,ConCor 2.5mg,Tablet,Drug,20.16,10,5,2026-08-03,LOTE-2024-1397
4016370000000,Lacalut White & Repair,Toothpaste,Supply,34.16,5,5,2027-07-24,LOTE-2024-1398
1302,Gauze Swabs 19*15 10cm,gauze,Drug,34.32,9,5,2028-07-13,LOTE-2024-1399
5060130000000,Paradox,Capsule,Drug,5.99,2,5,2027-01-20,LOTE-2024-1400
2014,NAVID ORTHO COD 147,bandj,Supply,40.76,34,5,2027-01-20,LOTE-2024-1401
8906100000000,Gainsure,Powder,Supply,23.48,38,5,2028-07-13,LOTE-2024-1402
3401360000000,SVR  CLAIRIAL SERUM  30ML,serum,Supply,37.45,31,5,2026-09-22,LOTE-2024-1403
9642000000000,Diclofenac 100mg ,Suppository,Drug,15.42,10,5,2027-01-20,LOTE-2024-1404
4202882006,Provera  5mg 24tab,Tablet,Drug,40.46,12,5,2026-09-22,LOTE-2024-1405
5283010000000,Floxin-L 500mg,Tablet,Drug,18.43,36,5,2028-07-13,LOTE-2024-1406
63935021557,Cal-Vit 30tab,Tablet,Drug,1.97,21,5,2026-08-03,LOTE-2024-1407
10100,Norditropin 10mg/1.5ml,Pen,Drug,40.88,49,5,2027-01-20,LOTE-2024-1408
1294,Derma-T solution 30ml,SOLUTION,Supply,5.47,47,5,2027-01-20,LOTE-2024-1409
6251010000000,Barrad HiGeen,gel,Drug,15.39,6,5,2027-07-24,LOTE-2024-1410
1137,NasalCare NASAL RINSE STARTER KIT,spray,Supply,42.83,48,5,2027-01-20,LOTE-2024-1411
0000i5,Fugidin cream,Cream,Drug,42.85,49,5,2028-07-13,LOTE-2024-1412
6192410000000,ESORAL 40mg,Capsule,Drug,26.44,3,5,2028-07-13,LOTE-2024-1413
8003670000000,Insumed 30g 1ml,srinj,Supply,28.98,10,5,2026-08-03,LOTE-2024-1414
11381,Zeel ,Tablet,Drug,21.01,5,5,2026-09-22,LOTE-2024-1415
811562000000,DEHA 25mg 60capsul,Capsule,Drug,14.25,46,5,2026-07-09,LOTE-2024-1416
3760270000000,METRORUBORIL A-Z 30ml,Cream,Supply,15.8,26,5,2026-09-22,LOTE-2024-1417
310,aui raziana ,srka,Supply,30.75,21,5,2027-01-20,LOTE-2024-1418
4260300000000,Vitalactic B,Capsule,Drug,34.23,45,5,2028-07-13,LOTE-2024-1419
8902400000000,Achoo-Extra,Tablet,Drug,35.93,26,5,2027-07-24,LOTE-2024-1420
6932950000000,yc ARM SLING,support,Supply,35.85,38,5,2026-08-03,LOTE-2024-1421
608786000000,Rehair For Women,Tablet,Drug,5.47,44,5,2026-08-03,LOTE-2024-1422
8699950000000,Deniz Revitaling,V. wash,Drug,23.01,26,5,2027-01-20,LOTE-2024-1423
361,minoxidil 6.5% Hair  for men,spray,Supply,4.0,8,5,2027-01-20,LOTE-2024-1424
8714210000000,Multi -Gyn Actigel,V. gel,Drug,25.4,5,5,2026-08-18,LOTE-2024-1425
1036,piodol cold,Tablet,Drug,20.71,15,5,2028-07-13,LOTE-2024-1426
935860914,Ferachel forte 1100mg,Tablet,Drug,40.12,16,5,2028-07-13,LOTE-2024-1427
1225,nasonex 0.05% nasa spray,Cream,Drug,16.76,1,5,2026-09-22,LOTE-2024-1428
7310570000000,DAILY Balance,V. gel,Drug,6.59,16,5,2028-07-13,LOTE-2024-1429
6253800000000,Ectros 30g,Ointment,Drug,7.72,37,5,2026-09-22,LOTE-2024-1430
3705420000000,Euthyrox 25mcg Merk Serono,Tablet,Drug,34.63,3,5,2027-07-24,LOTE-2024-1431
208,Glibesyn 5mg Tilc  100tab,Tablet,Drug,28.39,47,5,2026-09-22,LOTE-2024-1432
W2CU78,D.Dep Junior drop 15ml ,Drop,Supply,5.9,31,5,2026-08-03,LOTE-2024-1433
5900120000000,dermacos anti-spot gel,Cream,Supply,5.16,13,5,2028-07-13,LOTE-2024-1434
5904880000000,Vanity air removal Cream,Cream,Supply,31.99,16,5,2026-09-22,LOTE-2024-1435
1224,Daktacort 15g,Cream,Supply,4.67,43,5,2027-07-24,LOTE-2024-1436
9555980000000,MY IPEK 3mx7.5cm,plaster,Supply,37.25,21,5,2026-09-22,LOTE-2024-1437
VZ6Q9P,Ferrodep,Capsule,Drug,32.22,2,5,2026-07-09,LOTE-2024-1438
1263,D.V,gerawa,Drug,5.04,27,5,2026-08-03,LOTE-2024-1439
0000i9,as-Nystacort oint,Ointment,Drug,5.19,38,5,2026-09-22,LOTE-2024-1440
1326,Dibase 100.000 I.U./ml,SOLUTION,Supply,44.42,26,5,2027-01-20,LOTE-2024-1441
3518070000000,NOVALAC Genio 3plus 3to6,milk,Supply,17.78,38,5,2026-09-22,LOTE-2024-1442
0000n13,Primolut N,Tablet,Drug,17.62,46,5,2027-01-20,LOTE-2024-1443
4820030000000,or wash shampoo ,Shampoo,Supply,36.86,25,5,2027-01-20,LOTE-2024-1444
1035,Ferplex 40mg,Oral solution,Drug,42.71,11,5,2027-07-24,LOTE-2024-1445
1327,Paracetamol-MDI 500mg,Tablet,Drug,44.39,8,5,2026-09-22,LOTE-2024-1446
4800890000000,rexona cotton dry ,Cream,Supply,34.27,8,5,2028-07-13,LOTE-2024-1447
8699150000000,Gynox 100ml 9.0ph,douche,Supply,17.87,33,5,2026-09-22,LOTE-2024-1448
1323,Ketoprolek 100mg,Suppository,Drug,5.13,7,5,2026-09-22,LOTE-2024-1449
8717160000000,Signal +6 tooth paste,Toothpaste,Supply,35.31,38,5,2026-08-18,LOTE-2024-1450
1095,PDxane 6000 iu 2,Syring,Drug,25.79,21,5,2026-09-22,LOTE-2024-1451
7046260000000,CYTOTEC 200mg 60 tab.,Tablet,Drug,19.95,8,5,2026-07-09,LOTE-2024-1452
615,Betnosam Ointment N SDI,Ointment,Drug,40.93,21,5,2027-01-20,LOTE-2024-1453
6666670000000,Norgesic MEDA,Tablet,Drug,6.34,20,5,2026-08-18,LOTE-2024-1454
8699530000000,Seftech 200mg,Tablet,Drug,22.93,8,5,2026-09-22,LOTE-2024-1455
749,GAMAVATE 25gram,Cream,Drug,1.99,46,5,2027-07-24,LOTE-2024-1456
8699540000000,Zolax 150 ,Capsule,Drug,21.89,31,5,2026-09-22,LOTE-2024-1457
634159000000,multi vitamin,Capsule,Drug,3.95,29,5,2026-08-18,LOTE-2024-1458
8608810000000,Progesteron Depo 250mg/ml ,Amp,Supply,6.67,48,5,2026-08-18,LOTE-2024-1459
11667,OXYLIVE,FACE MASK,Supply,6.61,9,5,2027-07-24,LOTE-2024-1460
838891000000,ScarGel with Alantoin 35g,gel,Drug,29.74,15,5,2026-08-03,LOTE-2024-1461
4000390000000,Signal 1-6 tooth paste,Toothpaste,Supply,33.95,30,5,2026-09-22,LOTE-2024-1462
6931430000000,Fprmula baby tooth brush +5,toothbrush,Supply,26.88,26,5,2027-01-20,LOTE-2024-1463
96419706022,Influ-Out 10tab,Tablet,Drug,43.35,10,5,2027-01-20,LOTE-2024-1464
11168,SODIUM BICARBONATE PURE POWDER,Powder,Drug,17.81,29,5,2027-01-20,LOTE-2024-1465
9815150000000,H&S povidon %10,SOLUTION,Supply,13.93,16,5,2027-07-24,LOTE-2024-1466
1104,lafafi kis spi 10cm,bandj,Supply,39.28,36,5,2026-07-09,LOTE-2024-1467
1003,DISPOSABLE INFUSION SET,instrument,Supply,11.23,20,5,2026-08-18,LOTE-2024-1468
6902780000000,VC Waterproof Lipstick ITALY,Cream,Supply,43.4,45,5,2026-08-18,LOTE-2024-1469
8692570000000,Yesil yaprak 60tablet,Tablet,Drug,2.03,37,5,2026-08-03,LOTE-2024-1470
1121020000000,SHEROLAX,Capsule,Drug,43.69,22,5,2026-08-18,LOTE-2024-1471
1331,C%1-A ,gerawa,Drug,3.38,7,5,2026-09-22,LOTE-2024-1472
9557600000000,gloves fe latex powdered s+m+l+xl,Glove,Drug,40.26,23,5,2027-01-20,LOTE-2024-1473
3594450000000,Coversyl plus 5/1.25mg اصلي,Tablet,Drug,24.45,41,5,2027-01-20,LOTE-2024-1474
8055350000000,Cicasilver,Ointment,Drug,44.69,40,5,2026-09-22,LOTE-2024-1475
1255,concor 5mg,Tablet,Drug,4.71,29,5,2027-07-24,LOTE-2024-1476
1006,uralyt-u,granule,Drug,25.59,16,5,2026-09-22,LOTE-2024-1477
63935013996,Fibre Plus 60cap,Capsule,Drug,43.66,38,5,2026-08-18,LOTE-2024-1478
28,Motilium 10mg Janssen,Tablet,Drug,24.25,28,5,2027-01-20,LOTE-2024-1479
5200310000000,Priorin shampoo greasy,Shampoo,Drug,28.88,48,5,2026-07-09,LOTE-2024-1480
-4002065,Priorin tab,Tablet,Drug,31.77,38,5,2026-08-03,LOTE-2024-1481
214,Artiz,Tablet,Drug,21.27,31,5,2026-09-22,LOTE-2024-1482
1261,D-V.,gerawa,Drug,28.8,14,5,2028-07-13,LOTE-2024-1483
5060110000000,ultrex  ultra fit,santi,Supply,26.92,33,5,2027-07-24,LOTE-2024-1484
6251590000000,Fusylin 15g,Cream,Supply,40.7,9,5,2026-08-03,LOTE-2024-1485
6932510000000,3 days show slimming,Cream,Supply,3.48,27,5,2027-07-24,LOTE-2024-1486
5901850000000,OHERBAL LIP BALM ,lip balm,Drug,13.72,24,5,2027-07-24,LOTE-2024-1487
4011140000000,Dadosens regenetation cream 50ml,Cream,Supply,42.84,13,5,2027-01-20,LOTE-2024-1488
8411500000000,pectol lemon,Tablet,Drug,40.23,26,5,2027-07-24,LOTE-2024-1489
1237,Tramadol G.L. 50mg 100tab,Tablet,Drug,21.32,29,5,2026-09-22,LOTE-2024-1490
1303,trisequens 28tab,Tablet,Drug,28.48,49,5,2026-08-18,LOTE-2024-1491
0000A1,Eromycin  500mg,Tablet,Drug,13.57,43,5,2027-01-20,LOTE-2024-1492
10260,Navidoxine,Tablet,Drug,9.68,28,5,2027-01-20,LOTE-2024-1493
5601180000000,Johnsonj 300ml,Shampoo,Supply,21.67,28,5,2027-01-20,LOTE-2024-1494
5000200000000,sensodain jentl withning,Toothpaste,Supply,16.87,8,5,2027-01-20,LOTE-2024-1495
5206350000000,Nitrotoin 50mg tab,Tablet,Drug,26.89,23,5,2028-07-13,LOTE-2024-1496
20,Cialis 20mg,Tablet,Drug,4.88,29,5,2028-07-13,LOTE-2024-1497
1287,Melanocyl,SOLUTION,Supply,43.89,5,5,2028-07-13,LOTE-2024-1498
8002660000000,Duspatalin Retard 200mg  3sheet,Tablet,Drug,44.4,42,5,2027-07-24,LOTE-2024-1499
1318,Filmox 500mg ,Capsule,Drug,31.87,7,5,2028-07-13,LOTE-2024-1500
6215140000000,indocine,Suppository,Drug,24.82,42,5,2026-08-03,LOTE-2024-1501
11377,Alesraa fulla hand gel,gel,Supply,14.96,36,5,2026-08-18,LOTE-2024-1502
5901790000000,Chirogyn,Satchet,Drug,36.9,41,5,2026-09-22,LOTE-2024-1503
1335,Neo Healar 10 suppositories,Suppository,Supply,31.29,27,5,2027-07-24,LOTE-2024-1504
11749,Occular 0.5%,Eye Drop,Drug,8.57,46,5,2027-01-20,LOTE-2024-1505
1334,Ketro Injection 10amp,Amp,Drug,41.13,2,5,2027-07-24,LOTE-2024-1506
6219570000000,mecozalen oral gel 50g,Oral Gel,Supply,37.28,25,5,2026-08-03,LOTE-2024-1507
5060060000000,Neomercazole 5mg AMDIPHARM,Tablet,Drug,42.82,9,5,2026-08-18,LOTE-2024-1508
11146,Humalog  100u/ml kwikpen,Penfill,Drug,33.07,27,5,2027-07-24,LOTE-2024-1509
1127,NovoFine 31g,Needle,Supply,28.18,1,5,2026-08-18,LOTE-2024-1510
590,NEXQUIN 500mg,Tablet,Drug,19.69,23,5,2026-09-22,LOTE-2024-1511
1292,Moringa Oleifera leaf Powder,Powder,Supply,42.07,10,5,2026-08-18,LOTE-2024-1512
5081300000000,Nose Pore 6Strips pink,deep,Drug,39.17,42,5,2026-09-22,LOTE-2024-1513
4103040000000,Seba med ph5.5,Shampoo,Supply,3.47,25,5,2027-07-24,LOTE-2024-1514
1325,Epal 5mg tab,Tablet,Drug,2.65,3,5,2026-09-22,LOTE-2024-1515
1091,Aspirin protect 100,Tablet,Drug,17.88,6,5,2027-01-20,LOTE-2024-1516
5902210000000,Deep Sleep 60gummy,gum,Drug,36.76,6,5,2026-08-03,LOTE-2024-1517
8680610000000,MY IPEK 3m*2.5cm plaster,plaster,Supply,44.45,2,5,2027-07-24,LOTE-2024-1518
3401320000000,SVR  SPIRIAL CREME 50ML,Cream,Supply,8.04,18,5,2026-09-22,LOTE-2024-1519
V04HVV,Laxodep,Capsule,Drug,27.34,23,5,2027-01-20,LOTE-2024-1520
8946970000000,Bioflex plus BioActivet,Capsule,Drug,18.07,2,5,2027-07-24,LOTE-2024-1521
1093,PDxane 2000 iu 2,Syring,Drug,43.69,12,5,2026-08-18,LOTE-2024-1522
8808340000000,pedicure file -Rnai Qach,rna,Supply,38.13,22,5,2028-07-13,LOTE-2024-1523
990,Protizol 5ml,Eye Drop,Drug,37.97,37,5,2027-01-20,LOTE-2024-1524
851903000000,Fat Burner,Powder,Drug,21.89,20,5,2026-09-22,LOTE-2024-1525
6251140000000,Bergo 0.5mg  8tablet,Tablet,Drug,19.54,39,5,2026-08-18,LOTE-2024-1526
9647600000000000,aljoud ethanol %70 250ml,ethanol,Supply,13.39,24,5,2028-07-13,LOTE-2024-1527
631656000000,HYDROXY CUT HARDCORE ELITE,Powder,Drug,3.95,48,5,2027-07-24,LOTE-2024-1528
606,Dexacure 0.5 mg,Syrup,Drug,39.12,20,5,2026-08-18,LOTE-2024-1529
9076968,ADT 10mg   60tab,Tablet,Drug,36.86,1,5,2026-09-22,LOTE-2024-1530
5017850000000,Cough Mixure 100ml,Syrup,Drug,44.99,1,5,2027-07-24,LOTE-2024-1531
1345,face mask 50 pcs,maskk,Drug,44.85,17,5,2027-01-20,LOTE-2024-1532
VRS6QQ,Ginfast  45g,Tablet,Drug,25.66,1,5,2027-07-24,LOTE-2024-1533
1250,kapsol P-N 30,Capsule,Drug,34.95,45,5,2026-09-22,LOTE-2024-1534
895749000000,Motility Boost for men,Capsule,Drug,42.6,30,5,2027-07-24,LOTE-2024-1535
1333,Omathrocin 200mg 100ml,Syrup,Drug,38.46,41,5,2026-09-22,LOTE-2024-1536
1094,PDxane 4000 iu 2,Syring,Drug,12.26,47,5,2026-08-18,LOTE-2024-1537
4014850000000,Diclowal S 25mg,Capsule,Drug,21.1,3,5,2027-01-20,LOTE-2024-1538
234,Omnic Ocas 0.4mg,Tablet,Drug,7.12,46,5,2028-07-13,LOTE-2024-1539
768,Parol solution for infusion 100ml,Bottle,Drug,43.0,11,5,2026-09-22,LOTE-2024-1540
1316,Sterilised water for injections BP 5ml,water ,Supply,27.87,24,5,2026-09-22,LOTE-2024-1541
0,sodium chloride 0.9% 100ml,Bottle,Drug,11.45,22,5,2027-01-20,LOTE-2024-1542
63935017000,Collagene Triple Action Liquid,Syrup,Drug,30.72,44,5,2027-01-20,LOTE-2024-1543
6223000000000,FAWAR LEMON,Satchet,Drug,28.39,45,5,2027-07-24,LOTE-2024-1544
8904070000000,bisacodyl 5mg,Tablet,Drug,17.08,26,5,2027-07-24,LOTE-2024-1545
5052200000000,Durex Pleasure Me,condom,Drug,6.44,13,5,2026-08-03,LOTE-2024-1546
6262320000000,Climax Condom amazinc 12best,condom,Supply,30.71,1,5,2028-07-13,LOTE-2024-1547
6954920000000,kodomo instant hand sanitizer,gel,Supply,24.13,24,5,2027-07-24,LOTE-2024-1548
4010440000000,lacalut activ,Toothpaste,Supply,35.1,10,5,2028-07-13,LOTE-2024-1549
1348,mask Dasheng 20pcs,maskk,Drug,24.13,35,5,2027-01-20,LOTE-2024-1550
8680420000000,Baby lux code 065,MAMA,Supply,38.57,24,5,2028-07-13,LOTE-2024-1551
8806110000000,Amaryl M 2mg/500mg,Tablet,Drug,25.51,28,5,2026-08-03,LOTE-2024-1552
6285100000000,Avocom 0.1% cream,Cream,Supply,25.9,36,5,2026-09-22,LOTE-2024-1553
1349,Alesraa Touch hand gel cleans&protect,gel,Supply,39.63,16,5,2028-07-13,LOTE-2024-1554
8697930000000,Aircomb 5/10mg,Tablet,Drug,19.05,40,5,2026-08-18,LOTE-2024-1555
11752,Proctoyat rectal oint 15g,Ointment,Drug,7.33,16,5,2026-08-03,LOTE-2024-1556
0000i19,Paracetol SDI  Iraqi,Tablet,Drug,2.75,17,5,2027-07-24,LOTE-2024-1557
8016890000000,OTOSAN nasal wash,Nasal.Wash,Drug,34.35,15,5,2027-07-24,LOTE-2024-1558
224694,AERIUS 5mg Film tablet T,Tablet,Drug,28.48,16,5,2026-08-18,LOTE-2024-1559
5902080000000,RADIC med  anti hair loss ampoule treatment for women,Amp,Supply,32.13,15,5,2028-07-13,LOTE-2024-1560
3881700000000,Pako liquid antisepic,Liquid,Supply,10.76,34,5,2027-01-20,LOTE-2024-1561
5200420000000,Anivagene shampoo Man,Shampoo,Drug,7.43,11,5,2027-01-20,LOTE-2024-1562
3600520000000,Zeira top quality hand gel,gel,Supply,2.13,1,5,2027-07-24,LOTE-2024-1563
6938060000000,Eye Pads AID FIRST,eye pad,Supply,16.75,15,5,2026-09-22,LOTE-2024-1564
8680030000000,Bivoxa 5ml 0.5%,Eye Drop,Drug,27.16,26,5,2026-08-18,LOTE-2024-1565
6253330000000,hi-jolla tahqim bchuk,tahqim,Drug,18.56,4,5,2026-08-18,LOTE-2024-1566
7680280000000,Librax,Tablet,Drug,20.53,43,5,2027-01-20,LOTE-2024-1567
5280010000000,NITRILE  X-LARGE,instrument,Supply,40.83,5,5,2027-01-20,LOTE-2024-1568
8681320000000,Safewash handwash,Soap,Drug,16.65,35,5,2027-07-24,LOTE-2024-1569
3571700000000,hand sanitizer spray,spray,Drug,23.86,13,5,2027-07-24,LOTE-2024-1570
6192020000000,Torva 20mg,Tablet,Drug,35.59,10,5,2027-01-20,LOTE-2024-1571
1076,best glovs large,Glove,Supply,18.75,11,5,2027-07-24,LOTE-2024-1572
7347300000000,SHAGULMED,Glove,Supply,28.56,18,5,2026-08-18,LOTE-2024-1573
6215150000000,ROUZA,Syrup,Drug,39.01,34,5,2026-08-03,LOTE-2024-1574
42,Diovan 160mg,Tablet,Drug,42.8,39,5,2028-07-13,LOTE-2024-1575
1096,OMFIL 40mg,Capsule,Drug,7.9,41,5,2026-08-03,LOTE-2024-1576
1015,panderm skin ointment,Ointment,Drug,41.81,42,5,2026-08-18,LOTE-2024-1577
5906400000000,Kelonil Scar gel,gel,Drug,22.91,23,5,2027-01-20,LOTE-2024-1578
8718690000000,Vesicare 5mg,Tablet,Drug,12.73,7,5,2026-09-22,LOTE-2024-1579
3863850000000,Dermatix 15g,gel,Drug,21.47,39,5,2028-07-13,LOTE-2024-1580
60014429,vaseline Vitamin E 50ml,vaseline,Supply,44.13,3,5,2026-08-18,LOTE-2024-1581
1356,Elevit pronatal tablets,Tablet,Drug,22.93,12,5,2026-07-09,LOTE-2024-1582
4061670000000,irofix liquid 150ml,Liquid,Drug,15.8,7,5,2026-09-22,LOTE-2024-1583
1357,Megamox 1mg,Tablet,Drug,29.05,49,5,2027-01-20,LOTE-2024-1584
6260230000000,JEY Cream,Cream,Supply,11.95,26,5,2026-09-22,LOTE-2024-1585
84115546,PECTOL FRESH lemon-honey+C,lozenge,Drug,4.8,33,5,2027-01-20,LOTE-2024-1586
1136,Siram MDI 100ml,Syrup,Supply,7.11,37,5,2028-07-13,LOTE-2024-1587
1219294,Co-Diovan 160/25 mg,Tablet,Drug,7.07,48,5,2028-07-13,LOTE-2024-1588
5944710000000,Ketomag 100mg,Suppository,Supply,8.11,15,5,2026-08-18,LOTE-2024-1589
6281270000000,Fusibact Cream 15gm,Cream,Drug,7.54,2,5,2026-09-22,LOTE-2024-1590
5903140000000,mada-osteopo complex ,Capsule,Supply,29.38,41,5,2027-01-20,LOTE-2024-1591
1363,vaseline new e&a iran 100g,Cream,Supply,9.41,7,5,2028-07-13,LOTE-2024-1592
609789000000,CollaCaps 60tab,Tablet,Drug,16.54,32,5,2028-07-13,LOTE-2024-1593
1351,Dimenhydrinate 50 irani,Tablet,Drug,40.51,4,5,2026-08-18,LOTE-2024-1594
8699110000000,ARIDEEF DELAY SPRAY,spray,Drug,22.12,20,5,2027-07-24,LOTE-2024-1595
5904570000000,Szampon basil element 500ml ,Shampoo,Supply,30.54,36,5,2026-09-22,LOTE-2024-1596
1188,D-V,gerawa,Drug,9.0,32,5,2026-07-09,LOTE-2024-1597
11186,"dibase 50,000 I.U/2.5 ml",Oral solution,Drug,9.86,28,5,2026-07-09,LOTE-2024-1598
0000sy1,setecoject Syring 5ml,Syring,Supply,3.28,13,5,2026-09-22,LOTE-2024-1599
8699640000000,Janumet 50/1000mg,Tablet,Drug,8.85,1,5,2026-09-22,LOTE-2024-1600
8681940000000,natural d3 5000iu,Tablet,Drug,13.62,35,5,2026-07-09,LOTE-2024-1601
375,FASTUM gel,Skin Gel,Drug,9.2,48,5,2027-01-20,LOTE-2024-1602
1352,navid ortho spi ml,يه خه ى مل,Drug,5.36,30,5,2026-08-18,LOTE-2024-1603
273,Arcoxia 60mg,Tablet,Drug,6.75,36,5,2027-01-20,LOTE-2024-1604
8023810000000,Brufen Paediatric Abbott,Syrup,Drug,21.54,25,5,2026-09-22,LOTE-2024-1605
998,GUPISONE 5mg,Tablet,Drug,10.48,16,5,2026-08-18,LOTE-2024-1606
3094910000000,Sensodyne anti-Tartre 75ml,Toothpaste,Supply,17.35,19,5,2026-09-22,LOTE-2024-1607
793366000000,royal quality loka milyaj  rounds 80 pads ,Pad,Supply,23.4,1,5,2026-08-18,LOTE-2024-1608
1373,navid bandge 10 cm,bandj,Supply,31.53,5,5,2027-01-20,LOTE-2024-1609
5944700000000,Cavit Junior Syrup 100ml,Syrup,Drug,3.21,22,5,2026-08-18,LOTE-2024-1610
1354,Setoul tahqim,tahqim,Drug,36.27,24,5,2027-01-20,LOTE-2024-1611
550,Good Gauze Swab 10*10,gauze,Supply,28.81,43,5,2026-08-18,LOTE-2024-1612
7317400000000,Tepe Supreme Soft,brush,Supply,5.06,45,5,2027-01-20,LOTE-2024-1613
2064,Matrivir for pregnant cap,Capsule,Drug,39.5,37,5,2027-07-24,LOTE-2024-1614
8716200000000,fixo therm mhrar,Syrup,Drug,41.56,36,5,2026-08-03,LOTE-2024-1615
3872680000000,esso 20 mg cap,Capsule,Drug,4.16,36,5,2026-09-22,LOTE-2024-1616
8681920000000,deniz hair spray minoxidil %2,spray,Drug,13.54,4,5,2026-08-03,LOTE-2024-1617
1383,Alcohol %70 solution  shin,SOLUTION,Supply,36.57,36,5,2027-01-20,LOTE-2024-1618
5206940000000,Hemafer,Chewable tablet,Drug,34.05,18,5,2026-08-18,LOTE-2024-1619
8436040000000,kids appetite booster 150ml sanovisto,Syrup,Drug,9.53,16,5,2027-01-20,LOTE-2024-1620
6262250000000,Vitamin C 1000mg,Tablet,Drug,10.61,41,5,2027-01-20,LOTE-2024-1621
1388,zinc plus 10mg,Tablet,Drug,17.62,18,5,2028-07-13,LOTE-2024-1622
8680760000000,Dextrocin %2 Pomade 15g,Cream,Drug,22.58,22,5,2027-01-20,LOTE-2024-1623
8021060000000,sun line ip-block whitenning 50ml spf50,Cream,Supply,28.39,2,5,2027-01-20,LOTE-2024-1624
934956374,Flavofort 1500,Tablet,Drug,17.55,21,5,2026-09-22,LOTE-2024-1625
7640130000000,Tilcotil  20 mg,Tablet,Drug,21.62,36,5,2028-07-13,LOTE-2024-1626
8888340000000,all natural 100% pure,Powder,Drug,34.01,44,5,2027-07-24,LOTE-2024-1627
84115539,PECTOL FRESH eucalyptus+C,lozenge,Drug,3.1,39,5,2026-08-18,LOTE-2024-1628
743534000000,zinc 50mg,Capsule,Drug,12.48,47,5,2027-07-24,LOTE-2024-1629
63935022653,Garfit 30tab,Capsule,Drug,32.53,39,5,2026-09-22,LOTE-2024-1630
4260610000000,vitaweser e 400iu,softgel,Drug,40.44,29,5,2027-07-24,LOTE-2024-1631
9342630000000,Imunor Colostrum With Lactoferrin,Capsule,Drug,23.76,26,5,2027-07-24,LOTE-2024-1632
5096090000000,zithrenza -500 mg tab,Tablet,Drug,24.65,21,5,2026-08-18,LOTE-2024-1633
3664800000000,Bronchicum Elixir S 100ml,Syrup,Drug,6.16,17,5,2027-07-24,LOTE-2024-1634
1389,izocort cream,Cream,Drug,20.96,16,5,2026-08-18,LOTE-2024-1635
6091400000000,Zyloric 100mg  100 tab,Tablet,Drug,24.67,31,5,2026-08-18,LOTE-2024-1636
3000030000000,kombiglyze XR 2.5/1000mg,Tablet,Drug,12.05,9,5,2026-08-18,LOTE-2024-1637
5017010000000,SudoCrem 125g,Cream,Drug,13.21,31,5,2027-07-24,LOTE-2024-1638
4260590000000,vitamin c orange flavour 20eff,effervecent tabalet,Drug,17.91,14,5,2026-08-18,LOTE-2024-1639
8904090000000,Supirocin 15g,Ointment,Drug,2.37,49,5,2026-07-09,LOTE-2024-1640
992019000000,chloramics 1% eye oint,Eye Oint,Drug,15.51,37,5,2027-07-24,LOTE-2024-1641
3830060000000,vitamin d3 5000iu sensilab,Capsule,Drug,10.7,2,5,2026-08-18,LOTE-2024-1642
21,KALINOR,effervecent tabalet,Drug,15.75,48,5,2026-08-03,LOTE-2024-1643
5060340000000,clear & simple,test  strip,Drug,6.71,46,5,2026-08-18,LOTE-2024-1644
1227192,Co-Diovan 80/12.5,Tablet,Drug,40.24,14,5,2026-09-22,LOTE-2024-1645
6118000000000,cetamyl 1000mg 10tabs,Tablet,Drug,27.32,33,5,2026-09-22,LOTE-2024-1646
8903700000000,metoclopramide injection p,Amp,Drug,31.04,35,5,2026-07-09,LOTE-2024-1647
1385,Acugesic inj 100mg/2ml,Amp,Drug,35.83,39,5,2028-07-13,LOTE-2024-1648
1021,Concor cor 2.5mg,Tablet,Drug,23.18,47,5,2027-07-24,LOTE-2024-1649
8681140000000,GHR 60 TAB (growth hormone releaser),Tablet,Drug,5.28,20,5,2026-09-22,LOTE-2024-1650
1398,megamox 625 mg  jpi,Tablet,Drug,24.86,2,5,2026-09-22,LOTE-2024-1651
8682550000000,raham-zinc 50 mg ,Tablet,Drug,27.03,41,5,2026-09-22,LOTE-2024-1652
1005,L-Thyroxin 50 Berlin-Chemie,Tablet,Drug,33.93,19,5,2027-01-20,LOTE-2024-1653
4005290000000,magnesium plus 30 tab hansal,Tablet,Drug,20.28,37,5,2026-08-03,LOTE-2024-1654
5201410000000,sePtona apple antibactrial,skin cream,Drug,7.05,18,5,2026-08-18,LOTE-2024-1655
63935014283,Relaxen Day Non Drowsy,Capsule,Drug,13.84,16,5,2028-07-13,LOTE-2024-1656
568,Hemoheal Plus,Rectal Cream,Drug,17.29,4,5,2026-08-18,LOTE-2024-1657
6931260000000,daskeshi naw xwri,daskesh,Supply,29.6,12,5,2026-09-22,LOTE-2024-1658
242,Hemafer,Syrup,Drug,26.33,29,5,2028-07-13,LOTE-2024-1659
6126680000000,Deluxe hand gel 600ml,khul,Drug,16.99,7,5,2027-01-20,LOTE-2024-1660
9351090000000,un traceable scar aesthetic cream 30ml,gel,Supply,44.41,14,5,2026-09-22,LOTE-2024-1661
84115713,PECTOL FRESH orenge flavour +vit c,lozenge,Drug,27.85,12,5,2027-01-20,LOTE-2024-1662
1007,SIOFOR 850,Tablet,Drug,11.82,35,5,2026-07-09,LOTE-2024-1663
1416,multivitamin yummi-yummi 150pisc,Chewing Gum,Supply,5.93,5,5,2027-07-24,LOTE-2024-1664
4200589013,Dostinex  0.5 mg italy  8 tab,Tablet,Drug,8.15,17,5,2026-09-22,LOTE-2024-1665
8058270000000,dailyfer 30 capsule,Capsule,Drug,12.2,42,5,2027-07-24,LOTE-2024-1666
7640160000000,Dentissimo Black 75ml,Toothpaste,Supply,8.49,32,5,2028-07-13,LOTE-2024-1667
368462000000,Adapalene and benzoyl peroxide gel ,gel,Drug,9.62,10,5,2028-07-13,LOTE-2024-1668
8712560000000,vaseline intensive care cocoa radiant lotion,Lotion,Supply,13.9,43,5,2028-07-13,LOTE-2024-1669
42182634,Vaseline orginal,Cream,Supply,9.04,17,5,2027-01-20,LOTE-2024-1670
1403,mycoyat vaginal cream,V. cream,Drug,40.51,5,5,2026-09-22,LOTE-2024-1671
1395,lulican cream 30gm,Cream,Drug,4.99,45,5,2026-09-22,LOTE-2024-1672
8699560000000,Gastrofam 40mg,Tablet,Drug,24.32,42,5,2027-01-20,LOTE-2024-1673
1396,noon vit c 500mg,Tablet,Drug,19.35,9,5,2028-07-13,LOTE-2024-1674
8013710000000,pro-zinc 50 ,Tablet,Drug,44.23,49,5,2026-08-18,LOTE-2024-1675
7610200000000,Trisa perfect white toothpaste 75ml,Toothpaste,Supply,6.37,33,5,2028-07-13,LOTE-2024-1676
751274000000,Ouick Iron 28mg,Capsule,Drug,18.81,36,5,2027-07-24,LOTE-2024-1677
8901570000000,ENO ORANGE FLAVOUR,Powder,Drug,43.67,36,5,2028-07-13,LOTE-2024-1678
635798000000,HAIR  VITAMINS Sugarbearhair,Capsule,Drug,39.15,18,5,2028-07-13,LOTE-2024-1679
6902540000000,skin roller system 540 needle,Role,Supply,37.04,9,5,2026-08-18,LOTE-2024-1680
6215170000000,Rinoraz,Syrup,Drug,12.72,29,5,2026-08-03,LOTE-2024-1681
141,CalciCare,Tablet,Drug,8.93,14,5,2026-08-03,LOTE-2024-1682
8680950000000,multi ball,sachet,Drug,30.59,25,5,2026-08-18,LOTE-2024-1683
5060200000000,mometasone furoate 0.1% w/w ointment,Ointment,Drug,41.93,15,5,2027-01-20,LOTE-2024-1684
552,mamma perfect,pregnancy test,Supply,25.72,6,5,2027-07-24,LOTE-2024-1685
1283,power max 30ml delay spray,spray,Supply,26.37,42,5,2028-07-13,LOTE-2024-1686
3401570000000,bioderma sebium gel gommant,gel,Supply,13.68,29,5,2027-01-20,LOTE-2024-1687
8906080000000,Pubergen HP 5000IU,Vial,Supply,34.97,15,5,2026-07-09,LOTE-2024-1688
6260130000000,betamethasone 0.1% skin ointment ,Ointment,Drug,9.64,29,5,2026-08-18,LOTE-2024-1689
1380,alerson cream 30 gm,Cream,Drug,15.58,4,5,2026-08-03,LOTE-2024-1690
6210770000000,Erythromycin,gel,Drug,20.01,18,5,2026-09-22,LOTE-2024-1691
1415,nantong jianan gauze,gauze,Supply,23.58,45,5,2027-01-20,LOTE-2024-1692
5014570000000,lidocaine injection 2% 50ml,Amp,Drug,12.04,44,5,2026-07-09,LOTE-2024-1693
5291170000000,dareq 5mg ,Tablet,Drug,6.5,39,5,2026-09-22,LOTE-2024-1694
63935018151,go joints  quick absorb 450 ml,Syrup,Drug,28.06,16,5,2026-08-18,LOTE-2024-1695
1428,evolve nitrile pawder free gloves,gloves,Supply,14.06,11,5,2027-01-20,LOTE-2024-1696
4058170000000,vitamin c effervecent tabalet,effervecent tabalet,Drug,26.78,14,5,2026-09-22,LOTE-2024-1697
63935016232,Calcium plus 600mg Vitamin D & vitamin K,Tablet,Drug,8.21,3,5,2026-09-22,LOTE-2024-1698
384,forever alluring eyes,Cream,Supply,22.43,42,5,2026-09-22,LOTE-2024-1699
1394,prednisolone tablets bp 20 mg medopharm,Tablet,Drug,24.67,38,5,2028-07-13,LOTE-2024-1700
6219600000000,conjoy delay condoms,condom,Supply,3.75,45,5,2026-08-18,LOTE-2024-1701
5900520000000,bella cotton care 70 pads orange flor extract d-panthenol,Pad,Supply,16.14,42,5,2027-01-20,LOTE-2024-1702
50064861,vaseline ROSY LIPS,Cream,Supply,7.35,18,5,2027-07-24,LOTE-2024-1703
5900530000000,perfect baby 3in1 300ml shampoo,Shampoo,Supply,4.26,20,5,2027-01-20,LOTE-2024-1704
6212040000000,indomethacin 100mg 10supp,Suppository,Drug,44.56,48,5,2028-07-13,LOTE-2024-1705
1128,Procto-synalar N 15g Cream,Cream,Supply,15.52,25,5,2026-09-22,LOTE-2024-1706
1430,urical 6 sachet acp,sachet,Drug,36.73,38,5,2026-09-22,LOTE-2024-1707
1419,sentry materna 30 tab 21 century,Tablet,Drug,12.58,13,5,2026-08-03,LOTE-2024-1708
5060520000000,principle chewable vitamin c 500mh 60tab,Chewable tablet,Drug,31.15,4,5,2027-01-20,LOTE-2024-1709
769915000000,the ordinary aha 30% + bha  2% peeling solution,SOLUTION,Supply,34.57,14,5,2026-08-18,LOTE-2024-1710
368463000000,Mupirocin cream usp 2%,Cream,Drug,27.41,33,5,2026-08-18,LOTE-2024-1711
8999780000000,NIVEA MEN black&white invisible orginale,Role,Supply,22.01,28,5,2027-01-20,LOTE-2024-1712
1441,anazol jpi 10tab ,Tablet,Drug,19.42,37,5,2027-01-20,LOTE-2024-1713
6215160000000,Dusparaz 135mg 20tab,Tablet,Drug,16.68,8,5,2026-08-03,LOTE-2024-1714
5099800000000,vaseline ORGINAL,lip balm,Supply,41.93,44,5,2027-01-20,LOTE-2024-1715
6251900000000,wales hand sanitizer caty,gel,Drug,37.63,34,5,2027-01-20,LOTE-2024-1716
11668,INDICARDIN 40,Tablet,Drug,43.48,44,5,2026-08-18,LOTE-2024-1717
120203000000000,colden - kindi syrup,Syrup,Drug,6.91,5,5,2026-09-22,LOTE-2024-1718
6958630000000,paraffin Gauze 10cm*10cm,gauze,Supply,33.29,5,5,2027-07-24,LOTE-2024-1719
1011,NEBILET,Tablet,Drug,42.32,31,5,2027-01-20,LOTE-2024-1720
9120010000000,EUCARBON tab,Tablet,Drug,9.38,45,5,2026-09-22,LOTE-2024-1721
5702160000000,Deanxit,Tablet,Drug,4.39,9,5,2026-09-22,LOTE-2024-1722
610644000000,Aphrofem,Capsule,Drug,33.74,42,5,2027-01-20,LOTE-2024-1723
1460,reusable dosing pipette 5ml ,Syring,Supply,26.49,32,5,2028-07-13,LOTE-2024-1724
8437020000000,Femexin 30,Tablet,Drug,38.12,33,5,2027-01-20,LOTE-2024-1725
3504110000000,mustela foam shampoo 150ml shampoo,foam,Supply,7.58,3,5,2026-08-03,LOTE-2024-1726
1456,glove vinyl examination gloves ,gloves,Supply,36.09,30,5,2026-09-22,LOTE-2024-1727
8964000000000,zitoget 500mg,Tablet,Drug,10.27,12,5,2028-07-13,LOTE-2024-1728
1464,cinnatropin  injection,Vial,Drug,8.62,29,5,2026-08-03,LOTE-2024-1729
944,Dextrose 5%  IV infusion 500ML,Bottle,Drug,8.65,3,5,2028-07-13,LOTE-2024-1730
1390,canulla pink,Canulla,Supply,36.93,26,5,2028-07-13,LOTE-2024-1731
6285110000000,paracetol 10mg /100ml-psi bottel,Bottle,Drug,30.44,30,5,2026-08-03,LOTE-2024-1732
844969000000,forever aloe lips with jojoba 4.25gm,lip balm,Supply,24.25,9,5,2028-07-13,LOTE-2024-1733
1465,darzi vitamin c,SOLUTION,Drug,17.11,26,5,2026-09-22,LOTE-2024-1734
850497000000,hairfinity healthy hair vitamins 60cap,Capsule,Drug,39.66,2,5,2027-07-24,LOTE-2024-1735
8003350000000,cotonet 200 pesc,cotton,Supply,18.57,3,5,2026-09-22,LOTE-2024-1736
990205000000,misomics 6tab,Tablet,Drug,37.02,46,5,2026-09-22,LOTE-2024-1737
1378,foyomed irrigation syringe with catheter tip 60ml,srinj,Supply,20.6,4,5,2027-01-20,LOTE-2024-1738
193,Depo-Medrol 40mg,Vial,Drug,17.9,25,5,2027-07-24,LOTE-2024-1739
6263060000000,vivi oil walnut oil 60ml,Drop,Supply,21.63,13,5,2026-07-09,LOTE-2024-1740
206,GalvusMet 50/1000mg original,Tablet,Drug,14.61,39,5,2027-01-20,LOTE-2024-1741
8425200000000,zinc 50mg 100caps,Capsule,Drug,34.02,44,5,2026-08-18,LOTE-2024-1742
646817000000,Pectiv diarios 30pads,Daybe,Drug,23.37,35,5,2026-09-22,LOTE-2024-1743
2303,prime fifty healthy joints 30 tab,Tablet,Drug,11.6,23,5,2026-09-22,LOTE-2024-1744
8720050000000,tinnon kns 30 cap,Tablet,Drug,40.63,9,5,2026-09-22,LOTE-2024-1745
3700280000000,topicrem ac active caregel-cream,gel,Supply,18.2,2,5,2026-09-22,LOTE-2024-1746
992018000000,Cyproheptadine 4mg 20tab,Tablet,Drug,25.14,41,5,2026-08-03,LOTE-2024-1747
1414,pro ibs sachet 3gm,sachet,Drug,40.93,44,5,2026-08-03,LOTE-2024-1748
32,Diovan 80mg,Tablet,Drug,28.65,31,5,2026-07-09,LOTE-2024-1749
4810200000000,Famotidin 40mg,Tablet,Drug,6.59,44,5,2026-09-22,LOTE-2024-1750
1099,bandg 15cm irani,bandj,Supply,42.38,47,5,2028-07-13,LOTE-2024-1751
74312449000,Lutein 20mg 30cap,Capsule,Drug,28.81,2,5,2026-08-03,LOTE-2024-1752
6928540000000,Fresh breath pepper -mint,strip,Supply,16.07,32,5,2028-07-13,LOTE-2024-1753
1468,disposable spinal needle,Needle,Supply,7.56,18,5,2027-07-24,LOTE-2024-1754
1139,paidofebril 100mg/200ml,Syrup,Supply,36.04,13,5,2027-01-20,LOTE-2024-1755
4015630000000,Accu-Chek 50test Strips,test strip,Supply,28.47,46,5,2027-01-20,LOTE-2024-1756
35301300000000,kindistatin oral suspension,Drop,Drug,24.71,5,5,2027-07-24,LOTE-2024-1757
771313000000,Apo-Amitriptyline 25mg,Tablet,Drug,40.38,42,5,2026-08-03,LOTE-2024-1758
34,Libraxam   SDI,Tablet,Drug,35.8,44,5,2027-01-20,LOTE-2024-1759
77015710569,purity 120ml kills sanitizer hand spray,spray,Drug,8.1,10,5,2027-01-20,LOTE-2024-1760
6251060000000,Erythromycin 2% gel al- gadeed,gel,Drug,15.06,43,5,2027-01-20,LOTE-2024-1761
5060540000000,tada Q 5mg 28tab,Tablet,Drug,12.31,25,5,2027-07-24,LOTE-2024-1762
1440,metronix 500mg 20tab,Tablet,Drug,33.86,34,5,2026-08-03,LOTE-2024-1763
8017330000000,blanx black 100% natrual charcoal toothpaste,Toothpaste,Supply,2.96,37,5,2027-01-20,LOTE-2024-1764
5099190000000,AQUEOUS Cream BP  100g,Cream,Supply,26.29,30,5,2027-01-20,LOTE-2024-1765
WYCF5W,fructo ve gricar 14 sticks,sachet,Drug,34.67,7,5,2026-09-22,LOTE-2024-1766
6217240000000,KANAGESIC,Tablet,Drug,39.64,6,5,2026-09-22,LOTE-2024-1767
0000i10,Nystacort cream,Cream,Drug,16.38,3,5,2027-01-20,LOTE-2024-1768
1462,rinicol 6 sachet,sachet,Drug,37.22,13,5,2028-07-13,LOTE-2024-1769
1420,navid elbow support elastic code 119,support,Supply,6.31,3,5,2026-09-22,LOTE-2024-1770
1445,curemed disposable infusion set ,infusion,Supply,38.32,26,5,2027-07-24,LOTE-2024-1771
A1077223H,Atarax 25mg,Tablet,Drug,7.05,24,5,2026-09-22,LOTE-2024-1772
6214430000000,Ciprocort,Ear Drop,Drug,18.78,6,5,2026-08-03,LOTE-2024-1773
1418,mycosan cream ,Cream,Drug,36.18,43,5,2026-08-03,LOTE-2024-1774
1476,fucibet cream,Cream,Drug,8.02,49,5,2026-08-03,LOTE-2024-1775
8413550000000,Actual CONDOM aleo vera,condom,Supply,11.47,42,5,2026-09-22,LOTE-2024-1776
8906110000000,prome-m cream ,Cream,Drug,32.92,12,5,2026-09-22,LOTE-2024-1777
6933290000000,organic matcha 100% pure organic,tea,Supply,32.82,49,5,2027-07-24,LOTE-2024-1778
30,Vermox 100mg,Tablet,Drug,29.39,36,5,2027-07-24,LOTE-2024-1779
0000i2,Betnosam SDI (Refused Barcode),Ointment,Drug,31.69,2,5,2026-08-03,LOTE-2024-1780
1282,Samilin 100ml,Syrup,Supply,25.11,11,5,2026-08-18,LOTE-2024-1781
5000310000000,Veet hair removal,Cream,Supply,12.45,39,5,2026-08-18,LOTE-2024-1782
8699810000000,Euthyrox  75mcg/turky,Tablet,Drug,16.54,34,5,2027-01-20,LOTE-2024-1783
276,Vermox suspention,Syrup,Drug,9.4,26,5,2026-08-03,LOTE-2024-1784
7611270000000,myofol 28 sachets ,sachet,Drug,41.02,18,5,2026-08-03,LOTE-2024-1785
8050540000000,APIZAN KID  150ml,Syrup,Drug,26.88,21,5,2028-07-13,LOTE-2024-1786
1457,cervical vertebra tractor (brown),MASK,Supply,18.94,36,5,2027-07-24,LOTE-2024-1787
8428260000000,reutenox 20mg,Tablet,Drug,21.6,40,5,2026-08-18,LOTE-2024-1788
4260110000000,Levocetirizine TAD 5mg,Tablet,Drug,42.71,46,5,2026-09-22,LOTE-2024-1789
5010230000000,Durex Extra Safe,condom,Drug,8.17,44,5,2026-09-22,LOTE-2024-1790
3600540000000,garnier simply essentials face & eye make-up remover,makeup remover,Supply,27.0,22,5,2027-07-24,LOTE-2024-1791
1497,Paracetamol 500mg troge,Tablet,Drug,23.51,30,5,2027-01-20,LOTE-2024-1792
5027040000000,Genuine Male Sperm Active,Capsule,Drug,28.1,43,5,2026-08-03,LOTE-2024-1793
305210000000,vaseline lip therapy rosy lips ,lip balm,Drug,2.29,30,5,2027-07-24,LOTE-2024-1794
5997370000000,benfoplex tablet 30 tab,Tablet,Supply,39.44,8,5,2026-09-22,LOTE-2024-1795
8699410000000,mATCHA pREMIUM JAPANESE,Powder,Drug,42.05,34,5,2026-08-18,LOTE-2024-1796
VVFUQN,ferro c 30 cap,Capsule,Drug,26.08,47,5,2026-09-22,LOTE-2024-1797
641,X-cough 100ml,Syrup,Drug,31.8,9,5,2026-09-22,LOTE-2024-1798
VVPFDT,golaprop,Oral Spray,Drug,41.63,20,5,2026-09-22,LOTE-2024-1799
5903420000000,la luxe paris spf 30 suncare sunblock,Cream,Supply,32.26,40,5,2026-08-18,LOTE-2024-1800
8857100000000,Fitting Insertion  (Jaguar Power),V. tab,Drug,8.14,23,5,2026-09-22,LOTE-2024-1801
1048,Exforge HCT 10/160/12.5,Tablet,Drug,26.57,19,5,2026-07-09,LOTE-2024-1802
-11072480,Priorin 200ml,Shampoo,Supply,27.89,5,5,2027-07-24,LOTE-2024-1803
8902410000000,maxigesic 32 tab,Tablet,Drug,19.95,11,5,2026-08-18,LOTE-2024-1804
8680190000000,Red Rings starwabery 100ml,gel,Drug,33.54,15,5,2026-07-09,LOTE-2024-1805
1406,lorinex 5mg,Tablet,Drug,42.14,8,5,2027-01-20,LOTE-2024-1806
6950240000000,Baby bit music,MAMA,Supply,41.76,21,5,2027-07-24,LOTE-2024-1807
1408,Easymed disposable 10ml,Syring,Supply,21.11,23,5,2027-07-24,LOTE-2024-1808
8699680000000,alrinast syrup ,Syrup,Drug,6.43,27,5,2026-09-22,LOTE-2024-1809
3323040000000,ecrinal anp2+ lotion for women,Lotion,Supply,44.34,40,5,2026-08-18,LOTE-2024-1810
5902170000000,bielenda make p remover mixed &oily skin make up remover carbo detox ,makeup remover,Supply,37.99,32,5,2027-07-24,LOTE-2024-1811
8812100,Panadol Sinus,Tablet,Drug,6.92,26,5,2027-01-20,LOTE-2024-1812
604777000000,viva pill women 120cap,Capsule,Drug,41.56,27,5,2026-08-18,LOTE-2024-1813
6211250000000,Hayanil,Tablet,Drug,39.34,19,5,2028-07-13,LOTE-2024-1814
8697950000000,sterile water proof plaster 10*20 cm,plaster pac,Supply,24.07,42,5,2026-08-03,LOTE-2024-1815
6214100000000,lido plus,spray,Supply,27.22,29,5,2028-07-13,LOTE-2024-1816
5413900000000,Tears Natural,Eye Drop,Drug,18.86,39,5,2028-07-13,LOTE-2024-1817
8018800000000,arnica 30% gicar 75ml,Cream,Supply,3.88,41,5,2027-01-20,LOTE-2024-1818
5201090000000,Johnson baby shampoo 200ml,Shampoo,Supply,16.08,28,5,2028-07-13,LOTE-2024-1819
1384,neuritis injection for im,Amp,Drug,36.42,19,5,2027-07-24,LOTE-2024-1820
9556020000000,panadol 500mg gsk 36tab,Tablet,Drug,1.7,37,5,2026-08-18,LOTE-2024-1821
6956140000000,Detol soap,Soap,Drug,16.01,19,5,2026-09-22,LOTE-2024-1822
1463,ephedryl tab cold  20 tab,Tablet,Drug,18.82,33,5,2026-08-03,LOTE-2024-1823
8714100000000,vaseline ORGINAL aleo ,Cream,Supply,24.88,47,5,2026-09-22,LOTE-2024-1824
745760000000,ciproway 500mg,Tablet,Drug,41.51,16,5,2027-07-24,LOTE-2024-1825
8690960000000,vitamin d3 medz 5000iu 60 soft galatine capsule,softgel,Drug,16.57,23,5,2026-09-22,LOTE-2024-1826
6260200000000,allwaiys santy 8pcs,santi,Supply,16.59,7,5,2026-09-22,LOTE-2024-1827
63935013897,ENERGEX TO GO 5 ampouls,Amp,Drug,33.58,26,5,2027-01-20,LOTE-2024-1828
8003370000000,moreiron 60tab,Tablet,Drug,21.17,32,5,2028-07-13,LOTE-2024-1829
63935016003,Feminex calcium 500,Tablet,Drug,11.27,12,5,2026-07-09,LOTE-2024-1830
6928000000000,WOKALI White BLACK MASK  130ml,MASK,Supply,21.18,8,5,2026-09-22,LOTE-2024-1831
5690530000000,Neotigason 25mg,Capsule,Drug,7.63,5,5,2026-08-18,LOTE-2024-1832
1477,xelon 15mg/5ml syrup,Syrup,Drug,9.17,42,5,2027-01-20,LOTE-2024-1833
8718110000000,VASELINE COCOA BUTTER,lip balm,Supply,23.18,28,5,2026-08-03,LOTE-2024-1834
1163,"Plmoo-cemo-,di",Syrup,Supply,19.72,5,5,2027-01-20,LOTE-2024-1835
6221150000000,farcolin 20ml respirator solution,SOLUTION,Drug,41.3,49,5,2026-08-18,LOTE-2024-1836
3700820000000,naviblef Daily Care 50ml,mouth wash,Supply,17.26,26,5,2026-08-18,LOTE-2024-1837
8436590000000,Amaranta 0.078mg 28 tab,Tablet,Drug,26.76,5,5,2028-07-13,LOTE-2024-1838
0000n6,Estrofem  2 mg,Tablet,Drug,29.0,22,5,2026-07-09,LOTE-2024-1839
314,AERIUS 0.5mg 150ml Schering-Plough,Syrup,Drug,2.07,15,5,2026-09-22,LOTE-2024-1840
610645000000,LIPTOMAMA MILK,milk,Supply,30.36,13,5,2026-07-09,LOTE-2024-1841
9556490000000,aslene 30cap,Capsule,Drug,9.24,28,5,2026-09-22,LOTE-2024-1842
5032850000000,tranexamic acid -cox 500mg,Tablet,Drug,43.31,33,5,2027-01-20,LOTE-2024-1843
4008670000000,alpecin  tunging shampoo,Shampoo,Supply,7.97,43,5,2026-09-22,LOTE-2024-1844
4000200000000,GLYSOLID for the skin,Cream,Supply,19.54,23,5,2026-08-03,LOTE-2024-1845
8053260000000,diabex 30 tab,Tablet,Drug,5.21,33,5,2026-09-22,LOTE-2024-1846
8410500000000,kemphor fresh 75ml mouthwash,mouth wash,Supply,44.86,43,5,2027-01-20,LOTE-2024-1847
1532,dioclav 1g npi 10tab,Tablet,Drug,23.35,18,5,2027-07-24,LOTE-2024-1848
8017990000000,touch me ! please corn-cure plasters pansements coricide,strip,Supply,27.4,30,5,2027-01-20,LOTE-2024-1849
5901760000000,eveline wazelina lip balm ,lip balm,Supply,4.42,26,5,2027-01-20,LOTE-2024-1850
6260390000000,Bebelac 3,milk,Supply,34.12,16,5,2026-08-18,LOTE-2024-1851
99,Lyrica 75 mg pfizer,Capsule,Drug,10.63,13,5,2026-08-18,LOTE-2024-1852
6215130000000,flagyraz fort 20 tab,Tablet,Drug,40.57,39,5,2026-08-18,LOTE-2024-1853
6920190000000,good high elastic bandage 10 cm *4.5 yards,bandj,Drug,10.42,33,5,2026-08-18,LOTE-2024-1854
1549,Lidocaine hcl 2%  50ml 1 vial ,Vial,Drug,9.79,26,5,2026-08-18,LOTE-2024-1855
8699520000000,Ventolin Turkey,oral inhaler,Drug,3.09,48,5,2027-01-20,LOTE-2024-1856
327,Forever Bright Aloe,Toothpaste,Supply,22.03,1,5,2027-01-20,LOTE-2024-1857
6262450000000,bonex largo and hardex condom ,condom,Supply,26.07,49,5,2028-07-13,LOTE-2024-1858
8699240000000,solofine insulin pen needles 6,Needle,Drug,4.36,38,5,2026-08-18,LOTE-2024-1859
4005900000000,labello strawberry shine lip,lip balm,Drug,35.24,2,5,2027-01-20,LOTE-2024-1860
1508,hycort 100mg innjection ,Vial,Drug,21.22,49,5,2027-07-24,LOTE-2024-1861
5000350000000,Panadol Advance 16,Tablet,Drug,24.31,6,5,2027-01-20,LOTE-2024-1862
8056150000000,vigafen 80 mg adults  30 sachet,sachet,Drug,20.67,46,5,2026-08-18,LOTE-2024-1863
5060370000000,multivitamin 60 tab oxford ,Tablet,Drug,18.93,38,5,2026-08-18,LOTE-2024-1864
3323030000000,Ecrinal Fortifying Shampoo for WOMEN,Shampoo,Drug,25.84,42,5,2026-07-09,LOTE-2024-1865
3014260000000,Oral-B  3d white,brush,Supply,8.25,24,5,2026-09-22,LOTE-2024-1866
9337210000000,Conceive plus+lubricant,V. gel,Drug,9.41,18,5,2027-07-24,LOTE-2024-1867
1447,cabenex 0.5 mg ,Tablet,Drug,38.99,27,5,2026-07-09,LOTE-2024-1868
11536,foyomed urine bag 2000ml,kis,Drug,42.66,41,5,2026-08-18,LOTE-2024-1869
5209640000000,finestup 5mg 28 tab kleva,Tablet,Drug,17.74,8,5,2027-07-24,LOTE-2024-1870
74312075803,Hair Skin Nails 3000mcg biotin,Tablet,Drug,13.28,28,5,2027-07-24,LOTE-2024-1871
4002860000000,baby lin oil wipes,cleaner,Supply,29.51,10,5,2026-09-22,LOTE-2024-1872
5023650000000,respberry ketones advance+ 400mg,Capsule,Drug,19.28,17,5,2027-01-20,LOTE-2024-1873
11743,FURAFLU,Tablet,Drug,2.6,29,5,2026-09-22,LOTE-2024-1874
646,GUPISONE 20,Tablet,Drug,8.29,6,5,2026-08-18,LOTE-2024-1875
1531,betnosam n ointment 15 gm,Ointment,Drug,32.64,14,5,2026-09-22,LOTE-2024-1876
5060390000000,betamethasone valerate 0.1% ointment,Ointment,Drug,30.16,22,5,2027-01-20,LOTE-2024-1877
6260540000000,CLONAZEPAM-SOBHAN 1mg,Tablet,Drug,2.68,6,5,2028-07-13,LOTE-2024-1878
1017,Alfacort ointment,Ointment,Drug,11.16,26,5,2026-08-03,LOTE-2024-1879
642791000000,Scar Esthetique 10g,Cream,Supply,11.55,39,5,2027-01-20,LOTE-2024-1880
7613200000000,Primalac AC,milk,Supply,30.73,12,5,2026-09-22,LOTE-2024-1881
1515,lofnac 50  30 sachet,sachet,Drug,2.36,35,5,2027-01-20,LOTE-2024-1882
1516,trisequens flim kapli tablet,Tablet,Drug,6.03,14,5,2026-07-09,LOTE-2024-1883
150300000000000,ferfole-kindi 30cap al kindi,Capsule,Drug,36.3,22,5,2026-09-22,LOTE-2024-1884
1145,cystone 100ml,Syrup,Supply,9.27,23,5,2027-07-24,LOTE-2024-1885
-2129376,Pantoprazol ARYSTO 20mg,Tablet,Drug,29.89,48,5,2027-01-20,LOTE-2024-1886
1475,zithrokan 500mg,Tablet,Drug,11.86,7,5,2026-09-22,LOTE-2024-1887
6192010000000,votril diclofenac sodium 75 mg /3ml im,Amp,Drug,5.83,40,5,2026-08-18,LOTE-2024-1888
212,Aerius 5mg Schering-Plough,Tablet,Drug,12.08,25,5,2026-08-18,LOTE-2024-1889
1141,priligy 30mg,Tablet,Supply,32.92,13,5,2026-09-22,LOTE-2024-1890
1479,cytotec 200mcg 28tab,Tablet,Drug,38.72,21,5,2027-07-24,LOTE-2024-1891
8055750000000,p.costil 30sachet,sachet,Drug,37.61,41,5,2028-07-13,LOTE-2024-1892
64,Mirena Original,IUD,Drug,18.78,10,5,2026-09-22,LOTE-2024-1893
11480,NAVID ELASTIC BANDAGE  10CM,bandj,Supply,30.56,9,5,2026-09-22,LOTE-2024-1894
4033080000000,ilon wound care ointment 22%,gel,Drug,10.42,15,5,2027-07-24,LOTE-2024-1895
4906020000000,one step hcg pregnacy test  easy a home,test  strip,Supply,14.25,2,5,2026-09-22,LOTE-2024-1896
1536,pregna health orignal healthbiotic,Tablet,Drug,40.49,25,5,2027-01-20,LOTE-2024-1897
417220,DIFLUCAN 150mg,Capsule,Drug,2.07,13,5,2026-08-18,LOTE-2024-1898
1557,eliquis 5mg 60tab,Tablet,Drug,5.22,34,5,2027-07-24,LOTE-2024-1899
300060000000,Januvia 100mg,Tablet,Drug,10.54,34,5,2027-01-20,LOTE-2024-1900
11164,edolfene 5ml  0.03%,Eye Drop,Drug,2.65,35,5,2027-07-24,LOTE-2024-1901
1518,d3plan 5000 iu,softgel,Drug,9.39,38,5,2027-07-24,LOTE-2024-1902
977,FertilAid for men 90cap,Capsule,Drug,26.86,3,5,2026-08-18,LOTE-2024-1903
11645,ELASTIC CREPE BANDAGE 1 roll 7.5cm*4.5m bandj,bandj,Supply,19.83,42,5,2027-07-24,LOTE-2024-1904
1495,jihaz atta be code disposable infusion set,infusion,Supply,40.33,6,5,2027-07-24,LOTE-2024-1905
8699660000000,one step cron  remover strips,strip,Supply,37.06,48,5,2026-09-22,LOTE-2024-1906
1409,nhc nail polish remover 120 ml ,Syrup,Supply,16.37,49,5,2026-08-18,LOTE-2024-1907
8809480000000,Green Tea mask,MASK,Drug,12.78,19,5,2026-07-09,LOTE-2024-1908
3401080000000,isis uveblock 50 Day Secure,Cream,Supply,18.02,3,5,2026-09-22,LOTE-2024-1909
8902270000000,MOBENAC-P,Tablet,Drug,27.18,18,5,2026-09-22,LOTE-2024-1910
1554,zaldiar 20 tab stada,Tablet,Drug,13.16,39,5,2027-01-20,LOTE-2024-1911
VRWF1G,Sperm fast   7.5mg,Powder,Drug,28.65,9,5,2026-08-18,LOTE-2024-1912
5213010000000,Dermasid 15g   cream Kleva;,Cream,Drug,19.31,12,5,2028-07-13,LOTE-2024-1913
8470010000000,silvederma cream,Cream,Drug,25.51,5,5,2026-08-18,LOTE-2024-1914
1401,xylocane 5% el,gel,Drug,20.47,3,5,2026-08-18,LOTE-2024-1915
9421910000000,Confy Lac milk,milk,Drug,14.31,11,5,2026-09-22,LOTE-2024-1916
93544382,white glo breath spray 20ml,spray,Supply,42.76,30,5,2026-09-22,LOTE-2024-1917
7350060000000,absolut torr,Lotion,Supply,34.72,4,5,2026-08-18,LOTE-2024-1918
9002240000000,Fitty dent Comprimes ,Tablet,Drug,7.59,5,5,2026-08-18,LOTE-2024-1919
87342789,vaseline lip miror therapy ,lip balm,Drug,39.28,1,5,2026-08-18,LOTE-2024-1920
5060260000000,babystart women fertilcare 30 tab ,Tablet,Drug,22.7,27,5,2027-07-24,LOTE-2024-1921
1562,ferra  guantes para todo uso,daskesh,Drug,40.41,28,5,2027-07-24,LOTE-2024-1922
-3343137,Amitriptyline neuraxpharm10mg  50tab,Tablet,Drug,36.29,29,5,2026-09-22,LOTE-2024-1923
6210570000000,punto lenses solution 60 ml.,eye fome,Supply,20.0,18,5,2027-07-24,LOTE-2024-1924
1492,jumper pulse oximeter,finger splint,Supply,2.48,12,5,2027-07-24,LOTE-2024-1925
8680010000000,Exagyn,V. tab,Drug,13.19,13,5,2026-08-03,LOTE-2024-1926
315,Lioresal 10mg novartis,Tablet,Drug,25.06,41,5,2028-07-13,LOTE-2024-1927
677683000000,pms-pregabalin 75mg,Capsule,Drug,29.06,2,5,2027-07-24,LOTE-2024-1928
63935015648,E 400 I.U,Capsule,Drug,12.72,37,5,2026-08-18,LOTE-2024-1929
-2129465,Pantoprazol ARYSTO  40mg,Tablet,Drug,7.56,45,5,2026-08-18,LOTE-2024-1930
0000n17,Visanne 2 mg Bayer,Tablet,Drug,37.82,16,5,2026-08-03,LOTE-2024-1931
4251580000000,dutasteride/tamsulosin hydrochloride 0.5mg/0.4mg hard capsules,Capsule,Drug,44.32,48,5,2026-08-03,LOTE-2024-1932
6253020000000,ova care 60cap,Capsule,Drug,24.37,24,5,2027-07-24,LOTE-2024-1933
308703000000000,histofen syrup 00ml ,Syrup,Drug,8.97,35,5,2026-09-22,LOTE-2024-1934
6953190000000,fresh up mint ,mint,Supply,13.35,22,5,2027-07-24,LOTE-2024-1935
1474,medisol  100ml,SOLUTION,Drug,2.3,36,5,2027-07-24,LOTE-2024-1936
745110000000,MEROWAY 1000mg iv Vial pack facta farmaceutici;,Vial,Drug,41.27,11,5,2027-01-20,LOTE-2024-1937
8021410000000,gli elementi gel schiumogeno illuminante 200ml,foaming jel,Supply,6.62,46,5,2027-01-20,LOTE-2024-1938
1392,mama perfect lh ovulation test,test  strip,Drug,26.58,29,5,2026-07-09,LOTE-2024-1939
1509,gentamycin 0.3% eye ointment 4gm,Eye Oint,Drug,13.42,35,5,2026-09-22,LOTE-2024-1940
745,Metronidazole 500mg ,Tablet,Drug,25.61,48,5,2027-01-20,LOTE-2024-1941
1585,xeractan 20mg 30 soft gelatin,softgel,Drug,29.84,15,5,2026-07-09,LOTE-2024-1942
8682120000000,minoxidil spary 5% turkey,spray,Drug,37.59,31,5,2026-07-09,LOTE-2024-1943
8682330000000,vitamin d3 5000iu 30 softgel ,softgel,Drug,10.48,42,5,2028-07-13,LOTE-2024-1944
1411,dermoyat ointment for exertnal use,Ointment,Drug,1.98,41,5,2027-01-20,LOTE-2024-1945
6210230000000,T.T.O DIYA FOR Ance,Soap,Supply,7.45,43,5,2026-08-18,LOTE-2024-1946
5902020000000,lilycystine 60 cap,Capsule,Drug,40.65,16,5,2027-01-20,LOTE-2024-1947
717490000000,milani conceeal+perfect 2in1 foundation,foundation ,Supply,39.51,10,5,2027-07-24,LOTE-2024-1948
84115942,PECTOL FRESH cherry flavour +vit c lozenge SPAIN;,lozenge,Supply,27.49,49,5,2026-09-22,LOTE-2024-1949
1502,pregna health before conception,Tablet,Drug,27.62,32,5,2026-07-09,LOTE-2024-1950
7908120000000,inoar go vegan coconut shampoo 300ml,Shampoo,Supply,30.43,2,5,2028-07-13,LOTE-2024-1951
6253000000000,savoxia 90mg 14tab,Tablet,Drug,9.13,24,5,2026-09-22,LOTE-2024-1952
8699490000000,DENIZ intimate whitening gel,gel,Drug,41.28,23,5,2026-08-03,LOTE-2024-1953
5028200000000,the body shop slather & nourish body butter star set,Cream Pack,Supply,19.72,2,5,2026-09-22,LOTE-2024-1954
1051,Exforge 5/160,Tablet,Drug,18.17,38,5,2027-07-24,LOTE-2024-1955
9350650000000,Multi Lomeva 60cap,Tablet,Drug,24.07,31,5,2026-08-18,LOTE-2024-1956
3378870000000,sephora the clarifying kit,set,Supply,3.54,40,5,2026-08-18,LOTE-2024-1957
8904010000000,hucog -5000 gp,Amp,Drug,8.73,26,5,2026-08-18,LOTE-2024-1958
30162457,LRP ANTHELIS XL spf 50 Shaka FTinted Fluid 50ml,fluide,Supply,33.6,29,5,2028-07-13,LOTE-2024-1959
4135530000000,conceptyl 5000iu ,Amp,Drug,5.1,3,5,2026-08-18,LOTE-2024-1960
8699610000000,omereful 40mg  iv ,Vial,Drug,27.74,14,5,2027-01-20,LOTE-2024-1961
94922087751,Growth / Crescita capsule junior ,Capsule,Drug,12.17,25,5,2028-07-13,LOTE-2024-1962
1540,physiomanna 120 gm laxdepur,Syrup,Drug,18.43,48,5,2026-08-03,LOTE-2024-1963
12341235126,Foli Heal Plus For Women cap,Capsule,Drug,14.06,1,5,2028-07-13,LOTE-2024-1964
1592,proxen 500mg 20tab,Tablet,Drug,16.97,3,5,2028-07-13,LOTE-2024-1965
6905120000000,gauze swab 10cm*10cm ,gauze,Supply,32.78,26,5,2028-07-13,LOTE-2024-1966
1596,chloprim eye oint,Eye ointment,Drug,14.42,18,5,2026-08-18,LOTE-2024-1967
263,Optidex-T,Eye Drop,Drug,26.14,9,5,2027-01-20,LOTE-2024-1968
4204000000000,ColiEZ,Oral drop,Drug,22.21,38,5,2027-07-24,LOTE-2024-1969
6221070000000,ringer`s injection ,SOLUTION,Drug,30.37,23,5,2028-07-13,LOTE-2024-1970
6260620000000,umbrella soft+clear magnisium deodorant non- irritant 75ml,Role,Supply,42.25,21,5,2026-08-18,LOTE-2024-1971
4820150000000,emex-pharmex 4000iu/0.4ml,Syring,Drug,33.37,1,5,2027-07-24,LOTE-2024-1972
1556,dexoyat syrup 100ml ,Syrup,Drug,10.85,21,5,2026-09-22,LOTE-2024-1973
1448,Anivagene lotion hair toinc woman,Lotion,Supply,2.86,27,5,2026-08-18,LOTE-2024-1974
1506,bollyood for slimming 60 softgel,softgel,Supply,12.91,42,5,2026-09-22,LOTE-2024-1975
3701130000000,BIODERMA photoderm spot-age 50spf 40ml,Cream,Supply,27.39,6,5,2027-07-24,LOTE-2024-1976
1558,elsada ethanol alcohol spray 100ml,spray,Drug,3.74,44,5,2026-09-22,LOTE-2024-1977
1599,hayaphenicol 1% eye ointment,Eye Oint,Drug,23.09,36,5,2027-01-20,LOTE-2024-1978
1511,navid varicose stocking  code 147 ,support,Drug,27.46,28,5,2028-07-13,LOTE-2024-1979
11233,NAVID ORTHO,bandj,Supply,16.04,45,5,2026-09-22,LOTE-2024-1980
5028760000000,regular FRESH Widsom medium,brush,Supply,35.03,17,5,2027-01-20,LOTE-2024-1981
202,Rehair For Men,Tablet,Drug,6.14,40,5,2026-09-22,LOTE-2024-1982
https://www,gesta 1 one 30tab,Tablet,Drug,4.77,3,5,2026-09-22,LOTE-2024-1983
8057020000000,ANECOL FLFLAT TUMMY,Tablet,Drug,33.18,12,5,2027-01-20,LOTE-2024-1984
6221080000000,clindasol topical gel 1%,gel,Drug,23.05,39,5,2028-07-13,LOTE-2024-1985
9645530000000,MAGNALIFE  water 0.5l blueside,Lotion,Drug,31.45,12,5,2027-01-20,LOTE-2024-1986
1359,losar-denk 100mg 28tab,Tablet,Drug,20.41,2,5,2027-07-24,LOTE-2024-1987
1597,vermomark 6 tab,Tablet,Drug,12.22,46,5,2026-08-03,LOTE-2024-1988
1197,METHADIN 10ml,Drop,Drug,37.13,22,5,2026-08-18,LOTE-2024-1989
9400510000000,junior ghr easy to swallow 60 tab,Tablet,Drug,36.27,23,5,2027-01-20,LOTE-2024-1990
5501900000000,Calcium/Vit D 600mg/400IU,Capsule,Drug,31.72,30,5,2026-07-09,LOTE-2024-1991
5391190000000,COVERAM 10mg/10mg,Tablet,Drug,13.34,5,5,2026-08-18,LOTE-2024-1992
1114,Kalinor 1.56g potassium tab,Tablet,Drug,27.18,9,5,2027-01-20,LOTE-2024-1993
5201060000000,funbinar 250mg 28tab,Tablet,Drug,17.2,21,5,2026-07-09,LOTE-2024-1994
6211770000000,orlistat 120mg ibn al haytham 20 capsules ,Capsule,Drug,5.48,11,5,2026-08-18,LOTE-2024-1995
A939003829,F.D FORTE,Drop,Drug,41.4,5,5,2027-01-20,LOTE-2024-1996
5011030000000,sudocrem 250g,Cream,Supply,7.45,35,5,2027-01-20,LOTE-2024-1997
8710100000000,avent philips natural 125ml,Bottle,Supply,42.84,27,5,2028-07-13,LOTE-2024-1998
7898580000000,inoar cicatriflos plasrica capilaer conditioner 250ml,conditioner,Supply,20.9,49,5,2027-01-20,LOTE-2024-1999
8697690000000,good iodine 10% 100ml spray,spray,Drug,9.55,2,5,2026-09-22,LOTE-2024-2000
0000i11,Mycodin oint,Ointment,Drug,25.07,24,5,2028-07-13,LOTE-2024-2001
6211750000000,fexofenadine 180 mg ibn al haytham ,Tablet,Drug,39.47,31,5,2027-07-24,LOTE-2024-2002
7630030000000,lippen balsam repair ,lip balm,Supply,33.35,33,5,2026-08-18,LOTE-2024-2003
11402,Azelamark-F,Nasal Spray,Drug,36.59,39,5,2026-08-03,LOTE-2024-2004
697886000000,Aveat natural 2pcs 330ml,Bottle,Supply,30.16,30,5,2027-01-20,LOTE-2024-2005
8033660000000,hyalo skin 25gm  ,Cream,Drug,31.61,46,5,2027-01-20,LOTE-2024-2006
3551100000000,Celia LF 0-12,milk,Supply,38.44,37,5,2027-07-24,LOTE-2024-2007
8051410000000,dr.lauranne helio-c media protezione cream,Cream,Supply,12.36,28,5,2027-07-24,LOTE-2024-2008
1943,face bandage pamay bandage ,bandj,Supply,22.79,31,5,2027-01-20,LOTE-2024-2009
650,Flu-out  SDI,Tablet,Drug,11.12,11,5,2028-07-13,LOTE-2024-2010
252,Prouracil 50mg,Tablet,Drug,44.46,23,5,2027-01-20,LOTE-2024-2011
1587,biomaterna pregnacy support 30tab ,Tablet,Drug,42.57,2,5,2026-08-03,LOTE-2024-2012
90125683,SUSSINA 1200tab  sweetener,Tablet,Drug,3.22,40,5,2027-07-24,LOTE-2024-2013
6210870000000,Ben-Oxide mild 2.5%,Skin Gel,Drug,32.19,41,5,2026-08-18,LOTE-2024-2014
8811509,Panadol cold & Flu Night,Tablet,Drug,41.75,27,5,2027-07-24,LOTE-2024-2015
3614230000000,Radiant Lift 40light,Syrup,Supply,9.36,35,5,2028-07-13,LOTE-2024-2016
1189,kapsole P-N 30,kapsole,Drug,26.21,2,5,2027-01-20,LOTE-2024-2017
5909990000000,sumamigren 2 tab,Tablet,Drug,41.32,39,5,2027-01-20,LOTE-2024-2018
1427,progyluton bayar 21tab,Tablet,Drug,2.98,37,5,2026-09-22,LOTE-2024-2019
8681440000000,ledaxc 30 sachet ,sachet,Drug,31.84,21,5,2026-09-22,LOTE-2024-2020
6957120000000,fuwanjia daskesh,daskesh,Supply,14.43,5,5,2026-09-22,LOTE-2024-2021
8005660000000,nevril 30tab,Tablet,Drug,41.71,45,5,2027-01-20,LOTE-2024-2022
1542,primolut depot 250mg 1amp bayar asly,Amp,Drug,43.74,21,5,2027-07-24,LOTE-2024-2023
8414040000000,plactive neural opko health 20 tab,Tablet,Drug,42.58,29,5,2027-01-20,LOTE-2024-2024
6901300000000,Moov Rapid Relife Skin spray,spray,Drug,22.13,20,5,2026-08-18,LOTE-2024-2025
1405,difal 100 mg supp,Suppository,Drug,39.0,38,5,2026-09-22,LOTE-2024-2026
0000A8,Septrin aspen 480mg ,Tablet,Drug,38.24,20,5,2027-07-24,LOTE-2024-2027
1619,sodium chloride 0.9% injection,SOLUTION,Supply,15.38,25,5,2026-09-22,LOTE-2024-2028
UYPU47,Ferrodep lipo syrup,Syrup,Drug,37.56,2,5,2027-01-20,LOTE-2024-2029
696273000000,Kidozan  multivitamin plus lysine 100 ml,Syrup,Drug,3.11,32,5,2027-07-24,LOTE-2024-2030
100011,Naproxen Generis 500mg,Tablet,Drug,27.44,26,5,2027-01-20,LOTE-2024-2031
8680740000000,ayset 10ml,Syring,Supply,11.51,6,5,2026-09-22,LOTE-2024-2032
6213080000000,micoprogel -fort 7 vaginal pessaries,V. cap,Drug,6.74,41,5,2028-07-13,LOTE-2024-2033
731124000000,Biofreeze 118ml,gel,Drug,4.85,3,5,2026-08-18,LOTE-2024-2034
4056230000000,pilulier semainier jegai danani hab,Tablet,Supply,31.79,33,5,2028-07-13,LOTE-2024-2035
8436570000000,babe anti-hairloss lotion-125ml,Lotion,Supply,16.28,1,5,2026-08-03,LOTE-2024-2036
1637,Disinfectant spray %76 alcohol,spray,Supply,33.03,5,5,2026-07-09,LOTE-2024-2037
8058090000000,pic classic 20pcs ,plaster,Supply,4.34,13,5,2028-07-13,LOTE-2024-2038
6291110000000,Lactisyr AV 5.2/300ml shampoo-Fine,Shampoo,Supply,15.22,19,5,2026-08-18,LOTE-2024-2039
5903790000000,b-cure 75ml ointment ,Ointment,Drug,24.97,12,5,2027-07-24,LOTE-2024-2040
6210880000000,Hydroquinon 2% domina Cream ;,Cream,Drug,35.9,48,5,2027-07-24,LOTE-2024-2041
1501,amoxicillin clavulanic acid reig jofre 1000mg/200mg,Amp,Drug,15.37,25,5,2028-07-13,LOTE-2024-2042
241,Aldomet 250mg,Tablet,Drug,28.73,35,5,2028-07-13,LOTE-2024-2043
11418,Ebetrex 50mg/5ml,Vial,Drug,40.04,12,5,2026-08-18,LOTE-2024-2044
8059170000000,mela forte 30 cap,Capsule,Drug,28.29,30,5,2027-07-24,LOTE-2024-2045
6260240000000,GOLMAR no_acne,Soap,Supply,11.63,5,5,2026-08-03,LOTE-2024-2046
6957090000000,avaet natural 240 ml bottle,Bottle,Supply,2.56,34,5,2026-09-22,LOTE-2024-2047
9370000000000,Vitamin D 5000IU,Tablet,Drug,39.35,22,5,2027-07-24,LOTE-2024-2048
8697940000000,favimol 200mg favipiravir  40 Tablet,Tablet,Drug,2.43,39,5,2026-09-22,LOTE-2024-2049
8699690000000,Micardis plus 80/12.5 mg Turky,Tablet,Drug,39.55,13,5,2027-01-20,LOTE-2024-2050
6921590000000,haomugli daskesh,daskesh,Supply,24.51,47,5,2027-01-20,LOTE-2024-2051
63935013361,NeoFlex Jiont repair,Tablet,Drug,42.35,3,5,2027-01-20,LOTE-2024-2052
8699210000000,set lance insulin 4mm,Needle,Drug,36.25,20,5,2028-07-13,LOTE-2024-2053
5060800000000,d3 up 5000 iu 60 chewable tablet,Chewable tablet,Drug,44.91,31,5,2026-08-03,LOTE-2024-2054
11663,Parokan  solution for infusion  100ml,Bottle,Drug,16.76,5,5,2027-01-20,LOTE-2024-2055
11389,Azithromycin/Kleva 500mg,Tablet,Drug,34.87,24,5,2028-07-13,LOTE-2024-2056
8682010000000,dam drops lozenges orange 24 lozenges,lozenge,Supply,18.98,40,5,2026-09-22,LOTE-2024-2057
1280,allermine 100ml syrup,Syrup,Supply,22.37,33,5,2026-08-03,LOTE-2024-2058
1605,quadrim cream 15gm,Cream,Drug,28.8,8,5,2027-01-20,LOTE-2024-2059
6260170000000,nortriptyline 10mg,Tablet,Drug,39.5,24,5,2026-09-22,LOTE-2024-2060
625,Dextrose5 %&Sodium chloride0.9%  500ML,Bottle,Drug,44.31,20,5,2026-08-18,LOTE-2024-2061
3830070000000,pregnaceut 30 cap,Tablet,Drug,34.92,16,5,2027-07-24,LOTE-2024-2062
1614,aspin 81mg 30tab,Tablet,Drug,19.67,12,5,2027-01-20,LOTE-2024-2063
1633,DITROPAN 5mg,Tablet,Drug,19.83,13,5,2028-07-13,LOTE-2024-2064
5060250000000,Professional Whitening,Toothpaste,Supply,33.58,45,5,2027-07-24,LOTE-2024-2065
3401550000000,NOREVA EXFOLIAC JEL,foaming jel,Supply,11.89,42,5,2027-01-20,LOTE-2024-2066
SDI-02COO007,famosam 20 mg 30tab,Tablet,Drug,6.31,39,5,2026-07-09,LOTE-2024-2067
VJQNLU,REPALYSYAL CREAM 30ML,Cream,Drug,16.93,25,5,2026-09-22,LOTE-2024-2068
5205850000000,pyrcost 0.5% 30gm ,gel,Drug,13.99,46,5,2026-08-18,LOTE-2024-2069
6281050000000,NUNU shampoo 500 ml,Shampoo,Supply,14.39,32,5,2028-07-13,LOTE-2024-2070
8680000000000,honorvit 30 tab with ginseng ,Tablet,Drug,11.66,24,5,2026-08-18,LOTE-2024-2071
101,Dexon syrup Iraq,Syrup,Drug,3.33,48,5,2026-08-18,LOTE-2024-2072
6936550000000,trusty 200pcs cotton,Syrup,Supply,2.28,47,5,2027-01-20,LOTE-2024-2073
1631,klavox 375mg 20 tab,Tablet,Drug,44.47,44,5,2026-08-18,LOTE-2024-2074
1658,samadol advance 20 tab ,Tablet,Drug,20.11,9,5,2026-08-18,LOTE-2024-2075
1657,samadol cold&flu 20 tab ,Tablet,Drug,18.22,40,5,2027-01-20,LOTE-2024-2076
4011610000000,mildeen Handcreme,Cream,Supply,31.06,23,5,2026-08-03,LOTE-2024-2077
8681550000000,glumeric 5gm  30 sachet,sachet,Drug,10.99,13,5,2026-08-03,LOTE-2024-2078
1192,kapsole P-N 10,kapsole,Drug,42.82,32,5,2026-09-22,LOTE-2024-2079
1648,ellova stragen 30 sticks,sachet,Drug,35.71,15,5,2027-07-24,LOTE-2024-2080
11432,Clavimix 625mg,Tablet,Drug,5.39,36,5,2027-01-20,LOTE-2024-2081
737,Foxime 1g,Vial,Drug,19.66,49,5,2026-09-22,LOTE-2024-2082
1656,samadol extra 20 tab ,Tablet,Drug,39.74,5,5,2027-01-20,LOTE-2024-2083
8681270000000,X-Plus dermapol 200ml,V. wash,Drug,42.6,22,5,2026-09-22,LOTE-2024-2084
5010060000000,Pregnacare original,Tablet,Drug,21.83,16,5,2028-07-13,LOTE-2024-2085
8902250000000,ZECUF* HERBAL COUGH REMEDY,Syrup,Drug,28.18,41,5,2026-08-03,LOTE-2024-2086
1471,cooling gel patch  3ps,patch,Drug,8.77,10,5,2027-01-20,LOTE-2024-2087
1647,ultra active 30 softgel cap,softgel,Drug,44.62,24,5,2028-07-13,LOTE-2024-2088
1555,conceptyl 10000 i.u,Amp,Drug,11.58,18,5,2027-07-24,LOTE-2024-2089
6211170000000,Tulin-D syrup,Syrup,Drug,42.51,49,5,2026-08-18,LOTE-2024-2090
5060810000000,junior-life 200ml,Syrup,Drug,29.76,18,5,2026-08-18,LOTE-2024-2091
6921880000000,amoxillin + clavulanic acid 1.2g 1vial reyoung (amoxillin + clavulanic acid)  Vial reyoung;,Vial,Drug,27.94,7,5,2027-07-24,LOTE-2024-2092
625273000000,collagen 30 with biotin 120tab,Tablet,Supply,23.8,4,5,2026-08-03,LOTE-2024-2093
1663,gentaprim eye oint,Eye Oint,Drug,11.53,26,5,2027-07-24,LOTE-2024-2094
1617,diva 28 tab,Tablet,Drug,9.18,5,5,2027-07-24,LOTE-2024-2095
732953000000,Triple Antibiotic 9g,Ointment,Drug,11.09,16,5,2027-07-24,LOTE-2024-2096
6211790000000,tamsulosin ibn al haytham 30 cap,Capsule,Drug,9.61,35,5,2026-08-03,LOTE-2024-2097
6213040000000,diclopinda 100mg,Suppository,Drug,35.41,26,5,2027-07-24,LOTE-2024-2098
8699290000000,cosmed hair guard anti-hair loss shampoo 200ml,Shampoo,Supply,16.73,18,5,2027-01-20,LOTE-2024-2099
5902180000000,c extra 1000mg ,effervecent tabalet,Supply,4.02,29,5,2027-07-24,LOTE-2024-2100
903674657,destrolac powder 250gm,Powder,Drug,43.66,23,5,2026-07-09,LOTE-2024-2101
11522,Lyrica 75 mg 56tab,Capsule,Drug,39.94,14,5,2026-07-09,LOTE-2024-2102
1673,samadol cold &flu green ,Tablet,Drug,41.86,15,5,2026-09-22,LOTE-2024-2103
123,Betnovate Scalp Application,Scalp Lotion,Drug,44.78,49,5,2026-08-03,LOTE-2024-2104
3700230000000,pediakid appetite -tonus 125ml ineldea,Syrup,Drug,9.06,33,5,2027-01-20,LOTE-2024-2105
1651,coldin alhayat syrup 100ml,Syrup,Drug,18.74,25,5,2028-07-13,LOTE-2024-2106
5202750000000,flucodrug infusion 200mg/100ml,infusion,Drug,34.48,21,5,2026-09-22,LOTE-2024-2107
8055770000000,Gromone-Re syrup 150ml,Syrup,Drug,31.78,17,5,2027-07-24,LOTE-2024-2108
1650,fugoline 8 tab,Tablet,Supply,8.19,23,5,2026-07-09,LOTE-2024-2109
1662,fuvera 5mg 30tab,Tablet,Drug,36.99,43,5,2026-08-18,LOTE-2024-2110
5906870000000,Bio Vision dietary supplement,Capsule,Supply,11.26,17,5,2026-07-09,LOTE-2024-2111
702686000000,Vitanex BEAUTINEX  90CAP,Capsule,Drug,11.24,14,5,2026-09-22,LOTE-2024-2112
4897080000000,vitamin c serum 30ml,serum,Supply,24.86,29,5,2028-07-13,LOTE-2024-2113
8906000000000,LOBET 100mg,Tablet,Drug,27.29,20,5,2026-08-03,LOTE-2024-2114
42097419,nivea men fresh active 48 h role,Role,Supply,26.73,30,5,2027-01-20,LOTE-2024-2115
5702070000000,Samarin-18,sachet,Supply,5.48,19,5,2026-09-22,LOTE-2024-2116
5051170000000,d3 up 30ml spray,spray,Supply,39.67,39,5,2028-07-13,LOTE-2024-2117
2132730000000000,Wrist/Thumb Support,bandj,Supply,13.05,13,5,2026-08-03,LOTE-2024-2118
1421,navid wrist splint code 186,support,Supply,7.13,18,5,2026-08-18,LOTE-2024-2119
1830,ephedryl syrup cold ,Syrup,Drug,40.16,23,5,2026-07-09,LOTE-2024-2120
8435080000000,Acuaiss single dose,Eye Drop,Drug,43.07,46,5,2026-09-22,LOTE-2024-2121
1432,protoyat rectal ointment,Ointment,Drug,39.0,33,5,2026-08-18,LOTE-2024-2122
1634,oximeter cataloniec,honey,Supply,36.71,39,5,2028-07-13,LOTE-2024-2123
8904240000000,sodium chloride 0.9% 500ml,SOLUTION,Drug,30.0,40,5,2027-01-20,LOTE-2024-2124
196,zinc 25mg  60tab,Tablet,Drug,25.46,18,5,2027-01-20,LOTE-2024-2125
6940790000000,naliblue ovulation test,test  strip,Supply,5.28,9,5,2027-01-20,LOTE-2024-2126
8696840000000,al salama water cotton pleats 100%,cotton,Supply,19.27,33,5,2026-08-03,LOTE-2024-2127
1625,glucosan 850 30tab,Tablet,Drug,17.71,32,5,2026-09-22,LOTE-2024-2128
42182627,vaseline pure petroleum jelly original 50gm,Cream,Drug,12.8,17,5,2028-07-13,LOTE-2024-2129
1102,kwick releef hot water bag,jawana,Supply,32.97,19,5,2027-07-24,LOTE-2024-2130
1034,Uro 3 - 8.25,Powder,Drug,23.07,27,5,2028-07-13,LOTE-2024-2131
5903810000000,vitamin c 500mg 60cap,Capsule,Drug,5.03,6,5,2027-07-24,LOTE-2024-2132
5099150000000,Isoptin 40mg,Tablet,Drug,11.08,35,5,2026-08-03,LOTE-2024-2133
287,Otosporin gsk pakistan,Ear Drop,Drug,31.22,37,5,2026-08-18,LOTE-2024-2134
1669,coriosurge xp 5000 iu,Vial,Drug,4.81,34,5,2026-07-09,LOTE-2024-2135
1281,Exidil 100ml syrup,Syrup,Supply,38.53,20,5,2026-09-22,LOTE-2024-2136
1659,samadol relief pain 20 tab ,Tablet,Drug,23.04,25,5,2026-08-03,LOTE-2024-2137
4023243897,lonstin gel 60ml,gel,Supply,22.41,4,5,2026-09-22,LOTE-2024-2138
1696,fuCibact cream 15gm,Cream,Drug,27.27,10,5,2027-01-20,LOTE-2024-2139
4015400000000,always extra long 7pcc,santi,Supply,37.37,10,5,2028-07-13,LOTE-2024-2140
1639,atarax 25mg 50tab gsk,Tablet,Drug,16.63,24,5,2027-07-24,LOTE-2024-2141
80,Daktarin 40 g oral gel,Oral gel,Drug,30.99,21,5,2028-07-13,LOTE-2024-2142
9088880000000,Ebetrex   2.5mg,Tablet,Drug,26.11,11,5,2026-08-03,LOTE-2024-2143
1700,apiban 5mg 28 tab,Tablet,Drug,13.12,27,5,2026-07-09,LOTE-2024-2144
6935080000000,mother comforts ultra 8 medium 2mm,santi,Supply,39.72,16,5,2027-01-20,LOTE-2024-2145
6931860000000,bby coler dorco,brush,Supply,36.19,26,5,2026-08-18,LOTE-2024-2146
8697420000000,ultra compact cotton pads 100pcs,cotton,Supply,30.14,30,5,2026-08-18,LOTE-2024-2147
803806,amoxicillin875mg+clavulanic acid125mg generis 16 tablet,Tablet,Drug,38.5,49,5,2026-09-22,LOTE-2024-2148
1698,d3plan 10000 iu,softgel,Drug,39.23,16,5,2026-08-18,LOTE-2024-2149
50953349,sudocrem 60g ,Cream,Supply,32.31,7,5,2027-01-20,LOTE-2024-2150
1528,doxepin 25 30cap razak laboratories,Capsule,Drug,37.91,16,5,2026-09-22,LOTE-2024-2151
-605772,Carbamazepine Aristo 200mg,Tablet,Drug,31.84,35,5,2027-01-20,LOTE-2024-2152
1535,pregna health plus omega 3 health biotic,Tablet,Drug,31.09,16,5,2027-01-20,LOTE-2024-2153
8699340000000,Enfess syrup hekimzade,Syrup,Supply,28.41,40,5,2026-09-22,LOTE-2024-2154
1122,Rinosaltin Sodium Chloride 0.65% -20ml,Drop,Supply,34.24,12,5,2026-08-18,LOTE-2024-2155
1699,dibase 2000 iu 30 cap,Capsule,Drug,8.4,35,5,2026-08-18,LOTE-2024-2156
1692,bofen 100ml oral suspension ,Syrup,Drug,39.82,49,5,2026-09-22,LOTE-2024-2157
280,timoglau 7.5ml,Eye Drop,Drug,39.43,21,5,2027-07-24,LOTE-2024-2158
179332,Fostimon 75 iu,Amp,Drug,2.77,43,5,2027-07-24,LOTE-2024-2159
5000450000000,cal d extra,Tablet,Drug,37.42,36,5,2027-01-20,LOTE-2024-2160
3400940000000,Colchicine 1mg,Tablet,Drug,7.11,48,5,2026-08-18,LOTE-2024-2161
1581,allegria 21 tab,Tablet,Drug,16.08,17,5,2027-01-20,LOTE-2024-2162
1713,PERVITAL 20 tab,Tablet,Drug,33.84,32,5,2027-01-20,LOTE-2024-2163
6212070000000,barkacine 100ml syrup,Syrup,Drug,8.49,41,5,2026-09-22,LOTE-2024-2164
1655,samadol night 20 tab,Tablet,Drug,37.08,6,5,2027-01-20,LOTE-2024-2165
6215000000000,shiffa ultra wart& cron plaster 6 strips,plaster pac,Supply,37.7,24,5,2026-09-22,LOTE-2024-2166
778159000000,Real Relief Tinnitus,Chewable tablet,Drug,23.57,27,5,2027-01-20,LOTE-2024-2167
9781910000000,dri coco spray,spray,Drug,1.78,20,5,2027-07-24,LOTE-2024-2168
8683180000000,sakaria 5ml syring,Syring,Supply,13.99,25,5,2026-08-03,LOTE-2024-2169
1586,as-betnosam ointment 15gm,Ointment,Drug,28.34,2,5,2027-07-24,LOTE-2024-2170
8681660000000,sunvit-d3 300000 iu,Amp,Drug,44.18,9,5,2026-08-03,LOTE-2024-2171
4260680000000,rhein multi kidz 200ml,Syrup,Drug,28.98,28,5,2026-08-03,LOTE-2024-2172
8005010000000,detergente intimo delicate malvae camomilla 300ml,water ,Supply,12.8,38,5,2028-07-13,LOTE-2024-2173
207,GLICONORM 5+500mg  ABIOGEN,Tablet,Drug,29.08,3,5,2028-07-13,LOTE-2024-2174
0000N12,Androcur  10 mg,Tablet,Drug,24.99,20,5,2026-08-03,LOTE-2024-2175
40108800000000,carbergoline advance 0.5mg 2tab,Tablet,Drug,35.42,6,5,2026-09-22,LOTE-2024-2176
8858850000000,lady diana lip care fruit shine strawberry ,lip balm,Supply,6.15,39,5,2026-08-18,LOTE-2024-2177
5603690000000,vitasma 2mg/5ml 100ml syrup,Syrup,Drug,34.6,33,5,2026-09-22,LOTE-2024-2178
1712,coriosurge xp 10000 iu   Vial intas;,Vial,Drug,25.05,1,5,2027-07-24,LOTE-2024-2179
6128041,opticol Gl,Eye Drop,Drug,43.39,37,5,2028-07-13,LOTE-2024-2180
1668,folisurge 75 iu,Syring,Drug,16.37,6,5,2027-01-20,LOTE-2024-2181
8683430000000,ulu pharma omega-3 1000mg,softgel,Drug,29.02,45,5,2026-09-22,LOTE-2024-2182
1710,doliprane 1000mg 8tab,Tablet,Drug,42.04,34,5,2027-01-20,LOTE-2024-2183
5903290000000,lavar medium dental brush ,brush,Supply,5.96,47,5,2026-09-22,LOTE-2024-2184
1671,ketorolac-zdorovye 1ml 10amp,Amp,Drug,42.27,15,5,2028-07-13,LOTE-2024-2185
3800230000000,glufast plus 30 sachrt,sachet,Drug,31.42,45,5,2028-07-13,LOTE-2024-2186
1601,fertivit 30 sachet,sachet,Drug,4.45,26,5,2027-01-20,LOTE-2024-2187
8427030000000,ensure complete 350gm vanilla,milk,Supply,14.59,14,5,2026-09-22,LOTE-2024-2188
1635,forever aloe avocado face & body soap ,Soap,Supply,32.31,7,5,2026-08-18,LOTE-2024-2189
1705,solvokindin syrup 100ml,Syrup,Drug,4.43,46,5,2026-07-09,LOTE-2024-2190
5907220000000,probiodex amandex 30cap,Capsule,Drug,26.82,31,5,2027-07-24,LOTE-2024-2191
7317850000000,insane Volume lash styler,none,Supply,16.55,24,5,2026-09-22,LOTE-2024-2192
1714,Elica-M cream Jamjoom;,Cream,Drug,28.51,31,5,2026-09-22,LOTE-2024-2193
6264790000000,pro derma ACNEVEST % sulfer,Soap,Supply,3.49,29,5,2026-09-22,LOTE-2024-2194
1684,HENO LEMON 6 SACHET,sachet,Drug,39.41,42,5,2027-07-24,LOTE-2024-2195
5903060000000,ORLISTAT POLPHARMA 120MG 42CAP,Capsule,Drug,43.85,32,5,2026-08-03,LOTE-2024-2196
4250440000000,philogynax-roth 12 vaginal cap,vaginal suppositories,Drug,43.65,17,5,2028-07-13,LOTE-2024-2197
8690540000000,Molped  9 long,santi,Supply,34.11,14,5,2028-07-13,LOTE-2024-2198
1603,aldine 100mg/2ml,Amp,Drug,7.16,40,5,2028-07-13,LOTE-2024-2199
1728,Zita-Met forte 20mg/1000mg teneligliptin ,Tablet,Drug,34.48,36,5,2026-09-22,LOTE-2024-2200
11190,vitamin D3 300.000I.U./I.M/Oral,Amp,Drug,2.57,48,5,2026-08-18,LOTE-2024-2201
5906320000000,Acne control dermaline point cream - Ava Laboratory,Cream,Drug,2.46,24,5,2026-09-22,LOTE-2024-2202
5060720000000,Pregnancy support 60tab-oxford,Tablet,Supply,15.58,45,5,2026-09-22,LOTE-2024-2203
0000A11,CELEBREX   200mg,Capsule,Drug,22.76,27,5,2026-08-18,LOTE-2024-2204
1525,Hemoheal Plus Rectal sppositories ERBAVITA;,Suppository,Drug,35.01,25,5,2027-01-20,LOTE-2024-2205
1737,Ozempic 0.5mg - semaglutide /  novo nordisk ,Pen,Drug,31.22,32,5,2026-09-22,LOTE-2024-2206
8719430000000,Agmalife 875/125mg,Tablet,Drug,20.9,18,5,2028-07-13,LOTE-2024-2207
V0HQBH,Cistidep Powder,Powder,Drug,13.4,46,5,2026-07-09,LOTE-2024-2208
6950620000000,cotton Buds wonderful,cotton,Supply,44.87,18,5,2027-01-20,LOTE-2024-2209
890001000000,noonvir 400mg 30tab,Tablet,Drug,20.04,37,5,2027-07-24,LOTE-2024-2210
1642,lorazesam 1mg sdi 30tab ,Tablet,Drug,21.14,26,5,2027-07-24,LOTE-2024-2211
SH- 012-01-085,zatin 1mg 20tab,Tablet,Drug,8.62,9,5,2028-07-13,LOTE-2024-2212
6260570000000,zoliver 10 mg 30 tab,Tablet,Drug,36.07,35,5,2027-07-24,LOTE-2024-2213
6294020000000,DERCOS Energising stimulating shampoo vichy,Shampoo,Supply,31.68,8,5,2028-07-13,LOTE-2024-2214
1697,saxenda pen,Pen,Drug,11.1,20,5,2026-09-22,LOTE-2024-2215
6217000000000,T.T.O SURY,Soap,Supply,5.08,42,5,2027-01-20,LOTE-2024-2216
8682970000000,mela gentel 5mg 30tab,Tablet,Drug,31.1,22,5,2026-07-09,LOTE-2024-2217
1719,xfebril - paracetamole bottle 10mg/1ml,bottel ,Drug,29.97,19,5,2026-07-09,LOTE-2024-2218
6946360000000,lotus tongue cleaner,Tongue Cleanser,Supply,13.39,30,5,2026-08-18,LOTE-2024-2219
-1880641,L-Thyroxin Aristo 50mg-levothyroxine sodium,Tablet,Drug,42.86,28,5,2026-08-03,LOTE-2024-2220
5294270000000,Versicazole 100mg -Itraconazole 100mg ,Tablet,Drug,8.07,35,5,2026-08-18,LOTE-2024-2221
735,winex 60ml,Syrup,Drug,20.31,43,5,2026-08-18,LOTE-2024-2222
5012250000000,gold nose pore 6strips ,strip,Supply,42.55,11,5,2026-07-09,LOTE-2024-2223
6920290000000,connert djimba toothbrush,toothbrush,Supply,19.76,31,5,2028-07-13,LOTE-2024-2224
8904030000000,I-pill,Tablet,Drug,29.28,49,5,2026-07-09,LOTE-2024-2225
1654,samadol sinus 20 tab,Tablet,Drug,18.8,48,5,2027-07-24,LOTE-2024-2226
1748,vaseina - caramel pudding lip therapies ,lip balm,Drug,13.43,39,5,2026-08-18,LOTE-2024-2227
1142,priligy 60mg tab,Tablet,Supply,44.3,36,5,2028-07-13,LOTE-2024-2228
1717,primolut n 30 tab 2 shrit,Tablet,Drug,19.31,30,5,2028-07-13,LOTE-2024-2229
1702,nexorem 1gm 10*20ml,Vial pack,Drug,40.39,23,5,2027-01-20,LOTE-2024-2230
8809390000000,MY CHOICE ALL-IN-ONE,spray,Supply,11.5,19,5,2027-01-20,LOTE-2024-2231
5205350000000,Nitrotoin 100mg tab Tablet Kleva;,Tablet,Drug,10.77,12,5,2026-07-09,LOTE-2024-2232
1442,soft med i.v cannula blue,Canulla,Supply,2.85,15,5,2028-07-13,LOTE-2024-2233
5285010000000,HYDRO-SKIN 2.5% hydrocortisone acetate,Cream,Drug,29.85,31,5,2028-07-13,LOTE-2024-2234
937026033,CANDIDEP OVULI VAGINAL,Ovules Suppository,Drug,17.53,43,5,2028-07-13,LOTE-2024-2235
1763,B-MM NEW,gerawa,Supply,39.1,37,5,2027-01-20,LOTE-2024-2236
5200400000000,Betacort cream-fucidic acid 2%+betamethason 0.1%,Cream,Drug,22.08,37,5,2026-09-22,LOTE-2024-2237
1098,Lopid 600 pfizer,Tablet,Drug,43.62,15,5,2028-07-13,LOTE-2024-2238
4820040000000,Flogoxib 200mg -celecoxib 200mg,Tablet,Drug,9.57,29,5,2026-08-18,LOTE-2024-2239
1602,fucalben 10soft gel,softgel,Drug,39.29,43,5,2027-01-20,LOTE-2024-2240
11546,Prograf 1mg iran,Capsule,Drug,35.28,26,5,2026-08-03,LOTE-2024-2241
8699040000000,Prograf 0.5mg turkey,Capsule,Drug,35.04,44,5,2028-07-13,LOTE-2024-2242
1753,meropenem 1g-venus pharma,Vial,Drug,38.25,2,5,2026-08-03,LOTE-2024-2243
6213010000000,Tri-pland 5/160/12.5 Amlodipine + valsartan,Tablet,Drug,34.6,20,5,2026-08-18,LOTE-2024-2244
5035380000000,Pantoprazole 20mg gastro-resistant,Tablet,Drug,28.74,15,5,2027-01-20,LOTE-2024-2245
860006000000,modern joint 60cap,Capsule,Drug,7.21,4,5,2027-07-24,LOTE-2024-2246
1754,Ciprasid 500mg-ciprofloxacin 500mg,Tablet,Drug,2.91,22,5,2027-01-20,LOTE-2024-2247
8683230000000,intimate wash ph 4.2 250ml,wash,Drug,41.56,38,5,2026-08-18,LOTE-2024-2248
5200710000000,Botaderm 2% 120ml - Ketoconazole,Shampoo,Drug,28.32,23,5,2026-07-09,LOTE-2024-2249
2348,CARDOPAN PLUS 160MG/25MG VALSARTAN,Tablet,Drug,36.15,26,5,2027-07-24,LOTE-2024-2250
700614000000,Mr Gummy Mega multi-Vitamin for childern,gum,Drug,22.45,11,5,2028-07-13,LOTE-2024-2251
6971800000000,Cotton swabs MF Company,cotton,Supply,6.6,28,5,2027-07-24,LOTE-2024-2252
6920200000000,good crepre bandage 15cm*4.5m,bandj,Supply,6.95,2,5,2026-09-22,LOTE-2024-2253
4103330000000,oral b paty dan asli ,paty dan ,Drug,31.32,8,5,2028-07-13,LOTE-2024-2254
1706,as-Nystacort cream 15gm,Cream,Drug,20.22,29,5,2026-09-22,LOTE-2024-2255
1695,pbt bandage 7.5cm*4.5m bandj china;,plaster,Supply,10.22,11,5,2027-01-20,LOTE-2024-2256
6260110000000,canazole 1%,Skin Solution,Drug,22.88,37,5,2026-09-22,LOTE-2024-2257
1746,hot & cold bag 15*20cm,sahol,Drug,4.29,18,5,2026-09-22,LOTE-2024-2258
5011500000000,Deep Freez Gel 100gm-pain relief gel,gel,Drug,26.82,14,5,2027-07-24,LOTE-2024-2259
1607,xanax 0.25 mg 20 tab,Tablet,Drug,13.2,10,5,2027-01-20,LOTE-2024-2260
1742,HUARAX skin cream - crotamiton 20gm,Cream,Drug,36.19,33,5,2026-09-22,LOTE-2024-2261
8681290000000,panadol Extra 24 tab  paket,Tablet,Drug,15.0,9,5,2026-08-18,LOTE-2024-2262
4680020000000,global White Medium toothbrush ,toothbrush,Drug,21.3,35,5,2026-07-09,LOTE-2024-2263
810866000000,Firming Serum 47ml,serum,Supply,2.01,11,5,2027-01-20,LOTE-2024-2264
1653,organic by rozhan organic eczema care cream,Cream,Supply,4.65,44,5,2026-08-18,LOTE-2024-2265
1652,organic by rozhan all skin types face wash foaming clanser 12ml,foaming jel,Supply,18.57,12,5,2026-08-03,LOTE-2024-2266
1729,zita-met plus 20mg/500mg teneligliptin ,Tablet,Drug,22.38,3,5,2027-01-20,LOTE-2024-2267
-1881468,L-Thyroxin Aristo 100mg-levothyroxine sodium,Tablet,Drug,27.6,39,5,2027-01-20,LOTE-2024-2268
8055520000000,Ferrodep Lipo 30cap - dietrary supplement,Capsule,Supply,14.19,14,5,2027-07-24,LOTE-2024-2269
6213060000000,cametron 8mg 20 tab,Tablet,Drug,31.73,28,5,2027-01-20,LOTE-2024-2270
8102200000000,foligen 60 tab,Tablet,Supply,38.92,11,5,2028-07-13,LOTE-2024-2271
1751,Tolperisone-Ozon 150mg /,Tablet,Drug,35.42,39,5,2028-07-13,LOTE-2024-2272
8682510000000,solex antibacterial hand gel 100ml,gel,Supply,3.22,25,5,2027-07-24,LOTE-2024-2273
6211720000000,Oralog Oral Paste 15g - Triamcinolone Acetonide,Oral Paste,Drug,22.4,21,5,2027-01-20,LOTE-2024-2274
2038,Gliclazide Mr-Ozon 60mg,Tablet,Drug,6.06,10,5,2026-09-22,LOTE-2024-2275
2039,ConCor 2.5mg 2sheet,Tablet,Drug,12.03,43,5,2028-07-13,LOTE-2024-2276
6951080000000,barrad cooling gel 2 pcs 12*5cm,patch,Supply,44.42,15,5,2026-08-18,LOTE-2024-2277
1583,depo-provera 150mg ,Vial pack,Drug,7.7,19,5,2026-08-18,LOTE-2024-2278
8680700000000,sfine-insulin pen ,Pen,Drug,23.2,48,5,2026-09-22,LOTE-2024-2279
1715,vacosam 20tab,Tablet,Drug,28.39,22,5,2026-08-03,LOTE-2024-2280
1707,samaxime 400mg  5 cap,Capsule,Drug,32.06,21,5,2028-07-13,LOTE-2024-2281
95508184,Detol hand gel 50ml,gel,Drug,25.84,44,5,2027-01-20,LOTE-2024-2282
6213020000000,Diacol plus 12.5/1000mg - empagliflozin & met..,Tablet,Drug,1.93,32,5,2027-01-20,LOTE-2024-2283
854,ELASTIC CREPE BANDAGE 10cm*4.5m,bandj,Supply,15.7,23,5,2027-01-20,LOTE-2024-2284
8050440000000,D-clar depigmenting cream,Cream,Drug,24.02,13,5,2026-09-22,LOTE-2024-2285
1670,bio folic-b12 10 vial,Vial pack,Drug,5.32,5,5,2026-07-09,LOTE-2024-2286
8699800000000,Cipralex 20mg turkey,Tablet,Drug,16.75,4,5,2027-01-20,LOTE-2024-2287
1866,Neomox 500mg- Amoxicillin /galenica,Dispersable Tablet,Drug,2.94,28,5,2027-07-24,LOTE-2024-2288
4605370000000,MRT soft toothbrush,toothbrush,Drug,4.92,14,5,2026-09-22,LOTE-2024-2289
5200100000000,Veldom  40g,V. cream,Drug,18.77,8,5,2027-07-24,LOTE-2024-2290
4011550000000,ciprofloxacin STADA,Tablet,Drug,7.27,9,5,2026-08-18,LOTE-2024-2291
2042,proIbs 10-sachet / erbozeta ,sachet,Drug,26.19,35,5,2026-08-18,LOTE-2024-2292
1618,as-Fugidin cream  Cream SDI;,Cream,Drug,31.49,37,5,2026-08-18,LOTE-2024-2293
*SDI-03GOO006*,sedilar syrup 100ml,Syrup,Drug,36.33,21,5,2026-09-22,LOTE-2024-2294
1514,gmeth 5 suppositories,Suppository,Drug,10.21,18,5,2027-07-24,LOTE-2024-2295
3808370000000,buscovas 10mg vassil 20tab,Tablet,Drug,8.79,33,5,2027-07-24,LOTE-2024-2296
11198,Zinc Oxide 25g sdi,Ointment,Drug,6.05,8,5,2026-09-22,LOTE-2024-2297
4260560000000,Shiva sulpher 5%-soap,Soap,Drug,29.18,49,5,2027-01-20,LOTE-2024-2298
-4507581,Imidin  N,Nasal Spray,Drug,32.23,17,5,2027-07-24,LOTE-2024-2299
1620,medisol hartman`s compound sodium lactate soluition,SOLUTION,Supply,2.87,43,5,2026-08-18,LOTE-2024-2300
5391520000000,Zanidip-lercanidipine hcl 20mg,Tablet,Drug,42.23,31,5,2026-08-18,LOTE-2024-2301
8902300000000,Mexipane 15mg - saga,Tablet,Drug,3.76,34,5,2028-07-13,LOTE-2024-2302
40103600000000,D3-5000Iu - Vitamin D3 advance pharma,Tablet,Drug,25.05,6,5,2027-01-20,LOTE-2024-2303
8050710000000,Vitamindex a-z 200ml-amandex,Syrup,Drug,32.34,22,5,2028-07-13,LOTE-2024-2304
8682150000000,KURTABAND- First aid plaster,plaster unit,Drug,39.39,14,5,2026-09-22,LOTE-2024-2305
4262360000000,Vildatin plus 50mg/1000mg-Vildagliptin + metformin,Tablet,Drug,32.56,3,5,2027-07-24,LOTE-2024-2306
4260270000000,Diclair -PH_FSH 150,Amp,Drug,36.38,12,5,2026-08-18,LOTE-2024-2307
2037,Concor 5mg 2sheet,Tablet,Drug,16.27,36,5,2026-08-18,LOTE-2024-2308
5012650000000,CORN CAPS Pipal tree,plaster,Supply,36.94,12,5,2027-01-20,LOTE-2024-2309
8850000000000,Kodomo hair body wash 200ml ,Shampoo,Drug,4.98,42,5,2026-09-22,LOTE-2024-2310
2067,kapsole DNK,Capsule,Drug,40.42,2,5,2026-08-18,LOTE-2024-2311
2057,Ketorolac-ozon 30mg/ml,Amp,Drug,25.32,2,5,2026-08-18,LOTE-2024-2312
5000280000000,Etoricoxib 90mg - zentiva,Tablet,Drug,37.05,15,5,2026-07-09,LOTE-2024-2313
8903840000000,amoxicillin 250mg-medopharm,Capsule,Drug,21.18,23,5,2027-07-24,LOTE-2024-2314
58901100000000,Lykavit D3 lyak 300000 i.u 2*1ml amp,Amp,Drug,29.5,29,5,2026-09-22,LOTE-2024-2315
3662360000000,SVR  SENSIFINE  AQUA GEL 40ML,gel,Drug,24.4,17,5,2026-08-03,LOTE-2024-2316
8680530000000,Sakaria povidon 10% spray,spray,Drug,33.32,32,5,2026-08-18,LOTE-2024-2317
6281200000000,Relaxon  250mg,Capsule,Drug,5.05,7,5,2026-08-03,LOTE-2024-2318
2068,zalidar 20tab- stada,Tablet,Drug,4.13,30,5,2027-01-20,LOTE-2024-2319
2051,piophage 500 mg ( 3 sheet ) ,Tablet,Drug,12.25,28,5,2026-08-03,LOTE-2024-2320
1214,kapsole G-A 10,Capsule,Supply,8.44,14,5,2027-07-24,LOTE-2024-2321
1591,VALIAPAM 5MG    Tablet SDI;,Tablet,Drug,39.42,44,5,2026-07-09,LOTE-2024-2322
2262,Shelsy-Aversi 875/125mg - aversi,Tablet,Drug,11.04,30,5,2026-08-18,LOTE-2024-2323
11171,ELASTIC CREPE BANDAGE 15cm*4.5m,bandj,Supply,43.95,17,5,2028-07-13,LOTE-2024-2324
1449,daily medicine container with pills dividing system,Tablet,Supply,16.15,32,5,2027-07-24,LOTE-2024-2325
2184,gummy Dr.Bone Zinc +,gum,Supply,9.42,46,5,2026-08-03,LOTE-2024-2326
5904160000000,"Chiro D3 5,000 i.u",Tablet,Drug,35.85,6,5,2027-07-24,LOTE-2024-2327
8904100000000,Sodium chloride infusion bp 0.9% - 100ml,bottel ,Drug,30.15,24,5,2026-09-22,LOTE-2024-2328
2181,gummy Dr.Bone Calcium + D3,gum,Supply,23.17,6,5,2027-07-24,LOTE-2024-2329
8936110000000,Metformin Stada 500mg,Tablet,Drug,25.66,27,5,2027-01-20,LOTE-2024-2330
5020540000000,fun time lubricant 75 ml,Lubricant gel,Supply,32.79,18,5,2027-01-20,LOTE-2024-2331
2088,co-codamol 8/500mg tab,Tablet,Drug,11.44,24,5,2028-07-13,LOTE-2024-2332
2182,gummy Dr.Bone irone +,gum,Drug,44.84,37,5,2026-08-18,LOTE-2024-2333
8901180000000,Zmox 500mg ( amoxicillin ) ,Capsule,Drug,43.9,24,5,2027-01-20,LOTE-2024-2334
2071,FoliGuard 5mg ( 2sheet ) - adipharm,Tablet,Drug,29.79,38,5,2026-09-22,LOTE-2024-2335
3760320000000,Metaxin - M cream ms france 30g,Cream,Drug,10.18,34,5,2026-07-09,LOTE-2024-2336
8683680000000,Dermavia azelaic acid serum ,serum,Drug,31.09,40,5,2026-07-09,LOTE-2024-2337
9080920000000,Well-Pregna dietary supplement 30tab,Tablet,Supply,4.64,47,5,2026-08-03,LOTE-2024-2338
-13588615,Rosuvastatin  20mg - Aristo,Tablet,Drug,2.83,15,5,2027-01-20,LOTE-2024-2339
2069,Glipita-M 50/1000mg ( 3sheet ) ,Tablet,Drug,12.71,11,5,2027-01-20,LOTE-2024-2340
1423,telpress 80,Tablet,Drug,21.62,22,5,2027-01-20,LOTE-2024-2341
7648390000000,CoughNill shelter syrup,Syrup,Drug,39.27,24,5,2026-07-09,LOTE-2024-2342
8904130000000,Super Cypro 4mg -20tab,Tablet,Drug,33.13,1,5,2026-09-22,LOTE-2024-2343
2093,SRA Solution,gerawa,Drug,33.81,18,5,2028-07-13,LOTE-2024-2344
3583310000000,ACUPAN 20 mg,Amp,Drug,20.01,44,5,2026-09-22,LOTE-2024-2345
2183,gummy Dr.Bone Vitamins,gum,Supply,16.55,12,5,2027-01-20,LOTE-2024-2346
2056,omol 500mg - paracetamol,Tablet,Drug,17.64,43,5,2027-07-24,LOTE-2024-2347
754026000000,Celecoxib 200mg - mackenzie,Tablet,Drug,44.46,28,5,2027-07-24,LOTE-2024-2348
860009000000,Isotro 20mg capsule,Capsule,Drug,3.24,40,5,2027-01-20,LOTE-2024-2349
8680890000000,lip balm .,lip balm,Supply,39.22,7,5,2028-07-13,LOTE-2024-2350
9552580000000,Mapicam 15mg 20tab -Meloxicam /CCM,Tablet,Drug,26.67,23,5,2026-09-22,LOTE-2024-2351
8961100000000,Melas cream 2% - 15g,Cream,Drug,20.58,21,5,2028-07-13,LOTE-2024-2352
8683740000000,Sleep child gummies lond pharma,gum,Drug,33.05,34,5,2026-08-18,LOTE-2024-2353
8905010000000,Loblin-100 labetalol hydrochloride,Tablet,Drug,22.67,11,5,2026-08-18,LOTE-2024-2354
8697850000000,Egeria LiveLash eye lash,serum,Drug,39.49,22,5,2026-08-03,LOTE-2024-2355
42164104,nivea cream,Cream,Drug,40.68,42,5,2027-07-24,LOTE-2024-2356
5060590000000,Cyclogest 400mg - progestrone,Suppository,Drug,19.84,35,5,2026-09-22,LOTE-2024-2357
2103,lip balm,lip balm,Supply,13.54,29,5,2026-08-18,LOTE-2024-2358
2304,Doxycycline korus 100mg cap,Capsule,Drug,27.27,42,5,2026-08-18,LOTE-2024-2359
11407,Insulatard 10ml,Vial,Drug,41.19,28,5,2028-07-13,LOTE-2024-2360
2347,AYRA 8mg/candesartan cilexetil 28tab sanovel,Tablet,Drug,10.66,18,5,2027-07-24,LOTE-2024-2361
856455000000,OMEGA 3 -  60cap,Capsule,Supply,28.6,14,5,2027-01-20,LOTE-2024-2362
3859890000000,Skinage collagen prestige 1000mg - 500ml,Syrup,Drug,28.97,18,5,2027-01-20,LOTE-2024-2363
8908020000000,Bacetamol 10mg/ml 100ml,bottel ,Drug,33.39,28,5,2026-09-22,LOTE-2024-2364
8429980000000,Sesderma Retiage eye contour 15ml,gel,Drug,7.22,24,5,2026-09-22,LOTE-2024-2365
8936010000000,Bisoprolol STADA 5mg,Tablet,Drug,32.64,8,5,2028-07-13,LOTE-2024-2366
2035,caster oil 50ml ,oil,Drug,41.04,42,5,2026-08-03,LOTE-2024-2367
7384910000000,Sherolax 60tab - shelter,Tablet,Drug,9.32,45,5,2026-09-22,LOTE-2024-2368
2192,quatrefol 400mcg 30tab,Tablet,Drug,11.83,8,5,2026-09-22,LOTE-2024-2369
52,moisturising lip balm pretty,lip balm,Drug,43.76,4,5,2026-09-22,LOTE-2024-2370
2090,Aprazole 20mg ( 2sheet ) ,Capsule,Drug,9.37,27,5,2026-09-22,LOTE-2024-2371
9421030000000,Maxigesic 500/150mg,Tablet,Drug,38.67,36,5,2027-01-20,LOTE-2024-2372
1687,psoretin 25mg 100cap,Capsule,Drug,22.91,5,5,2026-08-03,LOTE-2024-2373
2075,Glim 4mg ( glimepiride ) / spimaco,Tablet,Drug,12.25,33,5,2027-01-20,LOTE-2024-2374
5056140000000,Hunger Buster 90cap,Capsule,Drug,39.38,49,5,2026-08-18,LOTE-2024-2375
8413400000000,Bella Aurora bio 10 forte dark spot corrector serum combination and oily skin 30ml,serum,Drug,20.87,34,5,2026-08-18,LOTE-2024-2376
2065,Triforge 10/160/12.5 mg,Tablet,Drug,23.89,30,5,2026-08-03,LOTE-2024-2377
2114,coler ml aisfnjy ,instrument,Drug,17.13,8,5,2027-07-24,LOTE-2024-2378
-7063156,Fluconazole 150mg - Aristo,Capsule,Drug,27.29,39,5,2026-09-22,LOTE-2024-2379
8682470000000,"Sano-D3 300,000 I.U",Amp,Drug,8.61,47,5,2027-01-20,LOTE-2024-2380
1524,Pregna Health max Healthbiotic,Tablet,Drug,18.51,26,5,2027-07-24,LOTE-2024-2381
2089,canulla زه رد,Canulla,Drug,43.67,37,5,2027-01-20,LOTE-2024-2382
-3566920,Ciprofloxacin ARISTO 500mg,Tablet,Drug,12.73,34,5,2026-09-22,LOTE-2024-2383
55,lip balm asli estela,lip balm,Supply,30.07,7,5,2026-09-22,LOTE-2024-2384
6211270000000,Fucine,Ointment,Drug,15.65,40,5,2026-09-22,LOTE-2024-2385
4013010000000,SICO Spermicide ,condom,Supply,35.15,28,5,2027-01-20,LOTE-2024-2386
2122,Arkas 20mg - atorvastatin,Tablet,Drug,7.19,39,5,2026-09-22,LOTE-2024-2387
2080,Genuine fit vitodare ,Caplet,Drug,43.69,39,5,2027-07-24,LOTE-2024-2388
66,SUN LIP,lip,Drug,21.24,28,5,2028-07-13,LOTE-2024-2389
942872870,Miconal Gel Doccia 0% omega 3-6-9,gel,Drug,11.77,14,5,2026-08-18,LOTE-2024-2390
1718,Fenistil Kids 15ml ,Drop,Drug,4.7,38,5,2026-08-03,LOTE-2024-2391
10,girawa xera,Ovules Suppository,Drug,8.88,4,5,2027-01-20,LOTE-2024-2392
7891320000000,Selene 0.035mg,Tablet,Drug,24.11,42,5,2026-09-22,LOTE-2024-2393
2101,Face Mask Black 50pcs,maskk,Drug,16.16,18,5,2026-07-09,LOTE-2024-2394
2107,Glucare XR 750mg,Tablet,Drug,37.56,44,5,2028-07-13,LOTE-2024-2395
-11294298,desloratadine aristo 20 tab,Tablet,Drug,20.24,48,5,2026-08-18,LOTE-2024-2396
2033,Mixtard 30 100I.U 10ML,Vial,Drug,12.32,25,5,2028-07-13,LOTE-2024-2397
2108,Levorux 500mg,Tablet,Drug,28.35,7,5,2027-07-24,LOTE-2024-2398
8428750000000,Cumlaude lub intima Higiene Diaria 200ml,gel,Drug,32.24,38,5,2027-07-24,LOTE-2024-2399
74312044120,Colon cleanser,Capsule,Drug,8.77,28,5,2026-08-18,LOTE-2024-2400
2133,Value plus 160/10mg - ( 2 sheet ),Tablet,Drug,8.79,5,5,2026-08-18,LOTE-2024-2401
3800210000000,top clear 30 sachet ,sachet,Drug,3.1,3,5,2027-01-20,LOTE-2024-2402
1446,good disposable syringe 3ml,Syring,Supply,33.53,44,5,2026-08-18,LOTE-2024-2403
2059,Alide 4mg new ( 3sheet ) ,Tablet,Drug,30.38,31,5,2026-09-22,LOTE-2024-2404
4005810000000,Nivea Sun Kids Protect & Care spf50+,Cream,Drug,22.15,47,5,2026-09-22,LOTE-2024-2405
5206810000000,Vencil azemax cream 50ml,Cream,Drug,38.22,42,5,2026-08-18,LOTE-2024-2406
5022340000000,targofer 30ml drop,Drop,Drug,36.55,20,5,2026-08-18,LOTE-2024-2407
8699200000000,Good pregnancy test,pregnancy test,Supply,26.96,19,5,2027-07-24,LOTE-2024-2408
-9731277,Levofloxacin 500mg - aristo,Tablet,Drug,39.27,48,5,2026-08-18,LOTE-2024-2409
592,Condom Catheter,condom,Supply,10.45,11,5,2026-07-09,LOTE-2024-2410
2110,kalium Citrate 1.56g sanvista,effervecent tabalet,Drug,6.37,40,5,2027-01-20,LOTE-2024-2411
863433000000,hairTamin advanced formula cap,Capsule,Supply,13.23,3,5,2028-07-13,LOTE-2024-2412
5298000000000,Rosuvanox 20mg / rousovastatine,Tablet,Drug,3.98,23,5,2026-09-22,LOTE-2024-2413
6210820000000,Prednisolon Domina 100ml - syrup,Syrup,Drug,24.61,7,5,2026-08-03,LOTE-2024-2414
6210280000000,mergotrine 20 tab,Tablet,Drug,42.24,23,5,2027-01-20,LOTE-2024-2415
300549000000,Coldin 100ml  Syrup - SDI,Syrup,Drug,3.21,7,5,2028-07-13,LOTE-2024-2416
UWHTRS,Insumed30g 0.5ml,Syring,Supply,6.81,46,5,2027-07-24,LOTE-2024-2417
2143,Meva 135mg tab,Tablet,Drug,21.17,34,5,2027-01-20,LOTE-2024-2418
8809540000000,Fresh care water lenses,water ,Supply,42.12,42,5,2026-09-22,LOTE-2024-2419
8900010000000,Noonclav 1.2gm - Co-Amoxiclav inj,Vial,Drug,15.25,19,5,2027-01-20,LOTE-2024-2420
0000am5,STEROGYL 15 H Sothema,Amp,Drug,23.56,9,5,2026-08-03,LOTE-2024-2421
5904020000000,Like - Doxycycline 100mg,Capsule,Drug,3.31,48,5,2027-01-20,LOTE-2024-2422
5065010000000,Pregna Health PLUS OMEGA ( 2P ) ,Tablet,Drug,7.95,18,5,2027-07-24,LOTE-2024-2423
7350100000000,Bionnex Anti-hair loss anti-dandruff shampoo,Shampoo,Drug,44.42,41,5,2028-07-13,LOTE-2024-2424
2079,Color & Care lip gloss 11,lip,Supply,43.48,48,5,2026-08-18,LOTE-2024-2425
705632000000,Progestra 5mg - medroxyprogesterone,Tablet,Drug,1.71,45,5,2026-07-09,LOTE-2024-2426
3059940000000,veet dry skin 20 wax  strip,patch,Drug,42.9,42,5,2027-01-20,LOTE-2024-2427
2117,Sephora face mask shit mask,MASK,Drug,29.3,25,5,2027-07-24,LOTE-2024-2428
6212220000000,Fit 30cap - Orlistat,Capsule,Drug,39.25,14,5,2027-07-24,LOTE-2024-2429
8699980000000,Dexday   50mg,effervecent tabalet,Drug,21.28,44,5,2026-08-18,LOTE-2024-2430
-10171091,esomeprazole aristo 40mg,Tablet,Drug,23.93,25,5,2026-08-18,LOTE-2024-2431
8683140000000,jointa Roy tab,Tablet,Drug,22.76,19,5,2027-01-20,LOTE-2024-2432
2802800000000,Carbenem 1000mg/vial,Vial,Drug,30.51,39,5,2026-09-22,LOTE-2024-2433
526031,Kadermin cream 50ml,Cream,Drug,7.57,15,5,2028-07-13,LOTE-2024-2434
1567,onabet cream 30gm,Cream,Drug,2.8,16,5,2026-09-22,LOTE-2024-2435
8691300000000,INIC Cotton Pads,cotton,Drug,14.89,27,5,2027-07-24,LOTE-2024-2436
1008,ALTIAZEM,Tablet,Drug,32.15,40,5,2027-01-20,LOTE-2024-2437
2156,Phenazomex 100mg ,Tablet,Drug,10.28,10,5,2027-07-24,LOTE-2024-2438
5015920000000,Bizoprolol fumarate 5mg,Tablet,Drug,30.79,4,5,2026-09-22,LOTE-2024-2439
2155,Hiquin 4% 30g,Cream,Drug,43.69,19,5,2027-07-24,LOTE-2024-2440
5060740000000,Acetyl L-Carnitine 500mg 30cap,Capsule,Drug,5.58,28,5,2026-08-18,LOTE-2024-2441
6211760000000,"High-D 50,000 vitamin D3 i.u /2.5ml",SOLUTION,Drug,30.76,21,5,2027-01-20,LOTE-2024-2442
2127,Zinir 300mg - Cefdinir ,Capsule,Drug,20.8,47,5,2026-08-18,LOTE-2024-2443
905596185,Gasdep 30 cap - food supplement,Tablet,Supply,39.26,14,5,2026-09-22,LOTE-2024-2444
2119,Sephora Eye mask shit mask,MASK,Drug,9.21,33,5,2026-09-22,LOTE-2024-2445
4260760000000,Larin 75mg - pregabalin ,Capsule,Drug,31.63,48,5,2026-08-18,LOTE-2024-2446
8030010000000,President classic floss 50m,paty dan ,Drug,37.96,10,5,2028-07-13,LOTE-2024-2447
196852000000,Zolecin 500mg,Tablet,Drug,42.59,19,5,2026-08-18,LOTE-2024-2448
8904190000000,A-Clavsol 1000mg,Tablet,Drug,31.22,30,5,2027-07-24,LOTE-2024-2449
2142,Crepe Bndage 15cm*5y,bandj,Drug,23.13,22,5,2028-07-13,LOTE-2024-2450
1724,Samagesic 20tab,Tablet,Drug,28.38,3,5,2026-07-09,LOTE-2024-2451
8699510000000,deniz hair shampoo,Shampoo,Supply,39.3,37,5,2027-01-20,LOTE-2024-2452
5943080000000,Ivatherm ivahidra + intensive cream balm,Cream,Drug,26.32,41,5,2026-08-18,LOTE-2024-2453
5011450000000,Simple soothing facial toner 200ml,water ,Drug,2.82,18,5,2026-07-09,LOTE-2024-2454
9557890000000,FusiDerm cream 10g,Cream,Drug,42.0,11,5,2026-09-22,LOTE-2024-2455
5000150000000,veet 20 wax strips normal skin,patch,Supply,31.49,48,5,2028-07-13,LOTE-2024-2456
22,Yc lip care,lip,Drug,30.93,2,5,2026-07-09,LOTE-2024-2457
6261930000000,Sivand sulfur 9% soap,Soap,Drug,10.88,12,5,2027-01-20,LOTE-2024-2458
2175,Velox 500mg 5tab,Tablet,Drug,30.16,6,5,2027-01-20,LOTE-2024-2459
6212210000000,Desartan 8mg,Tablet,Drug,18.63,43,5,2028-07-13,LOTE-2024-2460
1169,osetron 8mg/4ml,Amp,Drug,29.83,40,5,2026-08-03,LOTE-2024-2461
6973930000000,vaseina 7gm lip ,lip,Drug,6.14,44,5,2027-01-20,LOTE-2024-2462
2146,Caberux 0.5 mg 2tab - cabergoline,Tablet,Drug,30.12,29,5,2027-01-20,LOTE-2024-2463
2129,Progeva 100mg - progesterone,Capsule,Drug,44.97,30,5,2027-01-20,LOTE-2024-2464
6264960000000,DR.BONE GUMMY,gum,Supply,3.6,2,5,2028-07-13,LOTE-2024-2465
2187,Mecam 15mg tablet,Tablet,Drug,44.01,9,5,2027-07-24,LOTE-2024-2466
235,medcathy  silicone catheter 18g,instrument,Supply,19.2,47,5,2026-07-09,LOTE-2024-2467
637,Gestophil 400mg,V. Supp,Drug,39.38,2,5,2026-09-22,LOTE-2024-2468
2125,NEBILET 3sheet 5mg,Tablet,Drug,35.53,29,5,2026-09-22,LOTE-2024-2469
2141,Fluconazole-Ozone 150mg,Capsule,Drug,26.17,33,5,2026-09-22,LOTE-2024-2470
6940750000000,Leopard plaster-first aid,plaster unit,Drug,33.62,10,5,2026-09-22,LOTE-2024-2471
6970290000000,gauze swab 80pieces,gauze,Drug,39.72,34,5,2026-09-22,LOTE-2024-2472
7603590000000,Potafast 50mg 30sachet,sachet,Drug,19.08,44,5,2026-09-22,LOTE-2024-2473
52022305229,Fertilex Sachet - helex,sachet,Drug,15.73,8,5,2028-07-13,LOTE-2024-2474
2164,GENIDIN 4g,Ointment,Drug,30.54,37,5,2026-08-03,LOTE-2024-2475
8436550000000,LaCabine monoactive 15% niacinamide,serum,Drug,36.64,33,5,2028-07-13,LOTE-2024-2476
-7239879,Carbimazole aristo 5mg,Tablet,Drug,34.66,47,5,2026-09-22,LOTE-2024-2477
8683880000000,Sea water nasal spray 30ml- utilis,Nasal Spray,Drug,36.2,6,5,2027-01-20,LOTE-2024-2478
2188,IsoRid 20mg - cap ,Capsule,Drug,20.45,44,5,2027-07-24,LOTE-2024-2479
7350120000000,Tepe nova Soft,toothbrush,Drug,37.08,40,5,2026-09-22,LOTE-2024-2480
0,vit lip,lip balm,Supply,6.73,45,5,2026-09-22,LOTE-2024-2481
20211507211,Neutrum 30tab,Tablet,Drug,25.19,19,5,2026-09-22,LOTE-2024-2482
938965377,FBM Vaginal - 10 V.ovules,Ovules Suppository,Drug,1.75,32,5,2026-09-22,LOTE-2024-2483
1680,as-betnosam cream 15gm SDI;,Cream,Drug,15.62,27,5,2028-07-13,LOTE-2024-2484
2154,Priorin N 90 cap,Capsule,Drug,17.44,1,5,2027-07-24,LOTE-2024-2485
6212200000000,Zomoland 250/300mg 20cap,Capsule,Drug,18.73,43,5,2026-08-03,LOTE-2024-2486
1391,FOLY CATHETER SILICON AND TARANSPENT,condom,Supply,31.75,33,5,2026-08-03,LOTE-2024-2487
685,urine bag kisy miz,instrument,Supply,18.4,40,5,2026-09-22,LOTE-2024-2488
2136,Flocazole 150mg - 1cap,Capsule,Drug,21.02,32,5,2026-08-03,LOTE-2024-2489
598351000000,Ethanol 70% 100ml,spray,Drug,11.83,5,5,2027-01-20,LOTE-2024-2490
2173,Glucare 850mg- jpi,Tablet,Drug,17.74,17,5,2026-08-03,LOTE-2024-2491
2201,Sina Plex Chocolate Children iron plus,suppliment,Drug,11.39,8,5,2027-01-20,LOTE-2024-2492
8594740000000,Dutrozen 0.5mg/0.4mg cap,Capsule,Drug,4.68,42,5,2026-07-09,LOTE-2024-2493
8699970000000,Stag delay spray for men,spray,Drug,27.75,34,5,2026-09-22,LOTE-2024-2494
1734,Xiga 10mg Dapagliflozin,Tablet,Drug,30.57,9,5,2027-01-20,LOTE-2024-2495
2209,Reducar 20mg - 30tab,Tablet,Drug,28.45,23,5,2026-09-22,LOTE-2024-2496
4650100000000,MEVEL 20mg - omeprazole,Capsule,Drug,21.66,35,5,2028-07-13,LOTE-2024-2497
1386,lartil injection 12.5mg/ml (1ml),Amp,Drug,18.02,7,5,2028-07-13,LOTE-2024-2498
350,Biofemalia,V. cream,Drug,39.06,15,5,2026-09-22,LOTE-2024-2499
222085,Claritine  non-Drowsy,Tablet,Drug,24.08,20,5,2026-07-09,LOTE-2024-2500
5045100000000,Soap & Glory Body Scrub 200ml,scrub,Drug,22.34,25,5,2027-07-24,LOTE-2024-2501
59082286,vaseline gold lip therapy,lip,Drug,2.62,3,5,2028-07-13,LOTE-2024-2502
41020215,Speedo 50mg,sachet,Drug,16.34,46,5,2027-07-24,LOTE-2024-2503
6945510000000,Vinsa Toothbrush,toothbrush,Drug,18.04,24,5,2026-08-03,LOTE-2024-2504
6970540000000,FlyFree 10pads,santi,Drug,18.85,34,5,2028-07-13,LOTE-2024-2505
804227,Pantoprazole 40mg,Tablet,Drug,26.74,46,5,2026-08-18,LOTE-2024-2506
667,Allermin,Syrup,Drug,24.71,22,5,2027-07-24,LOTE-2024-2507
2218,PICOPREP sachet,sachet,Drug,27.94,11,5,2028-07-13,LOTE-2024-2508
4820250000000,Di3Calt Max,Capsule,Drug,34.77,48,5,2026-08-18,LOTE-2024-2509
9552640000000,Hycort 100mg/vial,Vial,Drug,36.86,8,5,2028-07-13,LOTE-2024-2510
5280270000000,Caster oil fresh and natural oil,oil,Drug,32.74,39,5,2026-09-22,LOTE-2024-2511
6971610000000,Gloves special coat powder-free / blue,Glove,Drug,43.07,43,5,2028-07-13,LOTE-2024-2512
804226,Pantoprazole 20mg,Tablet,Drug,2.29,35,5,2026-08-18,LOTE-2024-2513
8435530000000,LaCabine pure retinol 15amp,Amp,Drug,10.02,49,5,2028-07-13,LOTE-2024-2514
9780200000000,Medisist Band transparent 24pcs,strip,Drug,1.83,46,5,2026-08-03,LOTE-2024-2515
2227,Medisol 0.9% 500ml,bottel ,Drug,29.67,38,5,2027-07-24,LOTE-2024-2516
12,Becozyme forte BAYER,Tablet,Drug,40.56,8,5,2027-01-20,LOTE-2024-2517
2144,Caberux 0.5mg - Cabergoline,Tablet,Drug,12.09,37,5,2026-09-22,LOTE-2024-2518
5056130000000,Vita Thrive Multivitamin & Mineral,Tablet,Drug,41.83,27,5,2026-08-18,LOTE-2024-2519
2113,navid palm support 179,support,Supply,4.12,28,5,2027-07-24,LOTE-2024-2520
2193,Gastroprotect 10/165/800mg ( 2 sheet ) ,Tablet,Drug,42.15,40,5,2026-08-18,LOTE-2024-2521
300888000000,Butadin ( salbutamol )  - syrup 100ml,Syrup,Drug,16.8,34,5,2027-01-20,LOTE-2024-2522
3540550000000,Filorga Time-Filler 5XP gel cream  eyes,Cream,Drug,5.91,32,5,2026-08-18,LOTE-2024-2523
8684050000000,"Mirvit D3 25,000I.U",Capsule,Drug,22.64,15,5,2028-07-13,LOTE-2024-2524
4061460000000,Lacura Cotton Wool Pads,cotton,Drug,12.67,44,5,2026-07-09,LOTE-2024-2525
-7100638,thiamazole aristo 5 mg,Tablet,Drug,13.89,17,5,2026-08-18,LOTE-2024-2526
2135,piophage 500 mg ( 3 sheet ) ,Tablet,Drug,14.87,33,5,2026-08-18,LOTE-2024-2527
44,vaseline 7gm,Cream,Drug,36.43,47,5,2026-09-22,LOTE-2024-2528
6295120000000,Gaviscon Double Action 32mint tab,Chewable tablet,Drug,24.95,46,5,2026-08-18,LOTE-2024-2529
11215,ALERXEM 50mcg 120dos,Nasal Spray,Drug,15.04,16,5,2026-09-22,LOTE-2024-2530
6954250000000,Kailin Orgasmic gel,gel,Drug,28.05,29,5,2028-07-13,LOTE-2024-2531
196853000000,Vitanex Fat Stop 60cap,Capsule,Drug,32.65,9,5,2027-07-24,LOTE-2024-2532
8430340000000,Laser Tooth Brush Medium,toothbrush,Drug,13.36,33,5,2027-01-20,LOTE-2024-2533
5040270000000,Metho 50mg/ 5ml vial,Vial,Drug,19.49,49,5,2026-08-03,LOTE-2024-2534
82022258225,Well-D3 Oral Drop,Drop,Drug,6.8,29,5,2027-01-20,LOTE-2024-2535
*SDI-10AAA028*,ponstidin 20tab,Tablet,Drug,9.38,13,5,2026-08-18,LOTE-2024-2536
2202,Sina Plex Chocolate Adult iron plus,suppliment,Drug,31.13,21,5,2027-07-24,LOTE-2024-2537
2229,Lotevan 5/160mg,Tablet,Drug,9.39,21,5,2026-08-18,LOTE-2024-2538
8683400000000,Fines Biotin+ Super hair booster 180mg,gum,Drug,24.34,5,5,2026-09-22,LOTE-2024-2539
2219,Albendazole Combi 400mg,Tablet,Drug,32.34,10,5,2026-09-22,LOTE-2024-2540
6260370000000,Cinere Roll,Role,Drug,6.15,6,5,2028-07-13,LOTE-2024-2541
8007880000000,Bellisma shower gel 1000ml,gel,Drug,26.18,13,5,2026-08-03,LOTE-2024-2542
8683500000000,Diormin 850mg,Tablet,Drug,12.66,1,5,2027-01-20,LOTE-2024-2543
815544000000,ASPIRIN 81MG VITANE,Tablet,Drug,43.39,20,5,2026-08-03,LOTE-2024-2544
5904010000000,Kivo folic acid 400mcg,Tablet,Drug,22.53,47,5,2027-07-24,LOTE-2024-2545
525,Alcohol Pads,Pad,Supply,36.56,46,5,2028-07-13,LOTE-2024-2546
2204,Atrost 20mg Atorvastatin,Tablet,Drug,25.43,8,5,2026-09-22,LOTE-2024-2547
2235,lilytonin sleep aid 30tab 3sheet,Tablet,Drug,3.39,10,5,2026-09-22,LOTE-2024-2548
6941000000000,Baby Waterproof ear stickers,patch,Drug,29.04,9,5,2028-07-13,LOTE-2024-2549
2216,wld gauze 85gr,gauze,Drug,42.89,49,5,2027-01-20,LOTE-2024-2550
5034590000000,Eros Delay Spray,spray,Drug,27.67,41,5,2026-09-22,LOTE-2024-2551
1765,Ringer Solution -RASAN ,Bottle,Drug,37.13,3,5,2027-01-20,LOTE-2024-2552
8697430000000,Ayset Neddle 4mm,Pen,Drug,39.96,11,5,2027-01-20,LOTE-2024-2553
173UWJ,Folilac 5mg,Tablet,Drug,11.42,12,5,2026-08-03,LOTE-2024-2554
6952190000000,Cotton Rounds 120pcs,cotton,Drug,10.72,10,5,2027-07-24,LOTE-2024-2555
6260300000000,Nano Hand Cream,Cream,Drug,28.08,25,5,2026-09-22,LOTE-2024-2556
2240,gerawa Cysteamine,gerawa,Drug,19.38,49,5,2026-08-03,LOTE-2024-2557
2157,Melatonin Spray 30ml,spray,Drug,38.03,49,5,2027-07-24,LOTE-2024-2558
140,GastroCell,Capsule,Drug,40.65,25,5,2026-09-22,LOTE-2024-2559
2179,Diapam 5mg,Tablet,Drug,16.87,11,5,2026-08-03,LOTE-2024-2560
8057640000000,Fertal Power M 30sachet,sachet,Drug,11.8,36,5,2027-01-20,LOTE-2024-2561
6212260000000,Duspal 135mg ,Tablet,Drug,35.45,39,5,2028-07-13,LOTE-2024-2562
2220,"Dicure d3 10,000 i.u 2sheet",Capsule,Drug,13.45,26,5,2028-07-13,LOTE-2024-2563
1503,navid ortho posture aid brace support,support,Supply,37.28,14,5,2028-07-13,LOTE-2024-2564
2120,novorapid 100unit,Pen,Supply,19.93,39,5,2028-07-13,LOTE-2024-2565
2205,Atrost 40mg Atorvastatin,Tablet,Drug,30.54,40,5,2026-07-09,LOTE-2024-2566
1245,navid palm support 162,support,Supply,5.66,1,5,2026-09-22,LOTE-2024-2567
60018960,Vaseline BLUESEAL cocoa butter 100ml,Cream,Supply,28.64,4,5,2027-07-24,LOTE-2024-2568
2172,Duspamen 135mg tab,Tablet,Drug,21.15,30,5,2026-09-22,LOTE-2024-2569
6213070000000,Adaclean 0.1%,gel,Drug,27.02,12,5,2027-01-20,LOTE-2024-2570
5050650000000,Amlodipine 5mg,Tablet,Drug,8.81,35,5,2027-01-20,LOTE-2024-2571
7501040000000,gingi lacer 75ml,Toothpaste,Supply,33.55,13,5,2026-09-22,LOTE-2024-2572
3701220000000,Utrogestan 100mg,Capsule,Drug,39.03,31,5,2028-07-13,LOTE-2024-2573
942802758,Ginfast PRL Erbozeta,Tablet,Drug,10.93,38,5,2027-01-20,LOTE-2024-2574
6006270000000,Amikacin Fresenius  500mg/2ml,Vial,Drug,5.66,43,5,2026-09-22,LOTE-2024-2575
42354987,Nivea dry fresh women,Role,Drug,2.53,23,5,2028-07-13,LOTE-2024-2576
2266,Saxenda 6mg/ml ( 1pen ),Pen,Drug,29.43,4,5,2026-09-22,LOTE-2024-2577
5903240000000,Ferrotop 30 cap -ethifarm,Capsule,Drug,27.91,16,5,2026-08-18,LOTE-2024-2578
1643,lorazesam 2mg sdi 30tab ,Tablet,Drug,25.28,7,5,2027-01-20,LOTE-2024-2579
7791290000000,Rexona 72h bamboo & aloe vera,spray,Drug,11.59,22,5,2027-07-24,LOTE-2024-2580
8908010000000,Cele-Pantoprazole 40mg,Tablet,Drug,18.5,29,5,2027-07-24,LOTE-2024-2581
8697660000000,EAU DE perfume,spray,Drug,27.36,11,5,2027-07-24,LOTE-2024-2582
688131000000,Black Nitrile Pwder Free Gloves,Glove,Drug,23.11,33,5,2027-07-24,LOTE-2024-2583
6970260000000,Hanayan cooton ,Ear cotton,Drug,44.47,29,5,2026-08-18,LOTE-2024-2584
2230,Dermodin oint MDI,Ointment,Drug,7.44,39,5,2028-07-13,LOTE-2024-2585
8904400000000,Betamark scalp lotion,Lotion,Drug,31.74,12,5,2028-07-13,LOTE-2024-2586
2248,APRAZOLE*-20 ( 2 sheet ),Capsule,Drug,19.09,7,5,2026-08-18,LOTE-2024-2587
150144000000000,Hucidin 2%,Ointment,Drug,20.13,39,5,2026-08-03,LOTE-2024-2588
2233,Allermiden syrup 100ml,Syrup,Drug,32.72,42,5,2028-07-13,LOTE-2024-2589
7311920000000,Alendronate Bluefish 70mg,Tablet,Drug,31.62,48,5,2028-07-13,LOTE-2024-2590
8806470000000,Korus Fluconazole 150mg-cap ,Capsule,Drug,44.62,26,5,2028-07-13,LOTE-2024-2591
2236,rozavi 20mg,Tablet,Drug,7.09,40,5,2028-07-13,LOTE-2024-2592
5016000000000,contour 2 tube  test strips,test  strip,Supply,6.03,9,5,2027-01-20,LOTE-2024-2593
9120020000000,Medfine-4 pen needle 4mm,Needle,Drug,33.01,41,5,2027-01-20,LOTE-2024-2594
4660150000000,Levocetirizine-Ozon 5mg,Tablet,Drug,26.66,34,5,2027-01-20,LOTE-2024-2595
3400950000000,Polygynax 12 vaginal cap,Capsule,Drug,13.43,45,5,2026-08-03,LOTE-2024-2596
2288,Elegant Sulpher 2% Soap,Soap,Drug,4.95,13,5,2027-07-24,LOTE-2024-2597
2287,Mili-Sol NS 100ml,SOLUTION,Drug,5.23,36,5,2027-01-20,LOTE-2024-2598
2258,Rozavi 10mg,Tablet,Drug,40.4,25,5,2027-01-20,LOTE-2024-2599
8006540000000,Always Cottony softness,santi,Drug,9.85,24,5,2027-01-20,LOTE-2024-2600
2243,Zinc Oxide oint-MDI,Ointment,Drug,15.57,44,5,2026-09-22,LOTE-2024-2601
5900780000000,Novaclear Whitening Hand Cream,Cream,Drug,11.36,17,5,2026-08-18,LOTE-2024-2602
5998600000000,Lizifem Trio 250ml,V. wash,Drug,16.94,2,5,2026-08-18,LOTE-2024-2603
8681130000000,Vita Bin 200ml,Syrup,Drug,4.52,13,5,2026-08-18,LOTE-2024-2604
101310,Ibuprofen 400mg,Tablet,Drug,24.08,31,5,2026-08-18,LOTE-2024-2605
8684170000000,melatonin 10mg,Tablet,Drug,4.44,29,5,2028-07-13,LOTE-2024-2606
8684130000000,Minazole 2% shampoo,Shampoo,Drug,36.32,28,5,2026-08-18,LOTE-2024-2607
6913240000000,Vaporal Inhalador,inhaler ,Drug,11.67,27,5,2026-08-18,LOTE-2024-2608
2295,Q1 Plus 60cap -4sheet,Capsule,Drug,24.99,15,5,2027-01-20,LOTE-2024-2609
2272,Metaz 0.1% cream,Cream,Drug,39.78,31,5,2027-01-20,LOTE-2024-2610
7614700000000,MUM Anti-Perpirant rool women,Role,Drug,29.81,40,5,2026-08-18,LOTE-2024-2611
2290,Ceftriaxone Reig Jofr 1g Iv,Vial,Drug,24.68,15,5,2027-07-24,LOTE-2024-2612
5031230000000,TBL-Cabergoline 0.5mg,Tablet,Drug,15.61,33,5,2027-07-24,LOTE-2024-2613
5900260000000,Nedal 5mg,Tablet,Drug,15.99,20,5,2026-08-18,LOTE-2024-2614
5907610000000,Eveline spf 50sun cream,Cream,Drug,30.62,42,5,2026-08-18,LOTE-2024-2615
1336,maday wahmi,Syrup,Drug,44.75,12,5,2028-07-13,LOTE-2024-2616
5400050000000,Hermobin amp,Amp,Drug,30.29,37,5,2027-07-24,LOTE-2024-2617
8391600000000,Lanomentin 1000mg,Tablet,Drug,25.76,9,5,2027-01-20,LOTE-2024-2618
33,disposable sterile syringr 10cc,Syring,Supply,33.28,23,5,2026-08-03,LOTE-2024-2619
2221,Arbavasc HCT 160/10/12.5mg,Tablet,Drug,21.74,8,5,2026-09-22,LOTE-2024-2620
2284,Helmanil Suspension,Suspension,Drug,4.12,32,5,2027-01-20,LOTE-2024-2621
8684300000000,Proca Forte Spray,spray,Drug,25.96,48,5,2026-08-18,LOTE-2024-2622
804230,Glimepiride 3mg 60tab,Tablet,Drug,43.16,14,5,2026-09-22,LOTE-2024-2623
-6434254,Aciclovir Aristo 400mg,Tablet,Drug,9.13,27,5,2027-01-20,LOTE-2024-2624
6761950000000,Bio-Omega 3   1000mg,Capsule,Drug,31.52,25,5,2026-09-22,LOTE-2024-2625
6211310000000,Alctone 100mg,Tablet,Drug,10.24,13,5,2027-07-24,LOTE-2024-2626
5904000000000,Axonal Fort 60tab,Tablet,Drug,24.81,21,5,2027-07-24,LOTE-2024-2627
2151,gvsoft 2 children  - 5 supp,Suppository,Drug,5.71,45,5,2026-09-22,LOTE-2024-2628
2031,NO FLU,Tablet,Drug,21.09,31,5,2027-07-24,LOTE-2024-2629
804231,Glimepiride 4mg 60tab,Tablet,Supply,34.39,37,5,2026-08-03,LOTE-2024-2630
10627800000000,AWEZA Anion 8 adad,santi,Supply,16.62,48,5,2027-07-24,LOTE-2024-2631
2311,Medro 400mg Phizer,Tablet,Drug,30.42,43,5,2026-08-18,LOTE-2024-2632
8906160000000,Aqualog 15g oral base,Oral gel,Drug,36.1,5,5,2026-08-03,LOTE-2024-2633
8809050000000,nose pore cleansing,test strip,Supply,41.83,13,5,2027-01-20,LOTE-2024-2634
907176756,ergon banana flavour biotrading 10-vials of 10ml,Vial pack,Drug,11.71,28,5,2026-09-22,LOTE-2024-2635
3701710000000,Olmetec Plus 40/12.5mg,Tablet,Drug,18.87,43,5,2028-07-13,LOTE-2024-2636
1722,arm sling navid code 118,bandj,Supply,8.13,25,5,2026-09-22,LOTE-2024-2637
6282720000000,Zara Spray 2+8,spray,Drug,44.67,35,5,2026-08-18,LOTE-2024-2638
6923260000000,Dear She Nose Strip,strip,Drug,41.82,47,5,2027-01-20,LOTE-2024-2639
5907530000000,Flo Natal cap ,Capsule,Drug,24.99,39,5,2026-09-22,LOTE-2024-2640
173UVB,Pantolac 20mg,Tablet,Drug,38.13,7,5,2026-09-22,LOTE-2024-2641
2294,Doliprane 500 mg ( 2 sheet ),Tablet,Drug,24.16,38,5,2027-01-20,LOTE-2024-2642
8683530000000,Avoxidil spray 5%-minoxidil,spray,Drug,28.63,32,5,2027-07-24,LOTE-2024-2643
2242,Olmetec Plus 40/25mg,Tablet,Drug,5.38,3,5,2028-07-13,LOTE-2024-2644
5904960000000,D-Zone 1000iu 30softgel,softgel,Drug,34.35,45,5,2028-07-13,LOTE-2024-2645
6001090000000,Vaseine BLUESEAL,Cream,Supply,7.06,39,5,2026-08-18,LOTE-2024-2646
8684400000000,"Cron-Vit D3 300,000iu",Amp,Drug,37.43,37,5,2027-07-24,LOTE-2024-2647
4820260000000,Ketalgin iv/im 30mg/1ml,Amp,Drug,35.52,22,5,2026-09-22,LOTE-2024-2648
2081,Paraxone 250/300mg ,Capsule,Drug,32.33,8,5,2027-01-20,LOTE-2024-2649
5060400000000,Ovu Medz Sachets,sachet,Drug,3.07,17,5,2026-09-22,LOTE-2024-2650
2244,Laura Cotton,cotton,Supply,14.69,27,5,2028-07-13,LOTE-2024-2651
6213000000000,Resleep 5mg,Tablet,Drug,12.95,33,5,2027-07-24,LOTE-2024-2652
2291,Pcol 1000mg/100ml IV,SOLUTION,Drug,17.17,46,5,2028-07-13,LOTE-2024-2653
6970800000000,Liberhaus cotton pads 165pcs,cotton,Drug,5.31,17,5,2027-07-24,LOTE-2024-2654
8904300000000,Cool-X Burn Spray,spray,Drug,42.26,42,5,2028-07-13,LOTE-2024-2655
5281020000000,Soft Wave Shampoo hijab,Shampoo,Drug,25.59,12,5,2027-07-24,LOTE-2024-2656
2325,Adolin Gel 0.1%,gel,Drug,14.79,48,5,2026-09-22,LOTE-2024-2657
725202000000,DeoFolic ( Folic Acid + B12 + Iodine ),Tablet,Drug,18.77,46,5,2026-08-18,LOTE-2024-2658
4840980000000,"D3Plan 5,000 iu",Capsule,Drug,20.95,27,5,2026-09-22,LOTE-2024-2659
8829207,Panadol COLD+FLU DAY,Tablet,Drug,27.63,48,5,2026-07-09,LOTE-2024-2660
2253,Zomega 3 Complete 30softgel,Capsule,Drug,23.93,8,5,2027-01-20,LOTE-2024-2661
2161,Injection Plaster white,plaster pac,Drug,41.49,23,5,2027-01-20,LOTE-2024-2662
793421000000,ethanol 70 % spray 250ml,spray,Supply,23.12,42,5,2027-01-20,LOTE-2024-2663
9556050000000,Sakaria Pen Needles 4mm,Pen,Drug,44.66,49,5,2028-07-13,LOTE-2024-2664
9550200000000,Pentone 8mg/2ml,Amp,Drug,38.54,29,5,2028-07-13,LOTE-2024-2665
2337,Cele-Itrazole 100mg,Capsule,Drug,10.57,20,5,2026-08-18,LOTE-2024-2666
2300,"Supra D 10,000iu ",softgel,Drug,41.98,16,5,2026-09-22,LOTE-2024-2667
4056930000000,zomet 4mg/2ml,Amp,Drug,6.56,17,5,2026-09-22,LOTE-2024-2668
-2129471,Pantoprazol Aristo 40mg,Tablet,Drug,37.06,16,5,2026-09-22,LOTE-2024-2669
1612,pantosaiph 20mg 10tab,Tablet,Drug,18.06,19,5,2027-07-24,LOTE-2024-2670
7649990000000,Eptaderm- Epta Spot Night Serum  30ml,serum,Drug,39.69,8,5,2027-01-20,LOTE-2024-2671
2314,Amlovasweser 10/160 mg,Tablet,Drug,39.26,38,5,2027-01-20,LOTE-2024-2672
2330,Atorva 20mg,Tablet,Drug,36.56,38,5,2028-07-13,LOTE-2024-2673
3800040000000,Inopharm Pure 2% Retinol,serum,Drug,35.87,29,5,2027-07-24,LOTE-2024-2674
6975770000000,RealBeauty Makeup Remover,makeup remover,Supply,14.75,41,5,2026-08-03,LOTE-2024-2675
6260180000000,Lorazepam 1mg Iran,Tablet,Drug,5.02,36,5,2027-07-24,LOTE-2024-2676
195,Depo-Provera 150mg,Vial,Drug,19.03,26,5,2026-09-22,LOTE-2024-2677
2345,Ravimed 5mg 30tab,Tablet,Drug,9.05,31,5,2026-08-18,LOTE-2024-2678
1563,telpress 40    Tablet SANA PHARMA;,Tablet,Drug,31.73,44,5,2026-08-03,LOTE-2024-2679
2336,Cele-Etocoxib 90mg,Tablet,Drug,16.56,12,5,2026-09-22,LOTE-2024-2680
8057160000000,Science Greasy Seborrhea Shampoo,Shampoo,Drug,43.94,17,5,2026-09-22,LOTE-2024-2681
8593530000000,Spokar Dental Floss 50m,floss,Drug,29.38,15,5,2026-08-18,LOTE-2024-2682
4751030000000,Herbal Plus Toothpaste,Toothpaste,Drug,37.28,9,5,2027-01-20,LOTE-2024-2683
6251860000000,Aspitect 81mg,Tablet,Drug,7.26,39,5,2027-07-24,LOTE-2024-2684
2318,ozempic 1g,Pen,Drug,39.0,42,5,2026-08-18,LOTE-2024-2685
6958400000000,PoloDent Extra Soft TB,toothbrush,Drug,41.64,48,5,2026-07-09,LOTE-2024-2686
3760140000000,Gamarde Dynamisant Elixir ,serum,Drug,22.69,12,5,2027-07-24,LOTE-2024-2687
290,Xylocain Jelly 2%,Skin Gel,Drug,27.87,32,5,2026-07-09,LOTE-2024-2688
2317,Nastocord Cream 15g,Cream,Drug,34.77,25,5,2028-07-13,LOTE-2024-2689
8410890000000,Neocarbone 30cap,Capsule,Drug,9.11,39,5,2027-01-20,LOTE-2024-2690
2256,Methergin 0.125mg ,Tablet,Drug,23.36,18,5,2026-09-22,LOTE-2024-2691
1360,Toras-denk 10mg 30 tab,Tablet,Drug,18.84,15,5,2026-08-18,LOTE-2024-2692
2353,Itrazol 100mg,Capsule,Drug,7.87,32,5,2026-07-09,LOTE-2024-2693
-1175664,Naproxen 500mg Aristo,Tablet,Drug,17.49,6,5,2026-08-18,LOTE-2024-2694
8029040000000,Bionike TRIDERM PH 3.5 Intimate,wash,Drug,4.47,44,5,2026-08-03,LOTE-2024-2695
2361,Cele-Muscolax 150mg 30tab,Tablet,Drug,2.62,43,5,2027-01-20,LOTE-2024-2696
88,Ns Sodium Chloride 0.9% 100ml,bottel ,Drug,7.38,35,5,2026-08-18,LOTE-2024-2697
6211900000000,OBARCAINE 2%   50ML,Vial,Drug,43.4,34,5,2027-01-20,LOTE-2024-2698
1703,klavox 1gm 20 tab,Tablet,Drug,25.4,38,5,2027-01-20,LOTE-2024-2699
3574670000000,johnson baby shampoo 200ml,Shampoo,Supply,43.51,5,5,2026-08-18,LOTE-2024-2700
2359,Dextrose 5% w/v,bottel ,Drug,20.31,18,5,2026-07-09,LOTE-2024-2701
2362,kapsol Medroxyprogestrone 10mg,Capsule,Drug,15.06,16,5,2026-07-09,LOTE-2024-2702
6921200000000,Cucumber Blosson Sheet Mask,MASK,Drug,23.52,8,5,2026-07-09,LOTE-2024-2703
Auto-1050,H:y.d.r.a.p.r.e.s. .2.5.m.g. .c.o.m.p.r.i.m.i.d.os,Tablet,Drug,20.62,25,5,2027-07-24,LOTE-2024-2704
A000400,avamys 120 sprays / gsk,,Drug,6.1,32,5,2026-09-22,LOTE-2024-2705
6297000000000,royal malaki,tea,Supply,29.38,26,5,2027-07-24,LOTE-2024-2706
A000415,nystacort-d cream15g,Cream,Drug,10.9,22,5,2026-09-22,LOTE-2024-2707
3510,molped maxi,santy,Drug,28.45,31,5,2026-09-22,LOTE-2024-2708
761828000000,fresh breath red,Spray,Drug,29.78,43,5,2027-01-20,LOTE-2024-2709
Auto-992,X:a.r.e.l.t.o.2.0.m.g. .t.u.r.k.e.y.,Tablet,Drug,8.11,10,5,2027-07-24,LOTE-2024-2710
A000196,celebrex 200mg 30capsul,Capsule,Drug,4.17,12,5,2026-08-18,LOTE-2024-2711
Auto-513,zolter 40mg,,Drug,35.46,28,5,2026-08-03,LOTE-2024-2712
A000207,tulip 40mg 30tablet / sandoz,Tablet,Drug,21.5,6,5,2027-01-20,LOTE-2024-2713
7616100000000,Nido 3 sar swr,milk,Supply,4.03,20,5,2026-09-22,LOTE-2024-2714
2712,Exforge 5mg/160mg  aslly,Tablet,Drug,44.78,5,5,2026-09-22,LOTE-2024-2715
Auto-1025,p:e.n.t.a.s.a. .5.0.0.m.g. .1.0.0.t.a.l.e.t. ./. .f.e.r.r.i.ng istanbul,,Drug,4.01,23,5,2027-01-20,LOTE-2024-2716
5167,Syrnge  50ml,Syrnge,Drug,31.73,9,5,2026-09-22,LOTE-2024-2717
5000380000000,Cow &Gate 3 milk 900G,,Supply,44.29,29,5,2027-01-20,LOTE-2024-2718
3515450000000,NUTriCAP croissance Growth cap,Capsule,Drug,11.9,16,5,2027-01-20,LOTE-2024-2719
8712400000000,bebelac -ar,milk,Supply,7.69,46,5,2027-07-24,LOTE-2024-2720
5103,gauze swab,,Supply,6.78,22,5,2027-07-24,LOTE-2024-2721
A000355,Voltfast 50mg 9Sachet,sachet,Drug,14.69,8,5,2027-01-20,LOTE-2024-2722
8718120000000,Aptamil PDF,milk,Drug,5.9,20,5,2027-01-20,LOTE-2024-2723
Auto-776,motilin 10 children,,Drug,31.61,14,5,2028-07-13,LOTE-2024-2724
4008490000000,Contractubex 20mg,Gel,Drug,4.21,39,5,2026-09-22,LOTE-2024-2725
801541,clotrimazole labesfal 10mg/g,Cream,Drug,23.66,37,5,2026-09-22,LOTE-2024-2726
832436000000,Nanogen Thickening Treatment Women,Shampoo,Supply,44.86,34,5,2027-07-24,LOTE-2024-2727
Auto-485,depo-medrol 80mg syringe,Injection,Drug,36.91,11,5,2027-01-20,LOTE-2024-2728
5384,Parol 10mg  100ml,vial,Drug,28.26,40,5,2026-08-03,LOTE-2024-2729
3189819,Aspegic Adultes 1000mg,sachet,Drug,14.82,33,5,2028-07-13,LOTE-2024-2730
5440,Voltfast 50mg 30Sachet,sachet,Drug,28.64,31,5,2026-07-09,LOTE-2024-2731
A000209,Vermox 100mg 6tab.,Tablet,Drug,24.43,44,5,2027-07-24,LOTE-2024-2732
4043750000000,Duracell activair 675,,Supply,20.03,34,5,2027-07-24,LOTE-2024-2733
6009,flu-out,Tablet,Drug,7.19,7,5,2028-07-13,LOTE-2024-2734
Auto-47,Paracetamol 500mg sdi,Tablet,Drug,40.07,49,5,2026-08-03,LOTE-2024-2735
3043930000000,France lait confort 1,milk,Supply,21.07,23,5,2027-01-20,LOTE-2024-2736
9502930000000,Panadol Advance 72tabs,Tablet,Drug,9.97,46,5,2026-09-22,LOTE-2024-2737
5126,Paracetol 500mg tablet Iraqi,Tablet,Drug,17.5,7,5,2026-09-22,LOTE-2024-2738
2961540000000,Panadol Joint,Tablet,Drug,19.51,25,5,2026-08-03,LOTE-2024-2739
8690740000000,canbebe 6 (15+) 19adet,,Supply,37.5,3,5,2027-01-20,LOTE-2024-2740
2132410000000000,Arm Sling,,Drug,33.41,38,5,2026-09-22,LOTE-2024-2741
5099860000000,similac 1 sada,milk,Supply,34.96,20,5,2026-08-03,LOTE-2024-2742
9556560000000,carex multi pleasure,,Drug,1.98,34,5,2027-01-20,LOTE-2024-2743
5011840000000,halls dual action,,Drug,19.6,49,5,2027-07-24,LOTE-2024-2744
Auto-943,Janumet 50mg/1000mg aslly,Tablet,Drug,22.44,44,5,2027-07-24,LOTE-2024-2745
A00036,alone ever-shiled / forever,,Drug,2.33,44,5,2028-07-13,LOTE-2024-2746
5425010000000,remescar,,Supply,12.8,30,5,2026-09-22,LOTE-2024-2747
9000,Tegretol CR 200mg 50 tab be code,Tablet,Drug,34.57,17,5,2028-07-13,LOTE-2024-2748
100630,paracetamol generis 1g ,,Drug,7.46,10,5,2028-07-13,LOTE-2024-2749
Auto-575,trileptal 600 asli,Tablet,Drug,24.79,35,5,2026-08-18,LOTE-2024-2750
5458,Dibase 300.000 I.U,,Drug,10.86,20,5,2026-08-18,LOTE-2024-2751
A000625,Canestene 20g becode,Cream,Drug,2.03,18,5,2026-09-22,LOTE-2024-2752
6261120000000,Irox Vaseline Emollient & Barrier,,Supply,11.99,45,5,2026-09-22,LOTE-2024-2753
A00096,Aspirin Protect 100mg,Tablet,Drug,43.95,44,5,2027-01-20,LOTE-2024-2754
5403,Galvus Met 50mg/1000mg aslli be code,Tablet,Drug,36.37,27,5,2027-01-20,LOTE-2024-2755
Auto-739,dalacin 150mg,Capsule,Drug,43.24,49,5,2027-07-24,LOTE-2024-2756
A00059,procyclidine hci bp 5mg / cyprus,Tablet,Drug,22.72,36,5,2027-01-20,LOTE-2024-2757
A000309,zinc-it,Syrup,Drug,6.27,23,5,2026-08-03,LOTE-2024-2758
10204,Alfacort 15gm,Cream,Drug,25.34,32,5,2028-07-13,LOTE-2024-2759
A000439,dermocal 25g / sdi,Cream,Drug,21.27,10,5,2026-09-22,LOTE-2024-2760
A000326,Bronquium,Syrup,Drug,38.23,11,5,2028-07-13,LOTE-2024-2761
3800030000000,whitening ,tooth paste,Drug,5.77,38,5,2026-08-03,LOTE-2024-2762
818926000000,Psoriasis Control,Cream,Supply,22.74,6,5,2028-07-13,LOTE-2024-2763
Auto-937,hemorrel ointment,ointment,Drug,8.03,41,5,2026-08-03,LOTE-2024-2764
8908000000000,daclomol india,,Drug,15.62,47,5,2026-08-18,LOTE-2024-2765
5992010000000,gimex m,,Drug,33.58,34,5,2026-07-09,LOTE-2024-2766
A00032,gauze ,,Drug,22.21,36,5,2027-07-24,LOTE-2024-2767
8698920000000,povifix 4%,,Drug,17.85,37,5,2028-07-13,LOTE-2024-2768
5395,Ponstan Forte 500mg,Tablet,Drug,18.66,17,5,2026-09-22,LOTE-2024-2769
A000175,negazole 500mg 20tablet / julphar,,Drug,21.49,37,5,2028-07-13,LOTE-2024-2770
4897050000000,Saawa Baby BPA free,,Supply,35.65,40,5,2027-01-20,LOTE-2024-2771
8699010000000,big kit,,Supply,40.31,12,5,2027-01-20,LOTE-2024-2772
Auto-108,Rivotril 2mg 60tab. code deleted,Tablet,Drug,43.06,21,5,2027-07-24,LOTE-2024-2773
5060480000000,OmegaPro Junior 120ml,Syrup,Drug,35.73,40,5,2026-08-18,LOTE-2024-2774
Auto-791,isotonic sodium chloride 0.9% 100cc,,Drug,15.22,19,5,2026-09-22,LOTE-2024-2775
3051417,Hydrocortisone Roussel 10mg,Tablet,Drug,31.43,3,5,2028-07-13,LOTE-2024-2776
699866000000,flex.a.min 30 tablet / natures bounty,Tablet,Drug,20.54,18,5,2028-07-13,LOTE-2024-2777
6008,seatone green lipped,Capsule,Drug,12.58,19,5,2028-07-13,LOTE-2024-2778
5125,Xaluron Ortho 5mg 10Supp.,Suppository,Drug,38.08,47,5,2028-07-13,LOTE-2024-2779
4260240000000,Precichek AC 302,,Supply,3.17,6,5,2026-08-03,LOTE-2024-2780
4048880000000,DUSCH WASCH,,Drug,40.73,16,5,2027-07-24,LOTE-2024-2781
7613040000000,guigoz 3,,Supply,21.57,8,5,2026-09-22,LOTE-2024-2782
Auto-295,edolfene 5ml,Eye Drop,Drug,29.22,48,5,2028-07-13,LOTE-2024-2783
6211110000000,enapril 10,Tablet,Drug,30.18,18,5,2026-09-22,LOTE-2024-2784
6217830000000,Gyno-D,,Drug,40.44,48,5,2027-01-20,LOTE-2024-2785
Auto-25,3000,,Drug,29.2,43,5,2027-01-20,LOTE-2024-2786
6281250000000,olopat / ophthalmics,eyedrop,Drug,28.21,39,5,2026-09-22,LOTE-2024-2787
Auto-389,voltaren emulgel 50g,Gel,Drug,4.4,49,5,2026-08-03,LOTE-2024-2788
A000432,Methycobal 500mg/1ml,Ampoule,Drug,24.05,49,5,2028-07-13,LOTE-2024-2789
A000320,Rennie 96tab.,Tablet,Drug,8.03,12,5,2027-07-24,LOTE-2024-2790
3002,ALCHOL PADS,,Drug,33.58,45,5,2026-08-03,LOTE-2024-2791
A000237,carvedilol hexal 6.25 30tablet / hexal,,Drug,23.78,10,5,2027-07-24,LOTE-2024-2792
8874600000000,Minoxidil Omega all Types of hair,Shampoo,Supply,31.09,7,5,2027-01-20,LOTE-2024-2793
5010120000000,Listerine Fresh Burst,mouth wash,Drug,3.31,46,5,2026-09-22,LOTE-2024-2794
8680810000000,zinco boost immune booster,Syrup,Drug,5.19,1,5,2026-08-18,LOTE-2024-2795
7319760000000,Anti-Acne oral solution,,Drug,32.66,49,5,2028-07-13,LOTE-2024-2796
Auto-763,dextrose 5% and sodium chloride 0.9% samen,,Supply,4.64,36,5,2027-07-24,LOTE-2024-2797
4260360000000,trend mix,,Supply,4.6,21,5,2027-01-20,LOTE-2024-2798
715124000000,iron 50mg,,Drug,2.03,37,5,2027-01-20,LOTE-2024-2799
Auto-589,azithrocell 500mg,,Drug,43.11,24,5,2026-08-03,LOTE-2024-2800
Auto-731,horestyl syrup,Syrup,Drug,33.58,25,5,2026-09-22,LOTE-2024-2801
3401600000000,Noresun SPF50+Tinted  / Noreva,Cream,Supply,16.87,7,5,2026-08-18,LOTE-2024-2802
Auto-326,Iro lomeva 30ml,drop,Drug,14.4,42,5,2026-08-18,LOTE-2024-2803
Auto-539,agelmin,,Drug,16.71,17,5,2027-01-20,LOTE-2024-2804
5010610000000,bepanthen nappy care ointment 30g,ointment,Supply,35.2,29,5,2028-07-13,LOTE-2024-2805
A000250,Yasmin,Tablet,Drug,30.27,30,5,2026-09-22,LOTE-2024-2806
Auto-625,normal salaine 500mg RASAN,solution,Supply,9.56,7,5,2026-08-18,LOTE-2024-2807
A000602,lamisil 15ml,Spray,Drug,9.07,33,5,2027-01-20,LOTE-2024-2808
A000199,arcoxia 90mg 14tablet / msd,Tablet,Drug,5.78,7,5,2028-07-13,LOTE-2024-2809
Auto-868,syring 60 cc,,Drug,30.22,24,5,2027-07-24,LOTE-2024-2810
A000313,Antispasmine 15ml,oral drop,Drug,34.75,11,5,2028-07-13,LOTE-2024-2811
8680450000000,Multivitamin drop,drop,Drug,13.03,9,5,2027-01-20,LOTE-2024-2812
6251620000000,Marvelon,Tablet,Drug,2.41,12,5,2027-07-24,LOTE-2024-2813
A00024,blood lancets,,Supply,5.07,35,5,2026-08-03,LOTE-2024-2814
5121,Piax 75mg,Tablet,Drug,43.6,4,5,2026-09-22,LOTE-2024-2815
A000611,procto-glyvenol 400mg supp,Suppository,Drug,14.35,36,5,2026-09-22,LOTE-2024-2816
8058660000000,aquabloc 25 x 10 cm,,Drug,34.96,28,5,2027-01-20,LOTE-2024-2817
4030570000000,Artelac Advanced 0.2%,Eye Drop,Drug,28.67,13,5,2028-07-13,LOTE-2024-2818
Auto-768,power max spray,Spray,Supply,18.11,23,5,2028-07-13,LOTE-2024-2819
311855000000,collagen,,Supply,10.45,19,5,2026-08-03,LOTE-2024-2820
10015,SPASTAL,drop,Drug,6.78,42,5,2026-08-18,LOTE-2024-2821
8595170000000,Pronezi Comfort,,Drug,28.25,37,5,2026-09-22,LOTE-2024-2822
5131,Mixtard 30 Vial,vial,Drug,35.2,39,5,2026-08-18,LOTE-2024-2823
A000636,Fosamax 70mg Asly,Tablet,Drug,29.51,24,5,2027-01-20,LOTE-2024-2824
Auto-23,1500,,Drug,24.57,16,5,2028-07-13,LOTE-2024-2825
74312193774,D3 - 5000 IU,Softgel,Drug,3.32,33,5,2028-07-13,LOTE-2024-2826
209,sterogyl 15 H 600000 i.u/1.5 ml desma,Ampoule,Drug,43.63,12,5,2027-01-20,LOTE-2024-2827
5347,Gupisone 20mg,Tablet,Drug,36.24,34,5,2027-07-24,LOTE-2024-2828
8590340000000,Tongue Scraper,,Supply,14.24,7,5,2027-01-20,LOTE-2024-2829
8696660000000,Tantan Qaml Anti-Lice,,Drug,44.13,11,5,2026-08-18,LOTE-2024-2830
5011780000000,Dentinox Teething Gel,,Supply,27.68,31,5,2027-01-20,LOTE-2024-2831
Auto-878,stemetil 12.5mg/ml abbott,Ampoule,Drug,26.84,29,5,2027-01-20,LOTE-2024-2832
A000482,dermodin ointment 25g,,Drug,34.04,13,5,2027-07-24,LOTE-2024-2833
6260860000000,charcoal soft soap / irani,soap,Supply,36.81,31,5,2026-08-18,LOTE-2024-2834
6211740000000,nimesulide,Tablet,Drug,30.06,2,5,2026-09-22,LOTE-2024-2835
5036630000000,Atarax 25mg alliance,Tablet,Drug,7.07,39,5,2026-09-22,LOTE-2024-2836
5412,Yodocefol 200/400/2 mg,Tablet,Drug,16.21,15,5,2028-07-13,LOTE-2024-2837
A000438,nystacort ointment 15g / sdi,,Drug,41.87,11,5,2026-09-22,LOTE-2024-2838
4030540000000,heparin i.u./5ml ,Injection,Drug,11.27,34,5,2027-07-24,LOTE-2024-2839
Auto-891,herbal h shampoo,,Drug,17.69,39,5,2027-07-24,LOTE-2024-2840
A000136,novofine 31g,,Drug,20.3,4,5,2026-08-18,LOTE-2024-2841
5010420000000,tommee tippee 3m+ med flow,,Supply,20.61,11,5,2027-01-20,LOTE-2024-2842
A000614,Daktarin 15g,Cream,Drug,28.16,29,5,2028-07-13,LOTE-2024-2843
A000319,Motilium 200ml,Suspension,Drug,42.52,2,5,2026-09-22,LOTE-2024-2844
6941100000000,apple Teether,,Drug,11.97,16,5,2028-07-13,LOTE-2024-2845
A000634,Gliconorm 5mg+500mg,Capsule,Drug,6.79,39,5,2026-08-18,LOTE-2024-2846
5422,Eldoquin Forte 4% Soap,soap,Drug,10.09,13,5,2026-08-03,LOTE-2024-2847
2800060000000,stugeron 25mg,,Drug,40.08,37,5,2028-07-13,LOTE-2024-2848
-7415684,Valproat 300mg,,Drug,29.59,17,5,2027-07-24,LOTE-2024-2849
A000122,exforge 10mg/160mg aslli,,Drug,13.94,21,5,2028-07-13,LOTE-2024-2850
A000544,Coversyl Plus 10mg/2.5mg,Tablet,Drug,36.99,44,5,2027-01-20,LOTE-2024-2851
Auto-27,4000,,Drug,38.97,19,5,2028-07-13,LOTE-2024-2852
5205150000000,selva 30ml,,Drug,38.32,7,5,2027-07-24,LOTE-2024-2853
A000473,URO 3,sachet,Drug,41.47,38,5,2027-07-24,LOTE-2024-2854
3700540000000,ellaro spf 50 oil free sans huile,sunscreen,Supply,12.47,8,5,2027-01-20,LOTE-2024-2855
5012370000000,janina active charcoal,,Supply,34.34,13,5,2026-09-22,LOTE-2024-2856
5204800000000,Hyaluronic Moist Cream Rich,Cream,Drug,21.53,37,5,2028-07-13,LOTE-2024-2857
11002,diane 35 / bayer,Tablet,Drug,38.13,2,5,2026-09-22,LOTE-2024-2858
4207410006,dostinex 0.5mg 8tabs italy,Tablet,Drug,33.19,41,5,2027-01-20,LOTE-2024-2859
5394,Sterogyl 15 H 600 000 IU Arabi,Ampoule,Drug,35.28,11,5,2026-09-22,LOTE-2024-2860
6260080000000,Anti-Fissure Barji Topical Cream 30g,Cream,Drug,30.04,24,5,2027-01-20,LOTE-2024-2861
5359708,clotrimazol basi 20ml / basi,,Drug,9.22,6,5,2026-09-22,LOTE-2024-2862
5265,Cypro-Vita,Tablet,Drug,25.21,26,5,2026-07-09,LOTE-2024-2863
79400339300,suave kids pineapple,Shampoo,Drug,44.33,7,5,2028-07-13,LOTE-2024-2864
A000363,betnosam 15g ointment / sdi,ointment,Drug,42.28,39,5,2026-09-22,LOTE-2024-2865
2506,betnosam 15g cream / sdi,Cream,Drug,3.38,19,5,2027-01-20,LOTE-2024-2866
Auto-682,duogynon injection 50mg,Injection,Drug,8.67,6,5,2026-08-03,LOTE-2024-2867
5314,Growtropin-ll 4iu,vial,Drug,7.23,43,5,2026-07-09,LOTE-2024-2868
2612,Cialis 5mg 28tab.,Tablet,Drug,33.08,29,5,2026-08-18,LOTE-2024-2869
6987250000000,v-comb,,Drug,37.07,43,5,2027-07-24,LOTE-2024-2870
2161220000000000,Irox anti hair loss nettle extract,Shampoo,Supply,10.79,39,5,2026-08-03,LOTE-2024-2871
5013970000000,oral b 1.2.3,,Drug,23.5,2,5,2028-07-13,LOTE-2024-2872
Auto-140,Roxardio 10mg,Tablet,Drug,38.07,19,5,2026-08-18,LOTE-2024-2873
Auto-478,valsart plus 80/12.5,,Drug,33.38,4,5,2026-08-18,LOTE-2024-2874
5425040000000,globifer forte,,Drug,25.09,6,5,2026-08-18,LOTE-2024-2875
A000234,becozyme forte 20tablet / bayer,Tablet,Drug,27.18,49,5,2026-07-09,LOTE-2024-2876
6251610000000,advil liquui-gels,,Drug,23.61,37,5,2027-07-24,LOTE-2024-2877
5011090000000,driclor  for the treatment of hyperidrosis / stiefel,solution,Supply,14.44,28,5,2028-07-13,LOTE-2024-2878
Auto-112,Doliprane Vitamine C 500mg/150mg,effervescent tablet,Drug,26.08,30,5,2027-01-20,LOTE-2024-2879
5002,choriomon 5000 i.u,Ampoule,Drug,31.47,7,5,2026-08-18,LOTE-2024-2880
9001,SALABID,Tablet,Drug,39.49,9,5,2026-08-18,LOTE-2024-2881
Auto-1065,spascupreel/tab,Tablet,Drug,29.18,25,5,2026-09-22,LOTE-2024-2882
2707,Atacand 16/12.5mg,Tablet,Drug,34.61,33,5,2028-07-13,LOTE-2024-2883
Auto-252,Lovrak 10g,Cream,Drug,8.46,1,5,2026-08-18,LOTE-2024-2884
1000,Asprin 100mg,Tablet,Drug,21.58,6,5,2027-07-24,LOTE-2024-2885
86801700000000,colicaway gripe water,,Drug,1.91,18,5,2026-09-22,LOTE-2024-2886
5205400000000,epanutin 250mg/5ml,Injection,Drug,12.23,10,5,2026-08-18,LOTE-2024-2887
5413,Humulin N,vial,Drug,33.1,28,5,2026-09-22,LOTE-2024-2888
8697580000000,Prozinc Women colored hair,Shampoo,Supply,44.64,11,5,2026-08-03,LOTE-2024-2889
5197,Paracetamol Basi 500mg,Tablet,Drug,5.81,33,5,2027-07-24,LOTE-2024-2890
Auto-225,Protizol,Eye Drop,Drug,18.97,1,5,2026-08-18,LOTE-2024-2891
3575410000000,Ronalac 1,milk,Supply,36.3,13,5,2027-07-24,LOTE-2024-2892
5007,Xalatan 0.005%,Eye Drop,Drug,10.38,37,5,2026-08-03,LOTE-2024-2893
60018915,vaseline blueseal aloe fresh,,Supply,25.65,20,5,2028-07-13,LOTE-2024-2894
5014400000000,infacol,Oral Suspension,Drug,33.39,1,5,2026-08-18,LOTE-2024-2895
Auto-759,sodium chloride 0.9% samen,,Supply,28.3,3,5,2028-07-13,LOTE-2024-2896
2987030000000,active slim 400mg / 30capsules,Capsule,Drug,9.68,18,5,2027-07-24,LOTE-2024-2897
8696570000000,Syrnge 1 ml,Syrnge,Drug,16.96,41,5,2028-07-13,LOTE-2024-2898
Auto-651,sahar soap,soap,Drug,35.59,14,5,2026-09-22,LOTE-2024-2899
5016010000000,Pred Forte,Eye Drop,Drug,25.61,31,5,2027-07-24,LOTE-2024-2900
Auto-1009,CellCept 500mg / Turkey,Tablet,Drug,1.73,27,5,2026-09-22,LOTE-2024-2901
Auto-918,eliquis 5mg,,Drug,34.6,17,5,2026-08-18,LOTE-2024-2902
Auto-585,vertigoheel tab,,Drug,3.04,46,5,2026-09-22,LOTE-2024-2903
3711500000000,Galvus Met 50mg/ 1000mg,Tablet,Drug,33.94,29,5,2026-08-18,LOTE-2024-2904
11050,Depo-Medrol 2ml,Syrnge,Drug,10.31,36,5,2028-07-13,LOTE-2024-2905
9002,Voltaren supp 12.5,,Drug,43.18,37,5,2026-08-03,LOTE-2024-2906
8901400000000,durex taste me - apple,,Drug,17.51,26,5,2027-01-20,LOTE-2024-2907
3518650000000,Marimer 100ml,Nasal Spray,Drug,15.72,17,5,2027-01-20,LOTE-2024-2908
A000530,Ferplex 40mg,vial,Drug,7.98,22,5,2027-01-20,LOTE-2024-2909
63935016249,Collagen Triple Action,,Drug,14.79,25,5,2027-01-20,LOTE-2024-2910
638037000000,Vergina,vaginal ovuel,Drug,39.63,2,5,2026-08-03,LOTE-2024-2911
3403589,Artelac 1.6mg / 0.5ml,,Drug,44.84,22,5,2027-01-20,LOTE-2024-2912
3242480000000,Dovelac 3,milk,Supply,17.52,5,5,2026-08-18,LOTE-2024-2913
5600360000000,Rinerge 0.5%,,Drug,21.01,4,5,2028-07-13,LOTE-2024-2914
74312016035,Iron Gentel 28mg,Capsule,Drug,32.91,36,5,2027-07-24,LOTE-2024-2915
Auto-339,forever kids  120 tab,Tablet,Drug,40.05,6,5,2028-07-13,LOTE-2024-2916
4210200000000,oral-b cross action,,Drug,27.3,21,5,2026-07-09,LOTE-2024-2917
5004,Gonal-f   75 IU   5.5mcg,powder,Drug,18.53,13,5,2026-08-18,LOTE-2024-2918
5283020000000,...........................,,Drug,19.45,37,5,2026-08-18,LOTE-2024-2919
A000538,Nebilet 5mg,Tablet,Drug,31.76,25,5,2026-07-09,LOTE-2024-2920
A000304,otrivin 0.1% adult / novartis,Nasal Spray,Drug,1.64,26,5,2026-08-18,LOTE-2024-2921
A000246,motilium 10mg,Tablet,Drug,28.45,39,5,2027-01-20,LOTE-2024-2922
5185,Curam 1g,Tablet,Drug,16.96,20,5,2026-08-18,LOTE-2024-2923
8003,forever aloe styling gel,Gel,Drug,36.05,33,5,2027-01-20,LOTE-2024-2924
8715850000000,Nutri Holland 3,,Supply,5.55,14,5,2028-07-13,LOTE-2024-2925
Auto-528,F.D forte,,Drug,27.09,36,5,2027-01-20,LOTE-2024-2926
55645010,tamoxifen-cox 20mg,,Drug,22.42,17,5,2026-09-22,LOTE-2024-2927
A000260,deca-durabolin 50mg / organon,,Drug,29.44,21,5,2026-09-22,LOTE-2024-2928
5013950000000,moduretic / msd,Tablet,Drug,4.32,46,5,2026-09-22,LOTE-2024-2929
74312021008,vitamins hair,,Drug,26.73,16,5,2026-08-18,LOTE-2024-2930
Auto-1068,Footmate Toe Support Pack of 2,,Drug,25.92,46,5,2027-01-20,LOTE-2024-2931
2034,Equin 0.625,vaginal cream,Drug,25.89,16,5,2026-09-22,LOTE-2024-2932
5150,Paroxikern 20 mg,Tablet,Drug,27.75,20,5,2028-07-13,LOTE-2024-2933
A000206,Diovan 160mg,Tablet,Drug,30.93,29,5,2027-07-24,LOTE-2024-2934
Auto-402,bandage 7.5 cm spi sada,Bandage,Supply,36.52,28,5,2027-01-20,LOTE-2024-2935
4010360000000,dontomed gebissreiniger tabletten,,Supply,13.24,8,5,2026-09-22,LOTE-2024-2936
6936270000000,Medisign,Strips.,Supply,37.39,24,5,2026-08-18,LOTE-2024-2937
Auto-950,calcium gluconate proamp %10 /10ml,Ampoule,Drug,23.17,3,5,2027-07-24,LOTE-2024-2938
5199,Glucose Salaine 500ml,,Drug,4.85,25,5,2026-09-22,LOTE-2024-2939
Auto-238,Ringer-Lactate 500ml,,Supply,4.05,19,5,2026-08-18,LOTE-2024-2940
5543285,gabapentin generis 300 mg,Capsule,Drug,16.04,33,5,2026-08-18,LOTE-2024-2941
737192000000,skin lightening / maxi-tone,soap,Supply,35.64,2,5,2026-08-18,LOTE-2024-2942
Auto-523,methycobal 500 ug (100 tab),,Drug,32.28,15,5,2027-07-24,LOTE-2024-2943
-612341,Carbamazepine 400mg,Tablet,Drug,35.8,22,5,2026-08-18,LOTE-2024-2944
A000204,eromycin 500mg 10tablet / julphar,Tablet,Drug,24.0,10,5,2027-01-20,LOTE-2024-2945
Auto-230,San-Amoxicillin 500mg,vial,Drug,20.65,18,5,2026-09-22,LOTE-2024-2946
140419000000,Panadol Extra Red,Tablet,Drug,7.91,22,5,2027-01-20,LOTE-2024-2947
A000433,lartil injection 12.5m/ 1m,Ampoule,Drug,15.78,46,5,2028-07-13,LOTE-2024-2948
5382,Midagyl 500mg   100ml,,Drug,20.38,49,5,2028-07-13,LOTE-2024-2949
5203,Syrnge 10ml,Syrnge,Drug,5.35,27,5,2026-09-22,LOTE-2024-2950
A00082,infusion set be code,,Supply,11.1,13,5,2026-07-09,LOTE-2024-2951
50037728,selsun blue,Shampoo,Drug,27.52,33,5,2026-09-22,LOTE-2024-2952
A000460,Depo-Medrol 40mg,vial,Drug,33.5,5,5,2027-01-20,LOTE-2024-2953
5016560000000,salad wash,,Drug,44.93,26,5,2027-01-20,LOTE-2024-2954
301937000000,Contour Blood Test / 50 Strips,Blood Test Strips,Supply,42.09,13,5,2027-01-20,LOTE-2024-2955
Auto-600,azilide 500mg,,Drug,29.45,27,5,2026-08-18,LOTE-2024-2956
Auto-224,"Lidina 0,025%",,Drug,19.82,14,5,2027-01-20,LOTE-2024-2957
4007300000000,alpi fresh body care,ointment,Supply,29.17,24,5,2026-08-18,LOTE-2024-2958
5418,Piroxicam Hexal 20mg,Tablet,Drug,35.68,3,5,2027-07-24,LOTE-2024-2959
A000286,Aerius 5mg 30tab.,Tablet,Drug,6.65,47,5,2026-09-22,LOTE-2024-2960
90125720,Sussina 200tabs,Tablet,Drug,19.33,49,5,2027-07-24,LOTE-2024-2961
4003580000000,numis med urea 5%,shampo,Supply,38.03,30,5,2026-07-09,LOTE-2024-2962
6930941,Vaseline Basi 20g,Gel,Drug,18.2,35,5,2026-09-22,LOTE-2024-2963
A000205,Diovan 80mg,Tablet,Drug,26.38,48,5,2027-07-24,LOTE-2024-2964
-7239885,Carbimazole 5mg,Tablet,Drug,27.07,14,5,2026-08-18,LOTE-2024-2965
A000290,antipyrol / iraq,drop,Drug,9.52,12,5,2027-07-24,LOTE-2024-2966
5055260000000,Exure Extra Fun,,Drug,17.26,28,5,2027-01-20,LOTE-2024-2967
Auto-631,Aloe-Jojoba Shampo,shampo,Supply,16.05,44,5,2027-01-20,LOTE-2024-2968
6291000000000,Biofresh with Keratin,Shampoo,Drug,2.64,29,5,2026-09-22,LOTE-2024-2969
Auto-707,evoxil 500mg,,Drug,2.55,43,5,2026-09-22,LOTE-2024-2970
A00021,paraffin 2000,,Drug,37.68,17,5,2027-01-20,LOTE-2024-2971
6211240000000,colchicine,Tablet,Drug,13.38,40,5,2026-09-22,LOTE-2024-2972
A00089,aloe avocado face&body / forever,soap,Supply,24.04,49,5,2027-01-20,LOTE-2024-2973
9866608,supofen 500mg 20tablet / basi,Tablet,Drug,14.49,21,5,2026-09-22,LOTE-2024-2974
Auto-222,Anafranil 10mg 30tabs,Tablet,Drug,42.42,23,5,2026-08-18,LOTE-2024-2975
317402,paracetawal 1g/100ml,vial,Drug,12.78,20,5,2026-08-18,LOTE-2024-2976
A000331,Astulet ,Syrup,Drug,20.19,11,5,2026-07-09,LOTE-2024-2977
A000200,L-Thyroxin 100mg,Tablet,Drug,39.46,34,5,2026-09-22,LOTE-2024-2978
5433,Exforge 5/160/25 mg aslly,Tablet,Drug,38.12,10,5,2027-07-24,LOTE-2024-2979
8901090000000,zecuf herbal cough,,Drug,9.6,10,5,2027-07-24,LOTE-2024-2980
5017950000000,Novo fine 30G,,Drug,36.41,43,5,2026-08-18,LOTE-2024-2981
medic-499,cerazette 28talet / organon,,Drug,21.43,6,5,2028-07-13,LOTE-2024-2982
5709950000000,evita,shampo,Drug,22.51,36,5,2027-01-20,LOTE-2024-2983
4032050000000,isoptin 80mg / abbott,Tablet,Drug,7.31,24,5,2028-07-13,LOTE-2024-2984
8688750000000,vitamin E400,,Drug,5.01,12,5,2027-07-24,LOTE-2024-2985
225,algofren 100mg/5ml syrup  (150ml ),Syrup,Drug,33.17,43,5,2027-07-24,LOTE-2024-2986
Auto-725,Azilide 200mg/5ml Sothema,Suspension,Drug,23.1,23,5,2026-08-03,LOTE-2024-2987
Auto-141,Roxardio 20mg,Tablet,Drug,20.5,27,5,2026-08-18,LOTE-2024-2988
A000134,co-diovan 80/12.5 28tablet / novartis,,Drug,33.23,45,5,2026-07-09,LOTE-2024-2989
Auto-540,atorvastatin/kleva 20mg,,Drug,34.8,37,5,2027-07-24,LOTE-2024-2990
Auto-895,darshaqy qol,,Supply,8.41,6,5,2026-09-22,LOTE-2024-2991
16185128958,super collagen+c 120tabs,Tablet,Drug,28.04,1,5,2027-07-24,LOTE-2024-2992
A000549,...................,ointment,Drug,7.39,6,5,2026-09-22,LOTE-2024-2993
300650000000,tears naturale alcon,drop,Drug,34.18,22,5,2027-07-24,LOTE-2024-2994
Auto-123,Stellasil 5mg,Tablet,Drug,30.08,41,5,2026-08-03,LOTE-2024-2995
Auto-400,Anafranil 25mg 30tab asli,Tablet,Drug,43.11,24,5,2026-08-18,LOTE-2024-2996
50096367,women sure cotton dry anti prespirant roll on / unilever,,Supply,4.5,25,5,2026-09-22,LOTE-2024-2997
6119771,Photoderm MAX SPF 50 Aquafluide,Cream,Supply,3.98,15,5,2026-09-22,LOTE-2024-2998
-5510869,metformin aristo 850mg,,Drug,13.78,26,5,2026-09-22,LOTE-2024-2999
896593000000,FertilAid for men,Capsule,Drug,12.88,8,5,2027-07-24,LOTE-2024-3000
2801560000000,one-alpha 0.25ug,Capsule,Drug,12.24,24,5,2026-08-03,LOTE-2024-3001
4666120000000,baby happy Gogus pompasl,,Drug,40.92,48,5,2026-09-22,LOTE-2024-3002
8693200000000,Fe lubricating gel 100ml,Gel,Drug,12.36,38,5,2027-07-24,LOTE-2024-3003
UYPVTU,Colidep 150ml,Syrup,Drug,13.33,6,5,2026-08-03,LOTE-2024-3004
A000429,face mask,,Drug,34.53,35,5,2028-07-13,LOTE-2024-3005
4719860000000,ARM SLING,,Supply,21.06,42,5,2028-07-13,LOTE-2024-3006
Auto-114,Jadoly Tablet,,Supply,35.29,1,5,2026-08-03,LOTE-2024-3007
8690510000000,activex blue,soap,Supply,4.34,46,5,2026-08-18,LOTE-2024-3008
5290,Normal Salaine 500ml 0.9%w/v,solution,Supply,22.71,36,5,2026-09-22,LOTE-2024-3009
5155,Syrnge  5ml,Syrnge,Drug,2.96,12,5,2027-07-24,LOTE-2024-3010
A000356,sterilised water for injection bp 5ml,India,Supply,4.23,38,5,2027-01-20,LOTE-2024-3011
8023820000000,likacin 500mg,Injection,Drug,40.93,11,5,2027-01-20,LOTE-2024-3012
6970340000000,nuno baby glass bottle milk 180ml / 963,bottle milk,Supply,7.56,12,5,2027-07-24,LOTE-2024-3013
5008,Actrapid 100IU/ml,vial,Drug,24.66,42,5,2026-08-03,LOTE-2024-3014
2801980000000,"Wartec 0,15% 5g",Cream,Drug,19.38,39,5,2027-07-24,LOTE-2024-3015
5283,Normal Salain 100ml,solution,Supply,16.61,7,5,2027-07-24,LOTE-2024-3016
A00010,carvedilol hexal 12.5mg,,Drug,40.64,11,5,2027-01-20,LOTE-2024-3017
8494610000000,baby happy 2,,Drug,2.45,36,5,2028-07-13,LOTE-2024-3018
Auto-275,Clopidocor 75mg,Tablet,Drug,30.37,31,5,2027-07-24,LOTE-2024-3019
6926030000000,freshlook,,Drug,43.41,33,5,2026-08-18,LOTE-2024-3020
Auto-630,tropicil top 10 ml,,Drug,25.87,13,5,2026-09-22,LOTE-2024-3021
A000141,paracetamol 500mg / troge hamborg,Tablet,Drug,42.25,18,5,2026-09-22,LOTE-2024-3022
606721A,Lipanthyl 200m2,Capsule,Drug,3.77,41,5,2026-08-03,LOTE-2024-3023
10200,Diprofos 2mg,Injection,Drug,19.72,24,5,2028-07-13,LOTE-2024-3024
Auto-1100,mepenex 1g/vial,vial,Drug,12.82,9,5,2026-08-03,LOTE-2024-3025
8697400000000,garlic extract / dermaderm,Shampoo,Drug,33.29,31,5,2027-01-20,LOTE-2024-3026
5413790000000,keppra 1000mg,Tablet,Drug,44.19,41,5,2027-01-20,LOTE-2024-3027
A000365,Ventolin 100 mcg be code INHALER,,Drug,12.66,10,5,2026-07-09,LOTE-2024-3028
A000344,nasonex 120 metered,Spray,Drug,29.96,2,5,2028-07-13,LOTE-2024-3029
4054840000000,femibion healthy preg 1 tab,Tablet,Drug,10.12,38,5,2028-07-13,LOTE-2024-3030
Auto-1088,spirit ethanol 250ml ,,Drug,26.09,15,5,2027-01-20,LOTE-2024-3031
8690560000000,banat,,Drug,21.68,3,5,2026-08-18,LOTE-2024-3032
7613030000000,Quigoz 1,milk,Supply,43.78,43,5,2026-08-03,LOTE-2024-3033
2801,co-diovan 160/25 28tablet / novartis,Tablet,Drug,27.97,31,5,2026-09-22,LOTE-2024-3034
9310780000000,botox cream,Cream,Supply,16.7,6,5,2026-08-18,LOTE-2024-3035
Auto-709,dona sachet,sachet,Drug,6.46,3,5,2027-01-20,LOTE-2024-3036
5704130000000,perozin 100ml,Gel,Drug,8.08,11,5,2028-07-13,LOTE-2024-3037
211,gelofen 400mg / 20capsules irani,Capsule,Drug,11.3,15,5,2027-01-20,LOTE-2024-3038
5332,Bebecal ,Syrup,Drug,12.42,45,5,2028-07-13,LOTE-2024-3039
8053630000000,Meo B Junior Line,Syrup,Drug,38.5,28,5,2027-01-20,LOTE-2024-3040
Auto-772,neal cast 5,,Supply,25.91,10,5,2026-09-22,LOTE-2024-3041
6906920000000,PBT Bandage 15cmX4m,,Supply,24.27,38,5,2028-07-13,LOTE-2024-3042
5557996,glicerina infantil children 1000mg,,Drug,6.49,47,5,2026-09-22,LOTE-2024-3043
Auto-503,paracetamol-mdi,,Drug,38.92,7,5,2028-07-13,LOTE-2024-3044
5302,Lafaf 5cm,,Supply,32.94,15,5,2026-08-18,LOTE-2024-3045
Auto-175,Lopresor 50mg,Tablet,Drug,4.44,18,5,2026-08-03,LOTE-2024-3046
Auto-1011,Aricept 5mg / Turkey,Tablet,Drug,32.29,18,5,2028-07-13,LOTE-2024-3047
VRS6M5,spermact 45capsul,,Drug,25.14,41,5,2027-01-20,LOTE-2024-3048
6001080000000,Sensodyne Complete Protection,tooth paste,Drug,5.06,24,5,2028-07-13,LOTE-2024-3049
5380,Proctoyat,ointment,Drug,21.44,2,5,2028-07-13,LOTE-2024-3050
Auto-501,movicol enfants,,Drug,22.58,40,5,2026-08-03,LOTE-2024-3051
5992020000000,Metoprolol 100mg / REX,,Drug,8.71,20,5,2027-01-20,LOTE-2024-3052
4897000000000,AcularLS 0.4% / 5mL Drop,drop,Drug,42.64,34,5,2026-09-22,LOTE-2024-3053
Auto-157,Prosteride 5mg fal,Tablet,Drug,38.47,43,5,2027-01-20,LOTE-2024-3054
5060190000000,Once Heel Balm 60ml,Cream,Drug,30.6,26,5,2027-07-24,LOTE-2024-3055
Auto-86,Mefenamark 500mg,Tablet,Drug,21.61,7,5,2026-08-18,LOTE-2024-3056
5016,sterogyl 15 a / desma,soluation,Drug,19.41,38,5,2027-01-20,LOTE-2024-3057
A000110,kalinor,effervescent tablet,Drug,29.82,30,5,2027-07-24,LOTE-2024-3058
A000534,Norvasc 5mg Aslly,Capsule,Drug,25.23,42,5,2026-08-03,LOTE-2024-3059
5051590000000,Aptamil 3 900g,milk,Supply,4.21,5,5,2027-07-24,LOTE-2024-3060
Auto-687,Smart Swab Easy Earwx Removal,,Supply,23.79,11,5,2027-01-20,LOTE-2024-3061
8850010000000,colgate max fresh,tooth paste,Drug,36.58,1,5,2028-07-13,LOTE-2024-3062
A000233,Cialis 20mg  tab.,Tablet,Drug,21.48,34,5,2026-09-22,LOTE-2024-3063
A000492,Primolut Depot 250mg,Ampoule,Drug,3.76,1,5,2026-08-03,LOTE-2024-3064
Auto-737,"1,2,3 max cold care tablet",,Drug,35.7,19,5,2027-01-20,LOTE-2024-3065
2812,EnaHexal 5mg,Tablet,Drug,10.26,2,5,2026-08-03,LOTE-2024-3066
A000389,dermodin cream,,Drug,12.75,21,5,2028-07-13,LOTE-2024-3067
8699710000000,cafergot 20tablet / assos,Tablet,Drug,8.66,20,5,2026-07-09,LOTE-2024-3068
5114,biofemalia cream,Cream,Drug,15.86,23,5,2027-07-24,LOTE-2024-3069
Auto-811,cooling patch 8 hours ,,Drug,34.42,21,5,2027-01-20,LOTE-2024-3070
5018750000000,Fluconazole 2mg/ml 100ml,solution,Drug,24.09,24,5,2026-09-22,LOTE-2024-3071
8697710000000,bio balance dermasebum,Gel,Supply,10.41,4,5,2026-08-03,LOTE-2024-3072
5339,Micropore 3M Plaster Caxaz,plaster,Supply,39.69,12,5,2027-01-20,LOTE-2024-3073
4037770000000,heilusan omega-3 kapseln,Capsule,Drug,39.76,22,5,2027-01-20,LOTE-2024-3074
5012910000000,Avent Classic 0m+,,Supply,39.37,20,5,2026-08-18,LOTE-2024-3075
6945450000000,Fish 60ml,,Drug,11.89,18,5,2028-07-13,LOTE-2024-3076
2505,cataflam 50 / novarts,,Drug,21.13,1,5,2026-09-22,LOTE-2024-3077
A000638,Procto-Synalar N 15g,,Drug,44.35,30,5,2026-09-22,LOTE-2024-3078
5419,Algesic,Tablet,Drug,35.08,33,5,2027-01-20,LOTE-2024-3079
Auto-58,Avodart 0.5mg Aslly,Capsule,Drug,2.68,24,5,2026-08-03,LOTE-2024-3080
2802880000000,cleroptic 5ml / cooper,Eye Drop,Drug,4.34,14,5,2028-07-13,LOTE-2024-3081
74312034824,lutein 6mg eye health,Softgel,Drug,21.68,36,5,2026-09-22,LOTE-2024-3082
-1000066,Agiolax Madaus,Granules,Drug,41.05,5,5,2026-08-03,LOTE-2024-3083
70177248529,twinings apple & pear,tea,Supply,24.93,11,5,2026-09-22,LOTE-2024-3084
Auto-798,omepure syrup,syurp,Drug,23.15,24,5,2027-01-20,LOTE-2024-3085
767333000000,murad perfecting day cream broad spectrum spf 30,,Drug,6.09,31,5,2027-01-20,LOTE-2024-3086
10770986,ovu lation test  / accu news,,Supply,30.07,13,5,2027-01-20,LOTE-2024-3087
A000402,folicum 5mg 20tablet / julphar,Tablet,Drug,37.26,16,5,2026-08-03,LOTE-2024-3088
5489,Monasan injection,,Drug,18.05,24,5,2026-08-18,LOTE-2024-3089
63935015150,Ginkgo Biloba,Capsule,Drug,35.24,13,5,2027-07-24,LOTE-2024-3090
Auto-26,xxxxxxxxx,,Drug,43.45,24,5,2026-08-03,LOTE-2024-3091
5313,Indicardin 40mg,Tablet,Drug,10.36,26,5,2028-07-13,LOTE-2024-3092
5422183,"Alprazolam generis 0,5mg",Tablet,Drug,24.26,2,5,2026-08-03,LOTE-2024-3093
705911000000,"Biotin hair nails skin 10,000mcg",,Drug,13.99,16,5,2027-07-24,LOTE-2024-3094
5426,Stiky Abdominal Support,,Drug,35.99,38,5,2026-09-22,LOTE-2024-3095
11010,Gyno-Daktarin 40g,,Drug,26.63,46,5,2027-01-20,LOTE-2024-3096
A000496,Primolut N 5mg / bayer,Tablet,Drug,29.1,1,5,2026-08-18,LOTE-2024-3097
A000100,glucose powder,,Drug,36.21,49,5,2026-08-03,LOTE-2024-3098
Auto-134,Disposable Underarmshields,,Supply,18.72,11,5,2026-08-18,LOTE-2024-3099
Auto-356,Prima pampers,,Drug,41.31,35,5,2026-08-03,LOTE-2024-3100
Auto-403,Infusion set,,Supply,24.69,43,5,2026-09-22,LOTE-2024-3101
5190,Normal Saline 500ml,solution,Supply,8.37,29,5,2027-01-20,LOTE-2024-3102
Auto-745,etofan 90mg,,Drug,31.77,37,5,2027-01-20,LOTE-2024-3103
6937520000000,face mask,,Supply,36.01,17,5,2027-07-24,LOTE-2024-3104
Auto-635,cavintona 20mg,Capsule,Drug,15.28,39,5,2027-01-20,LOTE-2024-3105
5453,Makcilox 500mg,,Drug,38.79,42,5,2027-01-20,LOTE-2024-3106
3001,Cannula,,Drug,40.92,28,5,2026-09-22,LOTE-2024-3107
A00071,epanutin 100mg 100capsul / parke-davis,Capsule,Drug,13.55,29,5,2026-09-22,LOTE-2024-3108
6729350000000,absolute white pen,,Supply,44.28,43,5,2026-09-22,LOTE-2024-3109
A000162,Lyrica 75mg 14capsul,Capsule,Drug,7.62,3,5,2027-07-24,LOTE-2024-3110
5836499,Broncosil,Syrup,Drug,10.29,10,5,2026-08-18,LOTE-2024-3111
A000361,nazordin / iraq,drop,Drug,9.51,42,5,2026-07-09,LOTE-2024-3112
Auto-30,5000,,Drug,40.39,14,5,2027-01-20,LOTE-2024-3113
8680850000000,Face & necline serum 100% vitamine C,serum,Supply,29.96,12,5,2026-08-18,LOTE-2024-3114
5285000000000,Aldomet 250mg,Tablet,Drug,8.12,47,5,2028-07-13,LOTE-2024-3115
A00015,cooling patch,,Drug,20.65,42,5,2028-07-13,LOTE-2024-3116
Auto-137,Panderm 15gm,ointment,Drug,28.27,30,5,2026-08-03,LOTE-2024-3117
6953570000000,realdoctors ,,Supply,5.13,32,5,2026-08-03,LOTE-2024-3118
68451745,Kenacort 40mg,vial,Drug,39.89,32,5,2026-09-22,LOTE-2024-3119
8680410000000,ampilox 500mg,vial,Drug,36.46,42,5,2027-01-20,LOTE-2024-3120
-5510881,Metformin 1000mg,Tablet,Drug,23.48,32,5,2026-08-18,LOTE-2024-3121
A000629,Alfacort 15gm,ointment,Drug,43.57,26,5,2027-07-24,LOTE-2024-3122
6211370000000,procto-cinolone,Cream,Drug,19.67,1,5,2027-01-20,LOTE-2024-3123
18906000000000,betamet-n drop,drop,Drug,44.31,42,5,2026-09-22,LOTE-2024-3124
Auto-872,daily medicine container,,Supply,30.55,2,5,2026-07-09,LOTE-2024-3125
Auto-541,fusidic+betamethasone/kleva,Cream,Drug,29.11,17,5,2027-07-24,LOTE-2024-3126
5010720000000,femfresh inimate skin care,wash,Drug,8.72,30,5,2026-08-18,LOTE-2024-3127
5012,insulatard 100 ui/ml,Injection,Drug,39.86,39,5,2027-07-24,LOTE-2024-3128
A000513,"Timoglau 0,5%  7,5ml",Eye Drop,Drug,20.1,7,5,2026-09-22,LOTE-2024-3129
6285160000000,evarise,,Drug,8.56,27,5,2027-01-20,LOTE-2024-3130
785618000000,renata battery,,Drug,2.05,9,5,2028-07-13,LOTE-2024-3131
2800,co-diovan 160/12.5 28tablet / novartis,Tablet,Drug,25.85,22,5,2028-07-13,LOTE-2024-3132
6216580000000,MINOXIDIL SHAMPO,shampo,Supply,24.44,34,5,2026-09-22,LOTE-2024-3133
Auto-574,trileptal 300 asli,Tablet,Drug,32.79,46,5,2026-08-18,LOTE-2024-3134
Auto-68,Syrnge 3ml,Syrnge,Drug,40.23,49,5,2027-07-24,LOTE-2024-3135
Auto-939,champix 1mg,,Supply,4.95,1,5,2026-09-22,LOTE-2024-3136
Auto-1066,cold-Gel /adult cold 30 capsule,Capsule,Drug,33.32,9,5,2026-08-18,LOTE-2024-3137
A000292,Dexan 100ml,,Drug,9.65,20,5,2028-07-13,LOTE-2024-3138
6262830000000,active baby shampoo,Shampoo,Supply,38.83,19,5,2026-08-18,LOTE-2024-3139
Auto-712,predsol 20mg,,Drug,37.13,36,5,2026-07-09,LOTE-2024-3140
A000244,salazopyrin en 500mg 100tablet / pharmacia,,Drug,25.02,40,5,2026-07-09,LOTE-2024-3141
70942125529,Kids 3-6 Years,,Drug,32.4,45,5,2027-01-20,LOTE-2024-3142
A000375,zentel 20ml,Suspension,Drug,15.17,4,5,2027-01-20,LOTE-2024-3143
672935000000,pro dazzling white,teethers,Supply,22.0,9,5,2026-09-22,LOTE-2024-3144
Auto-777,aloe vera lip balm,,Supply,37.24,41,5,2026-09-22,LOTE-2024-3145
A000651,Glibesyn 5mg 100Tab.,Tablet,Drug,21.48,22,5,2026-09-22,LOTE-2024-3146
70942302401,Expanding Floss waxed 30m,dental floss,Supply,17.06,18,5,2027-01-20,LOTE-2024-3147
A000484,progyluton 21tablet / bayar,,Drug,23.0,12,5,2026-08-03,LOTE-2024-3148
8710460000000,Parodontax whitening,,Supply,37.53,42,5,2028-07-13,LOTE-2024-3149
Auto-267,Natecal D3 600mg+400 I.U.,Tablet,Drug,16.08,43,5,2026-08-18,LOTE-2024-3150
1229923033,OKi 80mg,sachet,Drug,9.06,39,5,2028-07-13,LOTE-2024-3151
5376,Ferplex 800mg,vial,Drug,32.47,9,5,2026-08-18,LOTE-2024-3152
4207412000,Dostinex 0.5mg 2 tabs italy,Tablet,Drug,37.43,6,5,2027-07-24,LOTE-2024-3153
Auto-907,amikacin/kleva 500mg,Injection,Drug,5.88,19,5,2026-08-18,LOTE-2024-3154
Auto-840,liposcar gel,Gel,Drug,11.93,48,5,2026-08-03,LOTE-2024-3155
5111,Dermovate cream 25 mg,Cream,Drug,7.68,47,5,2028-07-13,LOTE-2024-3156
Auto-303,Ringer`s Injection USP 500ml,,Supply,16.64,7,5,2028-07-13,LOTE-2024-3157
Auto-945,gloryfen 1g/vial,Ampoule,Drug,21.09,16,5,2026-09-22,LOTE-2024-3158
6211360000000,laxamid 5 mg childern,,Drug,34.07,5,5,2027-07-24,LOTE-2024-3159
1287275,Onglyza 5mg,Tablet,Drug,29.82,16,5,2027-01-20,LOTE-2024-3160
5290670000000,Glitisol 100tab.,Tablet,Drug,28.51,1,5,2028-07-13,LOTE-2024-3161
item-1,siofor 850,,Drug,16.83,37,5,2026-09-22,LOTE-2024-3162
A000642,c-lax,,Drug,38.1,39,5,2027-01-20,LOTE-2024-3163
A00093,pshteni faqarat L 5000,,Supply,22.0,19,5,2026-09-22,LOTE-2024-3164
5268,CalciCare Ca. Mg. Zinc&Vit. D,Tablet,Drug,44.09,37,5,2026-09-22,LOTE-2024-3165
7610050000000,Mentol Vigrs,ointment,Drug,29.09,17,5,2028-07-13,LOTE-2024-3166
A000340,Cosopt 2% / 0.5% Asly,Eye Drop,Drug,6.99,26,5,2026-08-18,LOTE-2024-3167
Auto-347,Carbinib 20 tab,Tablet,Drug,30.91,22,5,2026-08-03,LOTE-2024-3168
6777375,"Hidrocil MD 0,3%",Eye Drop,Drug,15.64,8,5,2027-01-20,LOTE-2024-3169
Auto-129,Nidazole 500mg,Tablet,Drug,31.36,33,5,2027-01-20,LOTE-2024-3170
5248,Anestocil,Eye Drop,Drug,4.53,2,5,2026-08-18,LOTE-2024-3171
1146,takepron 30/28cap,Capsule,Drug,9.11,30,5,2026-09-22,LOTE-2024-3172
6262860000000,Cerita Eyelash,Cream,Supply,38.72,47,5,2028-07-13,LOTE-2024-3173
Auto-308,Xarelto 15mg aslly,,Drug,11.38,20,5,2026-08-18,LOTE-2024-3174
4046720000000,3m earfit,,Supply,37.91,18,5,2027-01-20,LOTE-2024-3175
5000120000000,beconase / glaxosmithkline,Spray,Drug,13.65,43,5,2027-07-24,LOTE-2024-3176
Auto-313,Humalog mix 25 aslly,,Drug,29.47,10,5,2026-09-22,LOTE-2024-3177
90125331,sussuno 150 tab,,Drug,31.7,24,5,2028-07-13,LOTE-2024-3178
Auto-302,Urimax D 150tab.,Tablet,Drug,23.8,4,5,2027-07-24,LOTE-2024-3179
9313700000000,discreet / colour restoring cream,Cream,Supply,14.78,37,5,2026-09-22,LOTE-2024-3180
67517022,Lasix 500 mg compresse,,Drug,10.75,4,5,2027-01-20,LOTE-2024-3181
8033090000000,gengigel gel,Gel,Supply,2.94,13,5,2027-01-20,LOTE-2024-3182
5039656,furosemide basi 20mg/2ml,,Drug,14.72,25,5,2027-01-20,LOTE-2024-3183
8904110000000,colicarmin / ban,Syrup,Drug,29.91,13,5,2028-07-13,LOTE-2024-3184
8680260000000,Lice Therapy,Shampoo,Supply,42.32,18,5,2026-09-22,LOTE-2024-3185
8020,alcohol pad,,Supply,39.4,24,5,2026-08-18,LOTE-2024-3186
8680100000000,BB 7 in 1 New Well,Cream,Supply,34.82,2,5,2026-08-18,LOTE-2024-3187
Auto-1020,Keppra 500mg \ Turkey,Tablet,Drug,35.8,48,5,2026-07-09,LOTE-2024-3188
5015310000000,Vimpat 50mg,Tablet,Drug,30.43,33,5,2026-07-09,LOTE-2024-3189
10004,duradox,Capsule,Drug,12.82,19,5,2028-07-13,LOTE-2024-3190
97299011,Tegretol 200mg 50 Compres,Tablet,Drug,40.96,9,5,2027-01-20,LOTE-2024-3191
10106,celavex cream,Cream,Drug,30.68,28,5,2027-01-20,LOTE-2024-3192
Auto-174,Panderm,Cream,Drug,25.88,35,5,2027-01-20,LOTE-2024-3193
VRFFQ0,Bilirel,,Drug,6.33,39,5,2027-07-24,LOTE-2024-3194
Auto-1070,Oxymetholone 50 / 5*10 tabs,,Drug,20.95,10,5,2026-09-22,LOTE-2024-3195
8680830000000,AYRA 8mg,,Drug,21.53,1,5,2028-07-13,LOTE-2024-3196
2802020000000,Gentamicin 0.3%,Eye Drop,Drug,39.11,42,5,2026-09-22,LOTE-2024-3197
-5510846,metformin aristo 500mg,,Drug,25.28,21,5,2028-07-13,LOTE-2024-3198
A000401,androcur 10mg / bayer,,Drug,18.05,9,5,2027-01-20,LOTE-2024-3199
3532680000000,Pro-Kids,tooth paste,Drug,43.99,47,5,2026-08-18,LOTE-2024-3200
A000459,Estrofem 2mg becod,Tablet,Drug,6.32,15,5,2027-01-20,LOTE-2024-3201
6925550000000,manual massage breast pump ,,Drug,19.88,35,5,2027-01-20,LOTE-2024-3202
6930990000000,kangoi tooth brush,,Supply,3.33,5,5,2026-08-03,LOTE-2024-3203
Auto-771,intensive wrinklle reducer ,,Drug,33.69,41,5,2027-01-20,LOTE-2024-3204
6014,Stugeron 25mg (50 Oral tab.),Tablet,Drug,41.44,22,5,2026-09-22,LOTE-2024-3205
Auto-598,pirocam sothema 20mg tablets,,Drug,13.68,41,5,2026-08-03,LOTE-2024-3206
10010,aerotex 3%,ointment,Drug,38.84,23,5,2028-07-13,LOTE-2024-3207
100707000000000,steri-strip 12mm x 100mm,,Supply,14.21,7,5,2027-01-20,LOTE-2024-3208
Auto-56,Difonate 70mg,Tablet,Drug,41.12,23,5,2028-07-13,LOTE-2024-3209
Auto-107,Spasmomen 40mg,Tablet,Drug,34.3,44,5,2027-01-20,LOTE-2024-3210
A00014,Varicose Stocking,,Supply,36.51,25,5,2026-09-22,LOTE-2024-3211
4202882013,provera 5mg 24tablet / phzer,,Drug,2.28,27,5,2027-01-20,LOTE-2024-3212
9310190000000,ural 28*4 / abbott,,Drug,43.38,41,5,2027-01-20,LOTE-2024-3213
876943000000,Dovamil Gentle,milk,Supply,33.11,6,5,2028-07-13,LOTE-2024-3214
5200,Forever Aloe Berry Nectar 1Liter,,Supply,14.76,34,5,2026-08-18,LOTE-2024-3215
Auto-550,diagnos,,Drug,37.58,9,5,2028-07-13,LOTE-2024-3216
8680770000000,by corn plaster ,plaster,Supply,13.75,49,5,2028-07-13,LOTE-2024-3217
0562-7805-00,RhoGAM 1500 I.U,Injection,Drug,39.46,33,5,2027-01-20,LOTE-2024-3218
A000532,Dermovate Ointment 25g,ointment,Drug,6.4,6,5,2028-07-13,LOTE-2024-3219
10005,aceprotin 50,Tablet,Drug,32.11,37,5,2026-09-22,LOTE-2024-3220
A000490,navidoxine 10tabelt / ucb,,Drug,25.02,31,5,2028-07-13,LOTE-2024-3221
7791910000000,Difen B12,,Drug,5.7,34,5,2027-07-24,LOTE-2024-3222
8680180000000,zaditen 0.025 % eye drop / thea,Eye Drop,Drug,12.02,41,5,2026-07-09,LOTE-2024-3223
A000489,Utrogestan 200mg,Capsule,Drug,2.04,29,5,2028-07-13,LOTE-2024-3224
LX0503,panja,,Supply,21.89,14,5,2026-09-22,LOTE-2024-3225
2229512,depakine 200mg,,Drug,14.61,36,5,2026-09-22,LOTE-2024-3226
A000528,Zinc Oxide-H 25mg,,Drug,27.53,36,5,2027-01-20,LOTE-2024-3227
A000324,revanin d.s. 250mg 100ml / apm,,Drug,14.43,15,5,2026-08-03,LOTE-2024-3228
5201050000000,xatral 2.5,Tablet,Drug,14.55,8,5,2026-09-22,LOTE-2024-3229
A000491,Gyno-Daktarin 400mg,Capsule,Drug,33.83,26,5,2027-07-24,LOTE-2024-3230
8698620000000,ilgaz 10cm X 1.5m,,Supply,3.59,36,5,2026-07-09,LOTE-2024-3231
8851930000000,Clear anti-dandruff shampoo,Shampoo,Drug,40.78,48,5,2026-08-18,LOTE-2024-3232
A000222,Sinemet 20tabs - Italy Becode,Tablet,Drug,38.57,21,5,2026-07-09,LOTE-2024-3233
Auto-780,teeth whitening,,Supply,30.55,28,5,2026-09-22,LOTE-2024-3234
Auto-828,forxiga 10mg asli,Tablet,Drug,27.31,4,5,2027-07-24,LOTE-2024-3235
5011110000000,clinomyn ,,Supply,40.32,16,5,2027-07-24,LOTE-2024-3236
8938500000000,formula soft,,Drug,9.56,22,5,2028-07-13,LOTE-2024-3237
5013,merional75 u.i,Ampoule,Drug,4.94,12,5,2027-01-20,LOTE-2024-3238
50613182,paracetamol 500mg,Tablet,Drug,11.92,16,5,2026-08-18,LOTE-2024-3239
5350,Vitamin A+D 30g,ointment,Drug,36.06,40,5,2028-07-13,LOTE-2024-3240
8680680000000,Pletal 100mg,Tablet,Drug,3.01,38,5,2027-07-24,LOTE-2024-3241
Auto-274,"Enicil 0,005% 2,5ml",solution,Drug,26.85,42,5,2027-01-20,LOTE-2024-3242
6224010000000,delora-stop syrup,Syrup,Drug,44.8,37,5,2027-01-20,LOTE-2024-3243
4742230000000,medrull aloe vera,,Supply,38.72,29,5,2028-07-13,LOTE-2024-3244
Auto-1054,Pradaxa 75mg 60 caps \ Turkey,Capsule,Drug,24.18,18,5,2027-07-24,LOTE-2024-3245
A00060,alermen 25mg / sdi iraq,Tablet,Drug,4.27,10,5,2026-09-22,LOTE-2024-3246
A000539,sterilised water for ing,,Supply,37.66,42,5,2027-07-24,LOTE-2024-3247
2902,Vermox 2%,Syrup,Drug,27.56,39,5,2026-07-09,LOTE-2024-3248
UZNPXL,allerdep 30ml,Spray,Drug,6.5,18,5,2026-09-22,LOTE-2024-3249
Auto-495,retilab-a,Gel,Drug,5.58,1,5,2026-09-22,LOTE-2024-3250
Auto-809,nitrocardin 2.6,,Drug,41.07,39,5,2026-08-18,LOTE-2024-3251
5543186,Gabapentin Generis 100,,Drug,30.61,21,5,2026-07-09,LOTE-2024-3252
Auto-189,Selsun Selenium Sulfide Asly,lotion,Drug,37.57,1,5,2026-08-03,LOTE-2024-3253
8001090000000,olay anti-wrinkle / eye renewal gel,Gel,Supply,39.74,15,5,2027-01-20,LOTE-2024-3254
6253500000000,Ozone Cosmetics,Cream,Supply,26.37,4,5,2027-07-24,LOTE-2024-3255
Auto-106,Aldosam 250mg,Tablet,Drug,24.01,20,5,2028-07-13,LOTE-2024-3256
Auto-817,predsol 15mg/5ml  100ml,Syrup,Drug,20.22,10,5,2026-09-22,LOTE-2024-3257
5012130000000,voltarol pain-eze,,Drug,15.29,23,5,2027-01-20,LOTE-2024-3258
5023,Novorapid 100 U Assly,flex pen,Drug,20.4,41,5,2028-07-13,LOTE-2024-3259
11061,ursoflor 300mg,Capsule,Drug,35.16,34,5,2026-08-18,LOTE-2024-3260
A000211,Exforge  10mg/160mg / 12.5 aslly,Tablet,Drug,27.68,46,5,2027-07-24,LOTE-2024-3261
5011410000000,Loreal cleansing milk,cleanser ,Supply,40.32,48,5,2027-07-24,LOTE-2024-3262
Auto-566,Lyrica 75mg 56 caps. / Original,Capsule,Drug,20.79,33,5,2026-08-03,LOTE-2024-3263
A00011,celebrex 200mg 10capsul / phzer,Capsule,Drug,27.91,34,5,2028-07-13,LOTE-2024-3264
Auto-753,fenac cremogel,,Drug,28.96,39,5,2027-07-24,LOTE-2024-3265
A000339,Anestocaine 0.5%,,Drug,27.24,10,5,2026-07-09,LOTE-2024-3266
5465265,Levetiracetam Generis 500mg,Tablet,Drug,32.06,20,5,2026-08-03,LOTE-2024-3267
A000116,altiazem 60mg,Tablet,Drug,11.83,1,5,2026-07-09,LOTE-2024-3268
86808900000000,fema foam,Foam,Supply,23.79,13,5,2026-09-22,LOTE-2024-3269
Auto-394,Varicose Stocking iran,,Drug,6.03,1,5,2027-01-20,LOTE-2024-3270
A000419,megental 80mg/2ml,Ampoule,Drug,18.23,5,5,2027-01-20,LOTE-2024-3271
Auto-156,San-Ampiclox 500mg,vial,Drug,22.71,16,5,2026-08-18,LOTE-2024-3272
Auto-15,Winex 100mg/5ml 60ml,Oral Suspension,Drug,29.87,15,5,2028-07-13,LOTE-2024-3273
1030,No Flu,Tablet,Drug,42.85,49,5,2026-09-22,LOTE-2024-3274
A000296,proibs 10 sachet / erbozeta,,Drug,27.63,28,5,2026-07-09,LOTE-2024-3275
6218420000000,baby set / hamol,Cream,Drug,33.85,31,5,2026-09-22,LOTE-2024-3276
6211160000000,spasmocholonase / asia,,Drug,23.52,23,5,2027-01-20,LOTE-2024-3277
3433420000000,la roche-posay Lipikar Body Milk,Cream,Supply,29.08,48,5,2026-09-22,LOTE-2024-3278
6221510000000,rifactine,,Drug,4.59,45,5,2026-08-18,LOTE-2024-3279
6221060000000,Orazone 100ml,Syrup,Drug,12.57,43,5,2026-08-03,LOTE-2024-3280
Auto-109,tommee tippee 260ml,,Supply,17.24,17,5,2027-07-24,LOTE-2024-3281
8699740000000,betasalic 50ml / yardimc,lotion,Drug,22.05,49,5,2028-07-13,LOTE-2024-3282
2555,folic awa one 1mg 60tab.,Tablet,Drug,3.49,34,5,2026-09-22,LOTE-2024-3283
Auto-374,Betnovate cream gsk 30grams,Cream,Drug,7.59,13,5,2026-09-22,LOTE-2024-3284
145786654,Zak Red,wash,Supply,13.54,14,5,2027-01-20,LOTE-2024-3285
Auto-751,vapocid 200mg/5ml,Syrup,Drug,43.76,11,5,2027-07-24,LOTE-2024-3286
6260340000000,bismuth-shafa120mg / shfa,Tablet,Drug,15.91,28,5,2026-09-22,LOTE-2024-3287
A000451,fugidin 15g / sdi,Cream,Drug,22.47,42,5,2028-07-13,LOTE-2024-3288
A000369,Ventolin Respirator 20ml,soluation,Drug,10.03,32,5,2027-01-20,LOTE-2024-3289
Auto-812,bandge swr 10cm,,Drug,28.07,35,5,2026-09-22,LOTE-2024-3290
9555420000000,one Q omega 3,Syrup,Drug,13.71,31,5,2027-01-20,LOTE-2024-3291
Auto-612,cooling PATCH 999,Patch,Drug,10.5,17,5,2028-07-13,LOTE-2024-3292
Auto-1077,cooling gel patch,Patch,Supply,23.97,47,5,2027-07-24,LOTE-2024-3293
Auto-1028,Arava 20mg \ turkey,Tablet,Drug,1.74,9,5,2026-07-09,LOTE-2024-3294
Auto-927,d:o.p.a.d.r.e.n. 200mg/5ml,,Drug,1.83,10,5,2026-09-22,LOTE-2024-3295
Auto-378,Sodyum bicarbonat 8.4%,Ampoule,Drug,11.03,8,5,2026-09-22,LOTE-2024-3296
Auto-337,Slimtol extra,Tablet,Drug,3.1,21,5,2026-09-22,LOTE-2024-3297
3715750000000,joelle good night,Cream,Supply,6.2,13,5,2027-07-24,LOTE-2024-3298
10024,Travocort,,Drug,16.24,5,5,2027-07-24,LOTE-2024-3299
2910,acidex,oral,Drug,36.41,6,5,2027-07-24,LOTE-2024-3300
Auto-417,saka gwara,,Supply,26.38,30,5,2028-07-13,LOTE-2024-3301
Auto-781,ciprocort,drop,Drug,23.8,31,5,2026-08-18,LOTE-2024-3302
1025,Calcium 600mg + vitamin D3  /60tab,Tablet,Drug,14.27,17,5,2028-07-13,LOTE-2024-3303
VRFDNP,peristil 200ml / pharmaluce,Syrup,Drug,42.03,11,5,2027-07-24,LOTE-2024-3304
Auto-815,thymazole tab,,Drug,18.77,20,5,2026-09-22,LOTE-2024-3305
A000171,Tegretol 2% 100ml Assly,Syrup,Drug,5.29,48,5,2027-07-24,LOTE-2024-3306
1022,Glucose Salaine 500ml,,Supply,28.34,9,5,2026-08-03,LOTE-2024-3307
63935015167,Omega Materni.T,Softgel,Drug,6.45,2,5,2027-07-24,LOTE-2024-3308
Auto-849,zinco C syrup,Syrup,Drug,16.52,37,5,2027-01-20,LOTE-2024-3309
5705730000000,Priorin - Thin & Fragile Hair,Shampoo,Supply,23.57,1,5,2026-08-18,LOTE-2024-3310
5999890000000,DeLaVie Vitamins,Drink,Drug,39.53,4,5,2027-01-20,LOTE-2024-3311
Auto-40,Salospir 100mg,Tablet,Drug,22.97,36,5,2027-01-20,LOTE-2024-3312
Auto-487,terramag,Capsule,Drug,32.05,25,5,2026-08-18,LOTE-2024-3313
74312021398,Co Q-10 50mg,Tablet,Drug,44.69,3,5,2026-07-09,LOTE-2024-3314
4820050000000,brewers yeast natural,,Drug,7.22,9,5,2026-09-22,LOTE-2024-3315
8991110000000,clean & clear /deep action ,,Drug,13.45,22,5,2027-01-20,LOTE-2024-3316
6221180000000,feldene 20mg,,Drug,18.66,23,5,2028-07-13,LOTE-2024-3317
A000288,Depo-Medrol TM 80mg,vial,Drug,19.85,12,5,2028-07-13,LOTE-2024-3318
Auto-910,balkatrin 100mg,Syrup,Drug,19.38,10,5,2027-01-20,LOTE-2024-3319
6210110000000,Prosta-Nor 5mg,Tablet,Drug,40.98,34,5,2027-07-24,LOTE-2024-3320
5603850000000,Cereals rice & milk +6,milk,Supply,32.56,43,5,2026-09-22,LOTE-2024-3321
A000610,Janumet 50mg/1000mg,Tablet,Drug,27.94,10,5,2027-07-24,LOTE-2024-3322
63935012708,echinacea syrup,Syrup,Drug,14.96,30,5,2026-08-18,LOTE-2024-3323
2802310000000,Fluroptic 0.03%,,Drug,37.33,22,5,2026-09-22,LOTE-2024-3324
4000014148,folic awa,,Drug,43.05,6,5,2027-01-20,LOTE-2024-3325
Auto-655,dragons delay spray,,Drug,37.22,2,5,2026-07-09,LOTE-2024-3326
1024,Oxy live face mask,mask,Supply,1.57,30,5,2027-07-24,LOTE-2024-3327
6773540000000,Elegance  sanita,,Drug,29.18,2,5,2027-07-24,LOTE-2024-3328
70942303224,G.U.M easy-flossers,toothpicks,Supply,3.72,32,5,2026-09-22,LOTE-2024-3329
A000452,zinc oxide 25g / sdi,ointment,Drug,12.71,42,5,2026-09-22,LOTE-2024-3330
UV6B65,uncadep 150ml / erbozeta,Syrup,Drug,4.09,16,5,2028-07-13,LOTE-2024-3331
6928610000000,ankle support ,,Drug,27.77,12,5,2027-07-24,LOTE-2024-3332
A000387,Samilin,Syrup,Drug,31.37,1,5,2026-08-18,LOTE-2024-3333
7306850000000,Ultra+ Multivitamin,,Drug,6.48,8,5,2026-09-22,LOTE-2024-3334
A000358,capsule batall,,Supply,18.2,48,5,2027-01-20,LOTE-2024-3335
Auto-1082,aspirin-MDI 100 mg,Tablet,Drug,21.35,13,5,2027-01-20,LOTE-2024-3336
Auto-31,Xarelto 20mg,Tablet,Drug,17.55,15,5,2026-08-18,LOTE-2024-3337
5012580000000,denivit whitening ,tooth paste,Supply,6.76,44,5,2026-09-22,LOTE-2024-3338
5949040000000,Sensodyne Whitening Repair&Protect,tooth paste,Supply,19.72,8,5,2028-07-13,LOTE-2024-3339
5000440000000,Lice Busting Lotion (eliminates head lice),lotion,Supply,34.18,10,5,2027-01-20,LOTE-2024-3340
6211180000000,Metherin,Tablet,Drug,4.59,46,5,2028-07-13,LOTE-2024-3341
9890236,supofen paracetamol 125mg,,Drug,4.99,5,5,2027-07-24,LOTE-2024-3342
5201,Madronate 35mg,Tablet,Drug,16.93,19,5,2028-07-13,LOTE-2024-3343
364680000000,Bethanechol Chloride 10mg,Tablet,Drug,42.47,47,5,2026-08-18,LOTE-2024-3344
lidtu,Biolact Plus Zinc,sachet,Drug,30.58,38,5,2027-07-24,LOTE-2024-3345
5044755,Tansulosina 0.4mg,Capsule,Drug,31.02,11,5,2026-07-09,LOTE-2024-3346
A000540,Zinc Oxide 25gm Hayat,ointment,Drug,17.24,43,5,2027-01-20,LOTE-2024-3347
6260100000000,clemastine minoo 1mg,,Drug,27.32,20,5,2026-09-22,LOTE-2024-3348
Auto-969,X:a.r.e.l.t.o. 10mg,Tablet,Drug,1.94,20,5,2026-09-22,LOTE-2024-3349
891741000000,sun-cal 100tablet ,Tablet,Drug,29.17,21,5,2028-07-13,LOTE-2024-3350
6001160000000,bio-oil 125ml,oil,Drug,41.23,18,5,2028-07-13,LOTE-2024-3351
663234000000,kwick releef be barg,hot bag,Supply,28.15,10,5,2026-07-09,LOTE-2024-3352
6210550000000,vit-k 10mg im and iv,,Drug,39.51,34,5,2027-01-20,LOTE-2024-3353
Auto-530,eldoquin forte %4 soap,soap,Supply,32.99,26,5,2026-09-22,LOTE-2024-3354
A000104,arcoxia 60mg 14tablet / msd,Tablet,Drug,6.74,30,5,2026-09-22,LOTE-2024-3355
50198283,sensodyne mint,tooth paste,Supply,40.76,9,5,2027-07-24,LOTE-2024-3356
Auto-445,progesterone sterop 50mg/2ml,Injection,Drug,4.39,46,5,2026-09-22,LOTE-2024-3357
63935014870,Multi Adultes,Tablet,Drug,24.73,31,5,2028-07-13,LOTE-2024-3358
Auto-821,europe healthy ,,Supply,7.68,42,5,2026-08-18,LOTE-2024-3359
1019,Amaryl 4mg,Tablet,Drug,2.01,4,5,2027-01-20,LOTE-2024-3360
638872000000,Beauty Pro /30tab ,Tablet,Drug,19.86,6,5,2027-01-20,LOTE-2024-3361
Auto-986,Combivent Tek Dozluk Flakon,Ampoule,Drug,14.33,14,5,2026-08-18,LOTE-2024-3362
5206380000000,Apotel 500mg 10*10,Tablet,Drug,22.64,4,5,2026-09-22,LOTE-2024-3363
6211260000000,histale ampule,,Drug,26.61,26,5,2027-07-24,LOTE-2024-3364
A000354,solvodin / iraq,Syrup,Drug,3.4,47,5,2027-07-24,LOTE-2024-3365
4030840000000,one touch,,Supply,6.85,48,5,2026-09-22,LOTE-2024-3366
5021730000000,lyrica 150mg asli,Capsule,Drug,25.8,39,5,2027-01-20,LOTE-2024-3367
5021,mixtard 30 / penfill,Injection,Drug,16.43,17,5,2026-08-03,LOTE-2024-3368
Auto-770,citapress/kleva 20mg,,Drug,33.22,19,5,2026-08-18,LOTE-2024-3369
5214,Oramin-F,Capsule,Drug,29.87,49,5,2026-09-22,LOTE-2024-3370
6955050000000,fish with handle,,Drug,38.28,6,5,2026-08-03,LOTE-2024-3371
6698750000000,nuno baby teether / 205,teethers,Supply,31.62,29,5,2027-07-24,LOTE-2024-3372
5600340000000,Dabenzol Metronidazol,Syrup,Drug,20.2,11,5,2027-07-24,LOTE-2024-3373
8004,aloe ever-shield deodorant/ forever,Gel,Supply,30.77,16,5,2028-07-13,LOTE-2024-3374
8888300000000,Kodomo cleanser for boottle & accessoriese 750ml,solution,Supply,13.48,30,5,2027-01-20,LOTE-2024-3375
20557652,Cien deodorant foot spray ,Spray,Supply,14.82,25,5,2028-07-13,LOTE-2024-3376
7624900000000,Anti insect ,alcohol,Supply,35.82,40,5,2027-01-20,LOTE-2024-3377
8436530000000,GabaKern 300mg,Capsule,Drug,20.92,11,5,2027-01-20,LOTE-2024-3378
A000624,panderm 15gm,,Drug,36.23,7,5,2028-07-13,LOTE-2024-3379
A000641,Daktarin 40g,oral gel,Drug,37.28,26,5,2027-01-20,LOTE-2024-3380
8902290000000,Amoxy-500,Capsule,Drug,38.8,22,5,2026-07-09,LOTE-2024-3381
8712370000000,lisinopril 10 mg / sandoz,,Drug,41.37,25,5,2027-07-24,LOTE-2024-3382
W1N770,calcorel 14effervescent tab,effervescent tablet,Drug,20.25,19,5,2028-07-13,LOTE-2024-3383
8024,Kalashax Gawra,,Supply,15.37,31,5,2027-07-24,LOTE-2024-3384
6111080000000,johnsoni babay,shampo,Supply,26.83,26,5,2027-01-20,LOTE-2024-3385
Auto-51,Hemafer 100mg/5l,vial,Drug,17.65,42,5,2027-01-20,LOTE-2024-3386
Auto-726,Ergogyl 200000 IU,,Drug,27.65,41,5,2028-07-13,LOTE-2024-3387
A000266,Paidofebril  100mg/5ml 200ml,Syrup,Drug,32.19,36,5,2026-08-03,LOTE-2024-3388
W226KV,d.dep 5000IU / 30cap,Capsule,Drug,31.45,23,5,2027-01-20,LOTE-2024-3389
Auto-875,pure D3 5000 iu,,Drug,17.79,47,5,2026-08-18,LOTE-2024-3390
A000407,claritine 10tblet / non-drowsy,,Drug,8.76,13,5,2027-01-20,LOTE-2024-3391
Auto-1001,Propycil 50mg 20tabs | Turkey,Tablet,Drug,20.23,25,5,2027-01-20,LOTE-2024-3392
Auto-746,exval 5/160 mg,,Drug,7.7,2,5,2026-08-18,LOTE-2024-3393
Auto-450,aspirin-mdi 100,,Drug,40.22,2,5,2026-08-18,LOTE-2024-3394
702812000000,hair burst,,Drug,16.55,16,5,2027-01-20,LOTE-2024-3395
Auto-778,riabal compound shet,,Drug,8.22,9,5,2026-08-03,LOTE-2024-3396
Auto-685,humalog mix 50,,Drug,2.61,28,5,2026-08-18,LOTE-2024-3397
6951660000000,dastkeshi yabani,,Supply,29.59,13,5,2027-07-24,LOTE-2024-3398
6212870000000,cold-aid,Capsule,Drug,29.21,35,5,2026-09-22,LOTE-2024-3399
Auto-365,bandage 10cm,,Supply,16.32,41,5,2026-09-22,LOTE-2024-3400
A000506,aloe- jojoba conditioning,Conditioner,Drug,4.62,13,5,2028-07-13,LOTE-2024-3401
Auto-713,sirdalud 4mg,,Drug,19.32,31,5,2026-08-18,LOTE-2024-3402
2611,viagra al ahmer,,Drug,15.04,21,5,2026-09-22,LOTE-2024-3403
Auto-424,sodium bicarbonate pure,powder,Supply,30.95,32,5,2027-01-20,LOTE-2024-3404
25052000000000,cool fever kids,,Supply,27.85,34,5,2027-07-24,LOTE-2024-3405
W0DCG4,melacron / erbozeta,Capsule,Drug,17.36,8,5,2028-07-13,LOTE-2024-3406
5359716,Clotrimazol 10mg/g / basi,Cream,Drug,10.98,41,5,2028-07-13,LOTE-2024-3407
A000334,Ventolin 150ml,Syrup,Drug,44.48,48,5,2027-07-24,LOTE-2024-3408
100585,Azithromycin generis,Tablet,Drug,21.25,2,5,2026-08-18,LOTE-2024-3409
10254162252,Parry strawbbery condoms,condoms,Supply,31.44,38,5,2026-07-09,LOTE-2024-3410
5400,Metheprim,Tablet,Drug,7.61,32,5,2026-09-22,LOTE-2024-3411
A000231,levitra 20mg 4 tablet / bayer,,Drug,22.62,40,5,2026-08-03,LOTE-2024-3412
5009,Sterogyl 15 H 600.000 IU Assly,solution,Drug,2.7,28,5,2027-07-24,LOTE-2024-3413
6262430000000,Navid Ortho Wrist Splint (spacer fabric),,Supply,23.49,37,5,2027-01-20,LOTE-2024-3414
9555760000000,dalia gloves ,,Supply,43.43,41,5,2026-07-09,LOTE-2024-3415
A000481,betnosam n cream,,Drug,18.21,1,5,2027-07-24,LOTE-2024-3416
8841030000000,PTB bamdage 7.5 cm,bange,Supply,3.2,41,5,2026-08-18,LOTE-2024-3417
6432100000000,warfarin 5mg ,Tablet,Drug,2.85,10,5,2026-09-22,LOTE-2024-3418
A000198,L-Thyroxin 50mg,Tablet,Drug,18.38,4,5,2027-01-20,LOTE-2024-3419
Auto-807,super slim th nitrile ,,Supply,8.46,35,5,2026-09-22,LOTE-2024-3420
Auto-645,zofer 8mg/4ml,,Drug,2.52,10,5,2026-09-22,LOTE-2024-3421
Auto-822,acne mafee cream,Cream,Drug,34.4,47,5,2026-08-03,LOTE-2024-3422
1032,Ketomac 200mg,Tablet,Drug,21.45,11,5,2026-09-22,LOTE-2024-3423
224,algofren 600mg / 20tab,Tablet,Drug,14.08,14,5,2027-07-24,LOTE-2024-3424
Auto-796,zoraxin syrup,Syrup,Drug,40.65,38,5,2028-07-13,LOTE-2024-3425
8692860000000,Nutrigen Grape,Syrup,Drug,6.55,12,5,2026-09-22,LOTE-2024-3426
86889600000000,Ocean Water,solution,Drug,43.08,45,5,2026-09-22,LOTE-2024-3427
6281290000000,Alendro 70mg,Tablet,Drug,15.16,17,5,2027-07-24,LOTE-2024-3428
A000531,Lipitor 20mg Asly,Tablet,Drug,40.15,16,5,2028-07-13,LOTE-2024-3429
5089,vicks inhaler,,Drug,27.73,35,5,2026-08-18,LOTE-2024-3430
2811,EnaHexal 20mg,Tablet,Drug,37.46,2,5,2026-09-22,LOTE-2024-3431
5479,Urine Bag,,Supply,44.3,11,5,2027-07-24,LOTE-2024-3432
Auto-182,Cardura 4mg,Tablet,Drug,14.05,41,5,2027-01-20,LOTE-2024-3433
Auto-1093,reusable dosing pipette 5ml,,Supply,43.31,3,5,2026-08-03,LOTE-2024-3434
6260140000000,Iramox 500mg,Capsule,Drug,18.44,29,5,2027-01-20,LOTE-2024-3435
2801200000000,Symmetrel 100mg 60Caps,Capsule,Drug,18.27,18,5,2026-08-18,LOTE-2024-3436
A000291,alarmeen-D 10mg 100ml,Syrup,Drug,16.31,20,5,2027-01-20,LOTE-2024-3437
A000456,Solu-Medrol TM 500mg,,Drug,25.05,47,5,2027-01-20,LOTE-2024-3438
4026600000000,Dr.best medium,toothbrush,Supply,8.21,14,5,2028-07-13,LOTE-2024-3439
2558,Femara Asly 2.5mg,Tablet,Drug,25.59,34,5,2026-09-22,LOTE-2024-3440
6946440000000,collagen/beauty soap,soap,Drug,25.06,49,5,2026-08-18,LOTE-2024-3441
6260650000000,Compound Salicylic Acid,,Drug,34.64,31,5,2026-08-18,LOTE-2024-3442
5401,Confort Sense making kis 57,,Drug,37.76,40,5,2028-07-13,LOTE-2024-3443
A000345,septrin 100ml / aspen,Syrup,Drug,20.66,42,5,2026-08-18,LOTE-2024-3444
5209720000000,Alerxem,Nasal Spray,Drug,14.65,18,5,2026-09-22,LOTE-2024-3445
1042,Fml 0.1% pakstni,Eye Drop,Drug,12.78,30,5,2026-08-18,LOTE-2024-3446
1047,Azikem 200mg/5ml,Suspension,Drug,9.97,25,5,2027-07-24,LOTE-2024-3447
6941350000000,AirSun 3D White toothpaste,tooth paste,Drug,4.01,19,5,2026-09-22,LOTE-2024-3448
Auto-867,adrelab 1,,Drug,16.4,8,5,2026-09-22,LOTE-2024-3449
5381,Betnovate 30g,ointment,Drug,13.26,28,5,2026-09-22,LOTE-2024-3450
Auto-1089,E:l.i.q.u.i.s. 5mg / turkey,,Drug,43.54,8,5,2028-07-13,LOTE-2024-3451
Auto-679,inestom 1g/10ml,,Drug,25.76,31,5,2027-01-20,LOTE-2024-3452
835776000000,mr. tumee multi vitamin & Mineral,,Drug,16.61,3,5,2027-07-24,LOTE-2024-3453
1055,Alfa-cure 0.25 mcg,Capsule,Drug,26.75,3,5,2028-07-13,LOTE-2024-3454
Auto-643,Viagra 50mg orginal 4tab /Pfizer,,Drug,7.56,44,5,2028-07-13,LOTE-2024-3455
5195,Ronic 0.1%,solution,Drug,20.82,22,5,2026-09-22,LOTE-2024-3456
300654000000,Vigamox 5ml,Eye Drop,Drug,28.74,17,5,2028-07-13,LOTE-2024-3457
A000274,vibrocil / novartis,Gel,Drug,22.77,36,5,2026-07-09,LOTE-2024-3458
5392000000000,Tasectan,sachet,Drug,18.98,17,5,2026-09-22,LOTE-2024-3459
100717,ranitidine generis 150mg,,Drug,44.73,14,5,2028-07-13,LOTE-2024-3460
Auto-806,ceneral purpose disinfection,,Drug,39.79,9,5,2026-08-18,LOTE-2024-3461
Auto-560,Energix American herbal slim 20 caps,Capsule,Drug,28.62,30,5,2026-08-18,LOTE-2024-3462
Auto-1023,Merpurin 50mg,Tablet,Drug,26.27,21,5,2026-09-22,LOTE-2024-3463
-9064817,Levetiracetam 500mg,Tablet,Drug,28.5,12,5,2027-01-20,LOTE-2024-3464
63935014788,Omega 3.6.9/AG,Softgel,Drug,10.26,37,5,2026-09-22,LOTE-2024-3465
10051,fendol d.s 500mg,Tablet,Drug,18.69,32,5,2027-07-24,LOTE-2024-3466
5020110000000,Perfect White Black,tooth paste,Supply,3.22,11,5,2028-07-13,LOTE-2024-3467
8717480000000,Bye bites 2 in 1,Gel,Supply,22.19,20,5,2027-01-20,LOTE-2024-3468
7610940000000,Pharmaton 30 Cap.,Capsule,Drug,25.12,35,5,2026-08-18,LOTE-2024-3469
-7415661,Valproat 600mg,Tablet,Drug,11.41,47,5,2028-07-13,LOTE-2024-3470
63935015136,fibre plus,Capsule,Drug,43.44,46,5,2026-08-18,LOTE-2024-3471
6001,mikostat 15g,Cream,Drug,41.06,11,5,2026-08-03,LOTE-2024-3472
5060040000000,Dermatix silicon sheet,,Drug,32.91,8,5,2026-08-03,LOTE-2024-3473
Auto-502,azelamark-f,,Drug,24.7,4,5,2027-01-20,LOTE-2024-3474
A000152,Valiapam 10mg,,Drug,39.34,27,5,2026-08-03,LOTE-2024-3475
Auto-24,2500,,Drug,7.18,44,5,2026-08-03,LOTE-2024-3476
8144041,provera g,,Drug,35.89,40,5,2026-09-22,LOTE-2024-3477
964669000000,Gauze swab non folded,gauze,Supply,6.93,38,5,2026-08-18,LOTE-2024-3478
768455000000,Granugel hydrocolloid gel,Gel,Drug,36.05,47,5,2027-01-20,LOTE-2024-3479
A000169,Kemadrin 5mg 100tab.,Tablet,Drug,13.5,30,5,2027-07-24,LOTE-2024-3480
-11053985,calcium active,,Drug,39.65,44,5,2027-07-24,LOTE-2024-3481
5105,Climycen 2%,,Drug,42.57,48,5,2026-08-18,LOTE-2024-3482
6260580000000,salicylic acid solution ,drop,Supply,7.97,48,5,2026-08-18,LOTE-2024-3483
A000357,sterilised water for injection bp 10ml,,Supply,21.63,27,5,2028-07-13,LOTE-2024-3484
A000275,proviron 20tablet 3wlba,Tablet,Drug,44.17,21,5,2026-07-09,LOTE-2024-3485
A000368,Singulair 10mg,Tablet,Drug,22.53,20,5,2028-07-13,LOTE-2024-3486
A000117,Metronidazole 250mg,,Drug,39.06,4,5,2026-08-18,LOTE-2024-3487
8901030000000,ponds dremflower,,Drug,27.11,11,5,2028-07-13,LOTE-2024-3488
10254162232,apple,,Supply,17.83,13,5,2026-09-22,LOTE-2024-3489
3094900000000,sensodyne douceur,,Drug,13.93,9,5,2026-09-22,LOTE-2024-3490
Auto-854,pampers prima klens 56 adet,,Drug,10.34,4,5,2027-07-24,LOTE-2024-3491
A000173,indylon 100capsul / mc,,Drug,34.64,12,5,2027-01-20,LOTE-2024-3492
8904160000000,smart baby powder,,Supply,18.31,9,5,2026-09-22,LOTE-2024-3493
Auto-1058,"Sandostatin 0,1mg/ml",Ampoule,Drug,23.74,13,5,2027-01-20,LOTE-2024-3494
4806520000000,Paracetamol Metaljin 500mg/5ml,Ampoule,Drug,22.92,48,5,2027-07-24,LOTE-2024-3495
-10258975,Rugard hyaluron,Cream,Supply,26.61,26,5,2026-07-09,LOTE-2024-3496
Auto-583,traumeel s tab,,Drug,39.15,38,5,2026-07-09,LOTE-2024-3497
6266720000000,deodrug clindal 1,soap,Supply,44.16,42,5,2026-09-22,LOTE-2024-3498
8680040000000,Adamed lice shampoo,Shampoo,Supply,19.23,13,5,2026-08-03,LOTE-2024-3499
3830030000000,Sensodyne Completni ochrana,tooth paste,Supply,37.5,39,5,2027-01-20,LOTE-2024-3500
7612380000000,Rhophylac 300mg,vial,Drug,34.76,28,5,2026-08-18,LOTE-2024-3501
6998540000000,Evy Baby Creamy 64pcs.,,Supply,26.45,19,5,2026-09-22,LOTE-2024-3502
210,chlordiazepoxide-hakim 10mg/ 100 tablet,Tablet,Drug,43.09,24,5,2026-08-18,LOTE-2024-3503
96038659,Nano Silver Ag+ Soft,,Supply,10.22,19,5,2027-01-20,LOTE-2024-3504
7680330000000,Mydocalm,Tablet,Drug,6.25,49,5,2026-08-03,LOTE-2024-3505
101009,Enalapril Generis 20mg,Tablet,Drug,38.65,13,5,2026-07-09,LOTE-2024-3506
4800360000000,Guigoz 1,milk,Supply,20.6,13,5,2026-08-03,LOTE-2024-3507
10003,Vita Joint  be code,Tablet,Drug,38.34,28,5,2028-07-13,LOTE-2024-3508
Auto-521,clavimix 625mg,Tablet,Drug,40.35,2,5,2026-08-03,LOTE-2024-3509
7610470000000,Milette,mamka mzha,Supply,4.22,10,5,2027-07-24,LOTE-2024-3510
2030,navidoxine 100tabelt / ucb,,Drug,39.93,22,5,2026-08-03,LOTE-2024-3511
Auto-810,cooling patch,,Drug,21.0,13,5,2026-08-03,LOTE-2024-3512
Auto-958,insulin pen needles 6mm,,Drug,23.7,9,5,2027-01-20,LOTE-2024-3513
4012760000000,Ma Pelile 100g Soap,soap,Supply,28.76,33,5,2026-09-22,LOTE-2024-3514
A00026,V C  Dreamy Girl,,Supply,41.8,14,5,2028-07-13,LOTE-2024-3515
A000626,panderm 15gm,,Drug,2.33,48,5,2028-07-13,LOTE-2024-3516
5425020000000,CalciCell,Syrup,Drug,22.24,20,5,2027-07-24,LOTE-2024-3517
8688960000000,ocean water,,Drug,31.42,15,5,2027-01-20,LOTE-2024-3518
-3215497,haloperidol-neuraxpharm 1 mg,,Drug,32.94,32,5,2026-09-22,LOTE-2024-3519
5402,Galvus Met 50mg/850mg Assly,Tablet,Drug,31.63,33,5,2026-09-22,LOTE-2024-3520
Auto-1063,fucon injection,Injection,Drug,7.35,17,5,2028-07-13,LOTE-2024-3521
8688950000000,omega 3,,Drug,14.52,24,5,2027-01-20,LOTE-2024-3522
6264700000000,orthoplex.net,,Supply,17.1,30,5,2027-01-20,LOTE-2024-3523
3400970000000,Tothema,,Drug,36.49,13,5,2026-08-18,LOTE-2024-3524
220,mycoheal oral gel 40g dar al dawa,oral gel,Drug,13.63,47,5,2026-07-09,LOTE-2024-3525
68608000000000,omega 3,Capsule,Drug,10.67,48,5,2028-07-13,LOTE-2024-3526
Auto-314,Humalog 100U/ml aslly,,Drug,43.15,16,5,2026-09-22,LOTE-2024-3527
Auto-832,entresto 50mg,,Drug,1.89,2,5,2026-09-22,LOTE-2024-3528
5605142,Nygen 500mg,Tablet,Drug,44.91,17,5,2026-08-03,LOTE-2024-3529
300087000000,progress gold 3,milk,Drug,30.94,32,5,2027-07-24,LOTE-2024-3530
A00035,k:e.p.p.r.a.1.0.0.m.g.m.l.300ml,Syrup,Drug,37.54,43,5,2026-07-09,LOTE-2024-3531
Auto-277,Keppra 100mg/ml 150ml,Syrup,Drug,14.32,8,5,2027-07-24,LOTE-2024-3532
5046,hamazine silver sulpha/hayat,Cream,Drug,2.12,3,5,2026-08-03,LOTE-2024-3533
8680750000000,Ethyl Alcohol 250ml,,Supply,33.6,12,5,2028-07-13,LOTE-2024-3534
8998870000000,Kodomo soft regular ,toothbrush,Supply,37.79,20,5,2027-07-24,LOTE-2024-3535
705633000000,Hemo heal plus 75g,Cream,Drug,33.71,16,5,2026-08-18,LOTE-2024-3536
6224000000000,fem hair removal cream,Cream,Drug,7.71,14,5,2027-01-20,LOTE-2024-3537
8410380000000,gullon sin gluten ,bskuit ,Supply,34.27,16,5,2026-09-22,LOTE-2024-3538
5472,cicloplegicedol 1%,,Drug,34.95,49,5,2026-08-18,LOTE-2024-3539
5346804,supofen 40mg/ml  / basi,Syrup,Drug,30.15,43,5,2028-07-13,LOTE-2024-3540
8033220000000,Rilastil Sun System SPF 50+,Spray,Drug,34.83,49,5,2026-09-22,LOTE-2024-3541
5011420000000,veet hair removal / peaux sensibles 150ml ,,Drug,38.3,33,5,2026-09-22,LOTE-2024-3542
8690680000000,Bebedor 125ml Code 30302,,Supply,28.19,30,5,2026-08-18,LOTE-2024-3543
23054974,Mildeen,hand cream,Supply,5.35,12,5,2026-09-22,LOTE-2024-3544
4325654528,VPS natural,Shampoo,Supply,22.71,15,5,2028-07-13,LOTE-2024-3545
5334,Humulin 70/30,vial,Drug,4.88,18,5,2026-09-22,LOTE-2024-3546
2015,Lisatriam 40mg,Ampoule,Drug,19.23,28,5,2028-07-13,LOTE-2024-3547
5017350000000,Flu-max all-in-one /16tab,Tablet,Drug,19.21,23,5,2028-07-13,LOTE-2024-3548
8716960000000,qiaobang medical arm siling ,bange,Supply,4.37,14,5,2026-08-03,LOTE-2024-3549
5342,Tegretol CR 400mg be code,Tablet,Drug,16.67,30,5,2026-08-18,LOTE-2024-3550
15950406,"Sandomigran 0,5mg Asly",Tablet,Drug,6.33,33,5,2028-07-13,LOTE-2024-3551
6221160000000,Clear men,Shampoo,Supply,36.66,45,5,2026-09-22,LOTE-2024-3552
Auto-212,Lopid 600mg becode pfizer,Tablet,Drug,42.72,15,5,2026-07-09,LOTE-2024-3553
11030,novonorm 1mg 90tablet aslli,,Drug,4.65,7,5,2026-08-18,LOTE-2024-3554
6925940000000,moov xpress 100mg,Cream,Drug,43.05,15,5,2027-01-20,LOTE-2024-3555
8681720000000,minoxidil plus %10 spray,Spray,Supply,24.23,42,5,2027-07-24,LOTE-2024-3556
5014700000000,gleaming white,tooth paste,Supply,14.53,46,5,2026-08-03,LOTE-2024-3557
A000390,otosporin 5ml / gsk / pakistani,,Drug,4.84,38,5,2026-08-03,LOTE-2024-3558
63935016607,garcinia 60 tablet,,Drug,23.28,46,5,2028-07-13,LOTE-2024-3559
8934670000000,dielac 2,,Drug,36.06,44,5,2027-07-24,LOTE-2024-3560
Auto-834,paracetamol basi 500mg,,Drug,32.26,11,5,2027-01-20,LOTE-2024-3561
Auto-427,bioway facialwhitening cream,Cream,Drug,3.68,29,5,2027-07-24,LOTE-2024-3562
6210720000000,noxinol 10 vaginal / shahab pharama,,Drug,4.67,31,5,2026-09-22,LOTE-2024-3563
6006,dibase 10.000 IU/ml,oral drop,Drug,19.02,25,5,2027-07-24,LOTE-2024-3564
1018,Memo B+ kidsline,Syrup,Drug,14.35,24,5,2026-09-22,LOTE-2024-3565
10021,Aerius 0.5mg,Syrup,Drug,11.61,19,5,2026-08-18,LOTE-2024-3566
2810,EnaHexal 10mg,Tablet,Drug,13.72,2,5,2027-07-24,LOTE-2024-3567
Auto-455,DICERAN 16mg,,Drug,36.45,22,5,2026-09-22,LOTE-2024-3568
5212000000000,lexavon 5mg/ml,,Drug,41.92,20,5,2028-07-13,LOTE-2024-3569
Auto-270,Hygroton 50mg 20tab. becode,Tablet,Drug,19.12,33,5,2026-09-22,LOTE-2024-3570
8681700000000,povidone iodine / 10 % shagul med,,Supply,40.92,8,5,2028-07-13,LOTE-2024-3571
Auto-451,samavit b6 50,,Drug,15.49,25,5,2028-07-13,LOTE-2024-3572
4770000000000,ecodenta kakes makes ,tooth paste,Supply,22.23,46,5,2026-08-18,LOTE-2024-3573
5379033,..........................................,Cream,Supply,11.33,9,5,2027-07-24,LOTE-2024-3574
6221090000000,Prevet 2mg,Syrup,Drug,29.36,34,5,2026-09-22,LOTE-2024-3575
5025420000000,dr.ji insect pepellent,Spray,Supply,44.09,23,5,2028-07-13,LOTE-2024-3576
5228,Josweet,drop,Drug,27.75,5,5,2026-09-22,LOTE-2024-3577
Auto-792,corizan,,Drug,17.06,25,5,2027-07-24,LOTE-2024-3578
6690800000000,nuno baby mamkamzhay znjir 872,mamkamzha,Supply,29.68,8,5,2026-09-22,LOTE-2024-3579
Auto-658,vurdon 75mg/3ml,Ampoule,Drug,6.85,16,5,2026-08-18,LOTE-2024-3580
A000105,Tongue Depressor Sterile,,Supply,40.16,48,5,2026-08-18,LOTE-2024-3581
737513000000,Leolyte Zn solution Fruit Flavor,soluation,Drug,23.38,45,5,2026-09-22,LOTE-2024-3582
6261210000000,diazepam 2mg (loghman),,Drug,21.05,15,5,2027-07-24,LOTE-2024-3583
A000533,Procyclidin HCI BP 5mg,Tablet,Drug,26.99,1,5,2027-01-20,LOTE-2024-3584
A000450,Zinc Castor Oil 25g,,Drug,28.68,22,5,2027-01-20,LOTE-2024-3585
5906660000000,Mami lac PE complete,milk,Supply,4.62,3,5,2026-08-18,LOTE-2024-3586
5406,Transpore 3M plaster shafaf ,Plaster Shafaf,Supply,31.19,38,5,2026-09-22,LOTE-2024-3587
5052450000000,little angels head to toe wash,wash,Supply,12.02,14,5,2026-07-09,LOTE-2024-3588
627843000000,super numb / 30 g,Cream,Drug,32.56,36,5,2027-07-24,LOTE-2024-3589
Auto-227,Lafaf 15cm,,Drug,37.28,18,5,2028-07-13,LOTE-2024-3590
Auto-190,Navid Elastic Bandage 10cm,,Drug,36.47,47,5,2026-09-22,LOTE-2024-3591
Auto-166,Biovita Omega3 with Honey,Syrup,Drug,25.53,41,5,2026-07-09,LOTE-2024-3592
170183000000,coaprovel 300/12.5,,Drug,24.13,18,5,2026-08-18,LOTE-2024-3593
5316,Uri soda,sachet,Drug,7.72,3,5,2027-01-20,LOTE-2024-3594
10013,Zovirax 4.5g,ointment,Drug,35.23,10,5,2027-01-20,LOTE-2024-3595
8699070000000,Point patella knee support ,bange,Supply,13.31,49,5,2027-07-24,LOTE-2024-3596
Auto-823,clobetacell cream,Cream,Drug,23.11,39,5,2026-08-18,LOTE-2024-3597
1110,Arista 5mg,Tablet,Drug,13.87,47,5,2027-07-24,LOTE-2024-3598
5374,Tractor for Cervical Spine,Coller,Supply,7.32,1,5,2027-01-20,LOTE-2024-3599
8699780000000,Crinone %8 Vaginal Gel \ Turkey,Gel,Drug,28.89,27,5,2026-09-22,LOTE-2024-3600
6222000000000,Burinex 1mg,Tablet,Drug,3.86,27,5,2027-01-20,LOTE-2024-3601
4987070000000,kooln soothe kobayshi,Gel,Supply,34.07,11,5,2026-08-03,LOTE-2024-3602
5900020000000,protect & care,,Supply,15.32,49,5,2026-09-22,LOTE-2024-3603
Auto-49,Septrin 20tab.,Tablet,Drug,1.51,5,5,2028-07-13,LOTE-2024-3604
5427,Ludiomil 10mg,Tablet,Drug,23.73,7,5,2026-09-22,LOTE-2024-3605
793574000000,ultra fertile for men 30 capsul / global pharmedica,Capsule,Drug,3.54,19,5,2027-07-24,LOTE-2024-3606
9787510000000,derma roller ,roll,Supply,13.51,29,5,2027-01-20,LOTE-2024-3607
74312042300,Calcium 600 Vitamin d3,Tablet,Drug,32.25,15,5,2026-08-18,LOTE-2024-3608
1002,Lefox 500/100 ml I.V,solution,Drug,4.23,35,5,2027-01-20,LOTE-2024-3609
Auto-786,cold-m syrup,Syrup,Drug,38.01,47,5,2027-01-20,LOTE-2024-3610
8414720000000,Anian 500ml,Gel,Supply,1.67,37,5,2026-09-22,LOTE-2024-3611
Auto-1067,novafen capsule,Capsule,Drug,12.24,12,5,2026-08-03,LOTE-2024-3612
Auto-506,mamma mamarin PLUS,,Drug,33.73,30,5,2026-09-22,LOTE-2024-3613
Auto-138,Cardura 1mg,Tablet,Drug,15.26,20,5,2026-08-03,LOTE-2024-3614
6971230000000,Aiybao,pump,Supply,5.93,37,5,2026-08-03,LOTE-2024-3615
A00068,lamictal 50mg be code,Tablet,Drug,17.17,3,5,2026-09-22,LOTE-2024-3616
8680800000000,multivitamin lysine syrup 150ml,Syrup,Drug,13.26,9,5,2026-09-22,LOTE-2024-3617
Auto-684,buto-asma 2mg tab,,Drug,38.16,41,5,2028-07-13,LOTE-2024-3618
8034060000000,everyrays,,Drug,15.13,39,5,2026-09-22,LOTE-2024-3619
A000477,depo-provera 150mg,,Drug,35.82,26,5,2027-07-24,LOTE-2024-3620
4015600000000,blend-a-med 100ml ,tooth paste,Supply,40.3,2,5,2027-01-20,LOTE-2024-3621
8698570000000,Plasti-Med,,Supply,20.37,23,5,2027-07-24,LOTE-2024-3622
101008,Domperidone generis 10mg,Tablet,Drug,41.08,23,5,2026-08-18,LOTE-2024-3623
4015670000000,Omron Blood Pressure,Monitor,Supply,17.91,21,5,2028-07-13,LOTE-2024-3624
71661029747,Vitamin E Skin Care 113g,Cream,Supply,43.44,16,5,2027-01-20,LOTE-2024-3625
Auto-232,Minox 2  100ml,solution,Drug,5.38,9,5,2027-07-24,LOTE-2024-3626
11000,Equin 0.625 mg,Tablet,Drug,31.39,13,5,2026-09-22,LOTE-2024-3627
0Q01B0,moduretic 5 mg + 50 mg 20 tab,,Drug,22.98,28,5,2026-08-03,LOTE-2024-3628
Auto-980,Pradaxa 110 mg / Turkey,Capsule,Drug,18.36,27,5,2027-01-20,LOTE-2024-3629
5135,Fastum Gel,Gel,Drug,29.02,17,5,2026-07-09,LOTE-2024-3630
6924370000000,Lip Balm - Miss Beauty,,Drug,32.12,38,5,2026-09-22,LOTE-2024-3631
63935007100,luteine 10mg,Softgel,Drug,1.69,36,5,2026-08-18,LOTE-2024-3632
A000294,Cystone 100ml,Syrup,Drug,8.76,1,5,2027-01-20,LOTE-2024-3633
Auto-239,Dextrose 5%w/v,Bottle,Supply,32.52,18,5,2028-07-13,LOTE-2024-3634
6952020000000,paraffin gauza 10*10cm,gauze,Supply,30.49,9,5,2026-09-22,LOTE-2024-3635
Auto-1101,mepenex 500mg/ vial,vial,Drug,43.52,13,5,2027-07-24,LOTE-2024-3636
A00056,cymbalta 60mg 28capsul / lilly turky,Capsule,Drug,34.61,40,5,2027-01-20,LOTE-2024-3637
9890244,supofen,,Drug,42.86,45,5,2026-09-22,LOTE-2024-3638
Auto-896,darshaqy zher bal,,Supply,32.06,15,5,2028-07-13,LOTE-2024-3639
-276759,Haloperidol-neuraxpharm 5 mg,Tablet,Drug,14.47,43,5,2028-07-13,LOTE-2024-3640
1044,Neo healar 10supp,Suppository,Drug,6.08,44,5,2027-07-24,LOTE-2024-3641
8697890000000,sponge sungerli boyunluk,,Supply,35.51,46,5,2026-08-18,LOTE-2024-3642
Auto-322,Calcium gluconaate 10% ,Ampoule,Drug,29.52,4,5,2027-01-20,LOTE-2024-3643
3582190000000,fortrans,sachet,Drug,3.6,33,5,2026-08-18,LOTE-2024-3644
4015070000000,AEG Perfekt in form und funktion,toothbrush,Supply,17.16,24,5,2026-09-22,LOTE-2024-3645
A00028,asan ear plugs,,Supply,43.12,36,5,2026-09-22,LOTE-2024-3646
Auto-993,s:a.b.r.i.l. .5.0.0.m.g. .1.0.0.tablet / sanofi aventis,Tablet,Drug,23.27,41,5,2027-07-24,LOTE-2024-3647
3701780000000,roxonin 60mg 20tablet / saja pharma,,Drug,20.32,10,5,2028-07-13,LOTE-2024-3648
5469,Aspin-100mg,,Drug,21.41,36,5,2026-09-22,LOTE-2024-3649
8562007727,watch batteries ,,Supply,10.59,20,5,2026-07-09,LOTE-2024-3650
Auto-103,Arvastatil 20mg,Tablet,Drug,17.54,41,5,2028-07-13,LOTE-2024-3651
6260520000000,Stilnox 10mg iran 14 tab,Tablet,Drug,17.59,45,5,2026-08-18,LOTE-2024-3652
A000208,tulip 20mg 30tablet / sandoz,,Drug,3.78,44,5,2027-01-20,LOTE-2024-3653
Auto-805,lumecare singles single dose,,Drug,34.89,11,5,2026-07-09,LOTE-2024-3654
50469185,Beechams cold &flu ,sachet,Drug,19.62,12,5,2026-09-22,LOTE-2024-3655
A000370,sinecod 200ml,,Drug,37.26,18,5,2028-07-13,LOTE-2024-3656
5031410000000,Pretty intimate /16tampons,santy,Supply,38.49,30,5,2026-08-03,LOTE-2024-3657
Auto-906,"benza-pen 1,200,000",vial,Drug,10.72,44,5,2026-09-22,LOTE-2024-3658
2010400000000,hello mirror guess my age,,Drug,30.09,48,5,2026-09-22,LOTE-2024-3659
5303,Exforge  5mg/160mg/12.5mg aslly,Tablet,Drug,22.04,37,5,2028-07-13,LOTE-2024-3660
Auto-292,Risosfon 35mg,Tablet,Drug,39.79,20,5,2028-07-13,LOTE-2024-3661
5455,Isolone 20mg,Tablet,Drug,10.88,25,5,2026-08-18,LOTE-2024-3662
2711,exforge  10mg/160mg / 25 aslly,Tablet,Drug,30.98,12,5,2026-08-03,LOTE-2024-3663
5012750000000,movicol 13.8g / norgine,sachet,Drug,27.94,21,5,2027-01-20,LOTE-2024-3664
A000203,albumin human 20% 50ml,,Drug,14.35,25,5,2026-09-22,LOTE-2024-3665
Auto-28,3500,,Drug,7.44,11,5,2027-01-20,LOTE-2024-3666
3400960000000,chlorure de potassium proamp 0.0746g/ml,Ampoule,Drug,29.85,9,5,2026-07-09,LOTE-2024-3667
Auto-912,revanin 250mg supp,,Drug,33.63,25,5,2026-08-03,LOTE-2024-3668
A000181,cannula,,Supply,15.23,35,5,2027-01-20,LOTE-2024-3669
6916790000000,milk,,Supply,29.55,32,5,2026-08-18,LOTE-2024-3670
6937580000000,Egens pregnancy Test ,strips,Supply,18.69,49,5,2028-07-13,LOTE-2024-3671
5369,Streptomycin Sulphate,vial,Drug,32.52,14,5,2026-08-03,LOTE-2024-3672
4042340000000,clitoris spray women 50ml,Spray,Drug,10.17,1,5,2026-08-18,LOTE-2024-3673
5287000000000,Cerrection Whitening Stik,Cream,Drug,40.22,17,5,2028-07-13,LOTE-2024-3674
A000131,hydrapres inyectable ,Ampoule,Drug,14.0,25,5,2026-09-22,LOTE-2024-3675
5329,ART-Cast Fiber Glass 5in,,Drug,17.5,8,5,2027-07-24,LOTE-2024-3676
6952240000000,Green pilar lady care feminine wash ,wash,Supply,4.03,5,5,2026-08-18,LOTE-2024-3677
Auto-999,a:l.d.o.l.a.n.2.m.l,,Drug,6.35,5,5,2027-01-20,LOTE-2024-3678
-3117636,veraHEXAL 5mg/2ml,,Drug,23.94,41,5,2027-07-24,LOTE-2024-3679
Auto-323,Magnesium sulfate proamp  15%,Ampoule,Drug,13.14,35,5,2026-09-22,LOTE-2024-3680
2802070000000,Panadol Extra Red,effervescent tablet,Drug,37.84,19,5,2027-07-24,LOTE-2024-3681
6281230000000,Maxim 5 tab 400 mg,Tablet,Drug,2.14,23,5,2027-01-20,LOTE-2024-3682
5180,Priligy 30mg / Orginal,Tablet,Drug,17.99,9,5,2026-09-22,LOTE-2024-3683
Auto-268,"bglau 2,2% 5ml",Eye Drop,Drug,16.17,30,5,2027-01-20,LOTE-2024-3684
4205159006,medrol 4mg / pharmacia,Tablet,Drug,2.34,16,5,2027-01-20,LOTE-2024-3685
Auto-240,"Potassium 7,46%",solution,Drug,6.91,33,5,2026-08-18,LOTE-2024-3686
8002140000000,timodore corn remove ointment,ointment,Supply,19.49,2,5,2026-09-22,LOTE-2024-3687
5014120000000,Glycerol 4g,Suppository,Drug,22.94,14,5,2026-09-22,LOTE-2024-3688
8690090000000,vitamin D3 drop,drop,Drug,19.09,46,5,2026-09-22,LOTE-2024-3689
8992700000000,Sensodyne Repaire & Protect Whitening,tooth paste,Drug,24.6,1,5,2027-07-24,LOTE-2024-3690
305213000000,Vaseline intensive care aloe soothe,lotion,Supply,27.39,26,5,2026-09-22,LOTE-2024-3691
311844000000,collagen beauty hair shampoo,Shampoo,Supply,1.93,25,5,2028-07-13,LOTE-2024-3692
5206110000000,gembrozil 600mg,,Drug,21.69,16,5,2026-08-18,LOTE-2024-3693
78059207,Feldene 20mg/1ml,Ampoule,Drug,43.41,15,5,2026-09-22,LOTE-2024-3694
Auto-880,strong cough syrup php,Syrup,Drug,24.08,26,5,2027-07-24,LOTE-2024-3695
A000494,Visanne 2mg,Tablet,Drug,30.97,47,5,2027-01-20,LOTE-2024-3696
Auto-1019,K:e.p.p.r.a. .1.0.0.0.m.g.,Tablet,Drug,15.07,44,5,2027-01-20,LOTE-2024-3697
8718920000000,Sence fresh soft ,toothbrush,Supply,35.17,16,5,2026-08-03,LOTE-2024-3698
5012920000000,dulcolax supp,Suppository,Drug,35.12,14,5,2026-09-22,LOTE-2024-3699
6260350000000,Triamcinolone NN-emad ,ointment,Drug,24.18,29,5,2026-08-18,LOTE-2024-3700
5385,Concor Cor 2.5mg / 2 sheet,Tablet,Drug,43.96,24,5,2028-07-13,LOTE-2024-3701
1037,Insulin syringe 1ml /cc,syringe,Supply,6.96,47,5,2026-09-22,LOTE-2024-3702
8719320000000,Meditopics huidreiger ph3.5,cleanser ,Supply,2.24,15,5,2028-07-13,LOTE-2024-3703
5422282,Alprazolam generis 1mg,Tablet,Drug,35.0,19,5,2027-01-20,LOTE-2024-3704
Auto-578,smart baby,pump,Drug,36.61,8,5,2026-09-22,LOTE-2024-3705
6128058,opticol gl,drop,Drug,6.73,34,5,2027-01-20,LOTE-2024-3706
5216,..............,Inhaler,Drug,13.05,2,5,2027-07-24,LOTE-2024-3707
Auto-35,Feeding Tube (N G),,Supply,2.26,27,5,2028-07-13,LOTE-2024-3708
6939540000000,full elastic and porous,,Supply,14.26,10,5,2026-08-18,LOTE-2024-3709
Auto-33,Royal Honey Plus Qways,sachet,Drug,35.13,35,5,2026-09-22,LOTE-2024-3710
Auto-538,vilonit,Gel,Drug,24.03,23,5,2026-09-22,LOTE-2024-3711
Auto-456,inestom 2g/10ml,,Drug,16.64,49,5,2026-07-09,LOTE-2024-3712
A000607,Janumet 50mg/500mg aslly,Tablet,Drug,17.67,8,5,2027-01-20,LOTE-2024-3713
Auto-968,Fucithamic %1 / Turkey ,Cream,Drug,1.56,28,5,2028-07-13,LOTE-2024-3714
50158928,Dettol 500ml,soluation,Supply,14.54,23,5,2026-09-22,LOTE-2024-3715
Auto-184,Pirimat Injection 10mg/ml,Ampoule,Drug,29.62,4,5,2027-07-24,LOTE-2024-3716
1000000000000,Super D3 125mcg (5000iu),Softgel,Drug,43.88,14,5,2027-01-20,LOTE-2024-3717
5999040000000,Vitamin C effervescent /Sana,effervescent tablet,Drug,38.35,42,5,2026-09-22,LOTE-2024-3718
4014100000000,Delay Spray 25000 for Men,Spray,Drug,2.53,29,5,2026-08-03,LOTE-2024-3719
Auto-940,cardura 4mg 14tab,,Drug,40.59,1,5,2027-07-24,LOTE-2024-3720
Auto-548,carvedilol hexal 25mg 30 tablets,,Drug,35.57,4,5,2028-07-13,LOTE-2024-3721
Auto-936,smart omega 3 with multi vitamin,Syrup,Drug,35.45,32,5,2027-01-20,LOTE-2024-3722
8608050000000,calcium with vitamin D3,,Drug,21.42,33,5,2026-07-09,LOTE-2024-3723
1074,X-band gawra ,bange,Supply,18.81,49,5,2026-08-18,LOTE-2024-3724
96407900000000,cute Eyes ,solution,Supply,14.68,26,5,2026-08-03,LOTE-2024-3725
5905180000000,Provag 150ml,emulsion,Supply,4.36,17,5,2027-01-20,LOTE-2024-3726
369168000000,sleep aid capsules,Capsule,Drug,11.43,39,5,2027-07-24,LOTE-2024-3727
6953400000000,Cooling Gel Patch 8Houre,,Supply,12.23,23,5,2026-08-03,LOTE-2024-3728
A000216,vibramycin 100mg 10tablet / pfizer,,Drug,22.56,32,5,2027-07-24,LOTE-2024-3729
1124,Viga 180000 /45ml,Spray,Supply,34.01,15,5,2027-01-20,LOTE-2024-3730
Auto-883,mexilon 15mg/1.5ml,,Drug,22.11,13,5,2027-01-20,LOTE-2024-3731
Auto-893,kwrsi be dask,,Supply,4.02,2,5,2028-07-13,LOTE-2024-3732
1100,Avent 260ml *2,Bottle milk.,Supply,43.16,19,5,2026-08-03,LOTE-2024-3733
8691490000000,bambino,,Supply,42.51,24,5,2028-07-13,LOTE-2024-3734
1040,All silicone foley catheter 16.18.20,catheter,Supply,35.66,45,5,2026-08-03,LOTE-2024-3735
A000480,betnosam n onitment,,Drug,44.62,24,5,2026-09-22,LOTE-2024-3736
A000227,viga 50000 45ml / germany,,Drug,25.18,11,5,2028-07-13,LOTE-2024-3737
Auto-368,Carteol L.P. 2%,Eye Drop,Drug,43.38,22,5,2028-07-13,LOTE-2024-3738
6921350000000,Beikv 60ml,Bottle milk.,Supply,4.79,15,5,2027-01-20,LOTE-2024-3739
185982000000,Hygienic Disposable Filter System ,machine ,Supply,17.41,10,5,2027-01-20,LOTE-2024-3740
Auto-475,neal cast 4,,Supply,11.3,41,5,2027-07-24,LOTE-2024-3741
802385,Aciclovir labesfal 10g,Cream,Drug,10.02,27,5,2027-07-24,LOTE-2024-3742
96101391,white wash,,Supply,7.62,9,5,2026-08-03,LOTE-2024-3743
2700,Forever Calcium 90tab.,Tablet,Drug,28.57,28,5,2027-07-24,LOTE-2024-3744
Auto-102,Arvastatil 10mg,Tablet,Drug,35.49,1,5,2026-09-22,LOTE-2024-3745
VWDG00,Ansiodep 20ml,drop,Drug,26.66,17,5,2026-09-22,LOTE-2024-3746
Auto-694,alpk 2,,Supply,7.89,31,5,2026-09-22,LOTE-2024-3747
1108,Meditopics vette huid,Cream,Supply,36.78,44,5,2027-01-20,LOTE-2024-3748
5310,Indicardin 10,Tablet,Drug,29.16,10,5,2028-07-13,LOTE-2024-3749
7261890000000,Dust Free Pacifier 1036,,Supply,18.39,37,5,2027-01-20,LOTE-2024-3750
Auto-448,Honeycure 15G,,Drug,30.82,29,5,2028-07-13,LOTE-2024-3751
A000631,metforal 500mg 50tablet / menarini international,,Drug,12.81,18,5,2026-08-18,LOTE-2024-3752
6211130000000,Rovacin 1.5 M.IU,Tablet,Drug,16.52,47,5,2027-07-24,LOTE-2024-3753
VVFP8K,munatroil spray gola / 30ml,Spray,Drug,41.41,38,5,2027-07-24,LOTE-2024-3754
6211120000000,Gestal 20Tab.,Tablet,Drug,14.14,39,5,2027-01-20,LOTE-2024-3755
6281970000000,Rinofed plus,Syrup,Drug,21.94,49,5,2027-01-20,LOTE-2024-3756
Auto-996,e:l.l.a. .3.0.m.g. ,,Drug,40.22,6,5,2027-01-20,LOTE-2024-3757
81416592,lasix 500mg compresse,,Drug,32.29,40,5,2028-07-13,LOTE-2024-3758
A00054,retin-a / cilag,soap,Supply,4.21,12,5,2027-07-24,LOTE-2024-3759
7680150000000,Venofer 100mg,Ampoule,Drug,7.91,14,5,2026-08-03,LOTE-2024-3760
63935013934,omega 3 concentrate 30% / 20% / 40 softgels,Softgel,Drug,1.84,44,5,2027-07-24,LOTE-2024-3761
Auto-1056,Prolia 60mg / Turkey,Injection,Drug,28.95,10,5,2026-09-22,LOTE-2024-3762
Auto-888,spiragyl,,Drug,20.97,20,5,2026-08-18,LOTE-2024-3763
6267550000000,Eyesol,,Drug,7.34,15,5,2028-07-13,LOTE-2024-3764
1026,Joint comfort 60tab,Tablet,Drug,43.17,31,5,2026-09-22,LOTE-2024-3765
Auto-641,Buto-asma inhaler 200 dose,Inhaler,Drug,24.54,7,5,2027-07-24,LOTE-2024-3766
6295140000000,Neogyl 500mg,Tablet,Drug,12.02,41,5,2026-08-18,LOTE-2024-3767
Auto-833,entresto 100mg,,Drug,23.28,10,5,2026-07-09,LOTE-2024-3768
A000194,Neomox 500mg,Capsule,Drug,31.06,10,5,2026-09-22,LOTE-2024-3769
5098930000000,calamine lotion,lotion,Supply,4.82,48,5,2026-08-03,LOTE-2024-3770
5357,Nexquin 500mg,Tablet,Drug,13.45,39,5,2027-07-24,LOTE-2024-3771
1129,Glaveral 20mg,Capsule,Drug,36.6,28,5,2026-08-18,LOTE-2024-3772
2802770000000,Vefloxin 0.5%,Eye Drop,Drug,21.5,30,5,2026-09-22,LOTE-2024-3773
1159,NorLevo 1.5mg ,Tablet,Drug,25.28,37,5,2026-08-03,LOTE-2024-3774
1147,Tktx 39%,Gel,Supply,20.33,3,5,2026-08-18,LOTE-2024-3775
1167,Warf-5mg,Tablet,Drug,3.41,43,5,2027-07-24,LOTE-2024-3776
8901100000000,Fem All skin types ,Cream,Supply,8.71,15,5,2026-08-18,LOTE-2024-3777
A000179,relax / iran,,Drug,20.88,21,5,2027-01-20,LOTE-2024-3778
VYRM8Z,memo B juniorline 150ml / erbavita,Syrup,Drug,10.6,37,5,2028-07-13,LOTE-2024-3779
1155,Tiamax 300mg ,Tablet,Drug,3.67,12,5,2027-01-20,LOTE-2024-3780
6210530000000,gentocil 20 ,vial,Drug,38.2,4,5,2027-07-24,LOTE-2024-3781
8710540000000,Biodermal Spf 50,sunscreen,Supply,44.18,47,5,2026-08-03,LOTE-2024-3782
A000272,Forever Arctic Sea,,Drug,36.0,9,5,2026-08-18,LOTE-2024-3783
Auto-481,norditropin 10mg/1.5ml,,Drug,38.64,39,5,2028-07-13,LOTE-2024-3784
7640110000000,Venofer 100mg / Irani,Ampoule,Drug,12.03,42,5,2027-07-24,LOTE-2024-3785
5365,Gupisone 5mg,Tablet,Drug,43.29,28,5,2027-01-20,LOTE-2024-3786
5206,Valiapam 2mg,Tablet,Drug,10.07,23,5,2027-01-20,LOTE-2024-3787
5060180000000,Afta med mouthwash ,mouth wash,Supply,42.89,45,5,2026-09-22,LOTE-2024-3788
1009,basaglar 100U/ml,Injection,Drug,44.77,40,5,2026-07-09,LOTE-2024-3789
5304,Orap forte 4mg,Tablet,Drug,32.46,44,5,2027-07-24,LOTE-2024-3790
312548000000,Rogaine Revitalizes,Foam,Supply,44.18,22,5,2027-01-20,LOTE-2024-3791
1133,Aptamil 3 900g ihsan,milk,Supply,26.27,24,5,2026-09-22,LOTE-2024-3792
10181040351,Cocoa butter formula / stretch marks,Cream,Supply,12.79,26,5,2028-07-13,LOTE-2024-3793
Auto-415,Amoxmark 250 mg,Capsule,Drug,20.51,30,5,2026-09-22,LOTE-2024-3794
860286,Dilaclan 500mg,Capsule,Drug,27.32,33,5,2026-08-18,LOTE-2024-3795
8032,Coller Esfnjy Brown,Coller,Supply,4.68,16,5,2028-07-13,LOTE-2024-3796
5338,Sod-Bicarb 5%,ear drop,Drug,28.57,22,5,2027-07-24,LOTE-2024-3797
3561,Forever Aloe Vera 1Litr,Gel,Supply,44.18,49,5,2027-01-20,LOTE-2024-3798
5391510000000,nimble babies,lotion,Supply,9.77,43,5,2026-08-03,LOTE-2024-3799
6958820000000,xibei,,Supply,35.98,18,5,2026-08-18,LOTE-2024-3800
70942302777,Hali Control,,Supply,40.99,7,5,2027-01-20,LOTE-2024-3801
5390610000000,babyfer iron suppnment 50ml / sona,,Drug,42.55,26,5,2026-09-22,LOTE-2024-3802
5209,Monoket 20mg,Tablet,Drug,43.27,8,5,2027-07-24,LOTE-2024-3803
4810150000000,Baby fluoride,tooth paste,Supply,24.18,6,5,2028-07-13,LOTE-2024-3804
Auto-433,vaporal inhaler,Inhaler,Supply,44.01,30,5,2027-07-24,LOTE-2024-3805
6970430000000,Kiss Baby 120ml,bottle milk,Supply,34.44,39,5,2026-09-22,LOTE-2024-3806
1166,Occular 10ml,Eye Drop,Drug,8.53,23,5,2027-07-24,LOTE-2024-3807
5363,Proviron 25mg,Tablet,Drug,22.25,32,5,2026-09-22,LOTE-2024-3808
10181040375,nursing butter,,Supply,32.75,22,5,2026-08-18,LOTE-2024-3809
8936030000000,ceftriaxone 1g ,Injection,Drug,12.26,42,5,2026-07-09,LOTE-2024-3810
4037350000000,Hydroxyurea Medac 500mg,Capsule,Drug,29.37,43,5,2026-09-22,LOTE-2024-3811
8680480000000,Pakson Sensitive Skin 120pcs,,Supply,30.5,45,5,2028-07-13,LOTE-2024-3812
101012,Loperamide Generis 2mg,Tablet,Drug,8.58,9,5,2026-08-18,LOTE-2024-3813
A00081,Foley catheter 2way /24fr,catheter,Supply,26.08,31,5,2026-08-18,LOTE-2024-3814
A000166,nautisol 20tablet / mc,Tablet,Drug,35.07,7,5,2028-07-13,LOTE-2024-3815
5410080000000,head shoulders -itchy scalp care,Shampoo,Drug,23.2,9,5,2026-07-09,LOTE-2024-3816
VTJPFS,cistidep 150ml / erbozeta,solution,Drug,2.03,13,5,2027-07-24,LOTE-2024-3817
1176,MunDerm Jel 2%,Gel,Drug,1.89,3,5,2026-09-22,LOTE-2024-3818
Auto-586,Mc Flex,lotion,Drug,17.03,35,5,2026-07-09,LOTE-2024-3819
4717100000000,exichek,,Supply,41.79,33,5,2028-07-13,LOTE-2024-3820
1194,Champs Omega 3 plus ,Tablet,Drug,11.45,21,5,2026-08-03,LOTE-2024-3821
1293560,Onglyza 2.5mg,Tablet,Drug,29.09,31,5,2027-01-20,LOTE-2024-3822
A000228,Nystatin 40gm 100 000 unit,,Drug,11.16,34,5,2026-08-18,LOTE-2024-3823
1198,Curam 156.25mg/5ml,Suspension,Drug,15.49,32,5,2026-08-03,LOTE-2024-3824
1179,Disposable Syringes 3ml ,syringe,Supply,38.39,35,5,2026-07-09,LOTE-2024-3825
5900650000000,Biovita 30tab.,Tablet,Drug,33.21,15,5,2026-08-03,LOTE-2024-3826
Auto-648,azithromycin/kleva 500mg,,Drug,5.65,32,5,2026-08-03,LOTE-2024-3827
1196,Curam 457mg/5ml,Suspension,Drug,20.15,6,5,2027-07-24,LOTE-2024-3828
Auto-616,sinalone artificial tears 50 vial,vial,Drug,2.77,45,5,2026-09-22,LOTE-2024-3829
Auto-987,Efexor 150mg / Turkey,,Drug,22.42,21,5,2026-09-22,LOTE-2024-3830
4001680000000,O.b original super plus,santy,Supply,30.32,33,5,2026-09-22,LOTE-2024-3831
4086000000000,Paracetamol kabi 10mg /ml,solution,Drug,6.65,32,5,2028-07-13,LOTE-2024-3832
6260800000000,Bisacodyl 10mg for dult ,Suppository,Drug,14.07,19,5,2028-07-13,LOTE-2024-3833
8690800000000,Lelee -18month,sara mama,Supply,18.81,33,5,2027-07-24,LOTE-2024-3834
1107,Meditopics AHA Glycolzuur %5,Scrub ,Supply,41.5,28,5,2028-07-13,LOTE-2024-3835
8697620000000,Minirin Melt 120mcg,Tablet,Drug,44.71,31,5,2026-09-22,LOTE-2024-3836
4188884,Ciprofloxacina 500mg,Tablet,Drug,3.45,21,5,2026-09-22,LOTE-2024-3837
A000170,nootropil 800mg 30tablet / ucb asll,,Drug,34.6,34,5,2027-01-20,LOTE-2024-3838
6001070000000,Colgate 2+year ,toothbrush,Supply,17.67,15,5,2027-01-20,LOTE-2024-3839
5454,Isolone 5mg,Tablet,Drug,18.57,14,5,2026-09-22,LOTE-2024-3840
1132,Caviar cosmetic ,Cream,Supply,34.31,19,5,2026-09-22,LOTE-2024-3841
A000512,"Floxedol 0,3%",,Drug,41.45,43,5,2028-07-13,LOTE-2024-3842
626763000000,suplasyn 1-shot  60mg/6ml,Injection,Drug,42.87,15,5,2027-07-24,LOTE-2024-3843
6932820000000,Yajie toothbrush 4_12years,toothbrush,Supply,26.6,6,5,2026-09-22,LOTE-2024-3844
Auto-372,BEHDAM pediatric behdam spacer,,Supply,17.03,9,5,2027-07-24,LOTE-2024-3845
Auto-551,diceran 8mg,Tablet,Drug,35.76,37,5,2026-08-18,LOTE-2024-3846
8719180000000,Kruidvat Super Lash Serum,serum,Supply,12.42,20,5,2026-08-03,LOTE-2024-3847
5300,Lafaf 10cm,,Supply,26.04,34,5,2026-09-22,LOTE-2024-3848
5145743,Basiflux 0.8mg/ml,Syrup,Drug,17.1,38,5,2026-09-22,LOTE-2024-3849
6955140000000,Slaw baby ,Series,Supply,30.06,26,5,2026-07-09,LOTE-2024-3850
50096695,men sure extreme protection,roll,Supply,11.96,18,5,2027-07-24,LOTE-2024-3851
-1053263,tamsulosin hexal 0.4mg,,Drug,9.83,28,5,2026-09-22,LOTE-2024-3852
6934420000000,cotton pads 80pcs,cotton pad,Supply,41.44,9,5,2027-01-20,LOTE-2024-3853
8414000000000,Corpore sano Rose water ,solution,Supply,5.93,32,5,2026-08-03,LOTE-2024-3854
5249,Agib Water,,Drug,23.51,6,5,2026-08-18,LOTE-2024-3855
W226L9,d.dep 10000 iu /30cap,Capsule,Drug,11.11,14,5,2028-07-13,LOTE-2024-3856
4038480000000,Magnetische Einlegesohlen,foot,Supply,3.19,28,5,2027-01-20,LOTE-2024-3857
-10815080,Rugard Oliven crema notte 50ml,Cream,Supply,3.07,24,5,2028-07-13,LOTE-2024-3858
862202000000,Renavive,Capsule,Drug,9.12,13,5,2028-07-13,LOTE-2024-3859
1152,foot powder ,powder,Supply,39.2,43,5,2026-09-22,LOTE-2024-3860
101010,Enalapril generis 5mg,Tablet,Drug,13.79,12,5,2026-08-18,LOTE-2024-3861
1190,Aloe Hand Soap ,soap,Supply,42.84,19,5,2028-07-13,LOTE-2024-3862
5012340000000,Seven Seas Pregnancy,Tablet,Drug,26.8,21,5,2028-07-13,LOTE-2024-3863
1186,Galvus 50mg/28tab. novartis,Tablet,Drug,20.49,27,5,2027-01-20,LOTE-2024-3864
778160000000,cough & cold daytime,Syrup,Drug,26.73,19,5,2027-07-24,LOTE-2024-3865
1115,Elastic bandge 10 cm,bange,Supply,23.98,24,5,2027-07-24,LOTE-2024-3866
Auto-618,Differin (adapalene) 0.1%,Gel,Drug,34.51,26,5,2026-09-22,LOTE-2024-3867
Auto-82,Ifenec ovules 150mg,,Drug,13.79,45,5,2027-01-20,LOTE-2024-3868
A000454,chlorohistol 20 tablet /  julphar,,Drug,16.86,28,5,2027-07-24,LOTE-2024-3869
5355,Coller Plastic,Coller,Supply,40.39,46,5,2027-01-20,LOTE-2024-3870
1226,Tavox 500mg,Tablet,Drug,42.67,18,5,2026-07-09,LOTE-2024-3871
8006320000000,Intensive Stain Removal,tooth paste,Supply,40.33,44,5,2026-09-22,LOTE-2024-3872
634042000000,Lozaty Orange ,lozenges,Drug,19.75,36,5,2026-08-03,LOTE-2024-3873
A00097,Symmetrel 20caps,Capsule,Drug,35.45,42,5,2026-08-18,LOTE-2024-3874
A000408,Reparil-Dragees,Tablet,Drug,22.22,29,5,2028-07-13,LOTE-2024-3875
1231,Alesraa hand gel ,Gel,Supply,23.14,17,5,2026-07-09,LOTE-2024-3876
1170,Cervical Coller ,Coller,Supply,10.4,4,5,2026-08-18,LOTE-2024-3877
8688580000000,CALCIUM with VITAMIN D3,,Drug,27.21,44,5,2026-09-22,LOTE-2024-3878
A00050,mamma perfect / fda,,Supply,9.6,45,5,2027-01-20,LOTE-2024-3879
A000551,Korea Vogue,,Supply,15.92,29,5,2027-01-20,LOTE-2024-3880
5740500000000,Neutral Skin Tonic,Toner ,Supply,38.69,4,5,2026-08-18,LOTE-2024-3881
10181040313,cocoa butter formula lotion,lotion,Supply,10.51,10,5,2026-08-18,LOTE-2024-3882
9556000000000,nido sar sawz 3-5 1800g,milk,Supply,4.6,25,5,2026-08-18,LOTE-2024-3883
8680160000000,Anti Lice shampoo /hero pharma ,Shampoo,Supply,4.5,31,5,2027-01-20,LOTE-2024-3884
70942125512,G.U.M  baby (0-2)years,,Supply,42.42,3,5,2026-08-18,LOTE-2024-3885
1177,Normal salaine 0.9% 1000ml,solution,Supply,23.55,47,5,2028-07-13,LOTE-2024-3886
A000468,Canesten 0.5g  1 Vaginal Tab.,,Drug,19.31,2,5,2026-09-22,LOTE-2024-3887
Auto-1090,O:s.e.f.l.u 75mg,Capsule,Drug,36.77,25,5,2026-08-03,LOTE-2024-3888
1175,nimana,7ab latkar,Supply,37.86,49,5,2027-07-24,LOTE-2024-3889
6924010000000,Gwe Pakarawa,,Supply,15.95,6,5,2026-09-22,LOTE-2024-3890
Auto-118,Azirox 500mg,Tablet,Drug,31.67,26,5,2027-01-20,LOTE-2024-3891
A000109,nimotop,Tablet,Drug,35.04,8,5,2026-08-18,LOTE-2024-3892
6922950000000,Flash Romeo flavored ,condoms,Supply,29.98,35,5,2027-01-20,LOTE-2024-3893
6281090000000,Fevadol Extra 500/65mg ,Tablet,Drug,8.09,27,5,2027-07-24,LOTE-2024-3894
Auto-350,DIBASE 100.000 I.U./1ML,Injection,Drug,39.6,25,5,2028-07-13,LOTE-2024-3895
Auto-790,vaseline bchwk,,Supply,24.95,18,5,2026-08-18,LOTE-2024-3896
Auto-1051,l:a.m.i.c.t.a.l 50mg,Tablet,Drug,13.79,1,5,2026-09-22,LOTE-2024-3897
3700770000000,OrgaKiddy,mask,Supply,20.0,48,5,2026-09-22,LOTE-2024-3898
1200,Poxakim 5mg,Tablet,Drug,3.13,39,5,2028-07-13,LOTE-2024-3899
Auto-243,"Dibase 25.000 I.U./2,5ml",,Drug,7.06,3,5,2028-07-13,LOTE-2024-3900
Auto-1080,Losartan 25mg / 100tabs / SHAFA,,Drug,34.8,4,5,2026-08-03,LOTE-2024-3901
8859360000000,collagen snail,soap,Supply,1.5,41,5,2026-08-03,LOTE-2024-3902
A00091,Atrostatin 20mg 28tablet / kleva,Tablet,Drug,19.62,37,5,2026-09-22,LOTE-2024-3903
1164,Calcium +D3 /60tab,Tablet,Drug,24.23,15,5,2026-08-03,LOTE-2024-3904
6934780000000,Palm Support ,bange,Supply,3.88,8,5,2026-09-22,LOTE-2024-3905
Auto-827,HEMAX 4000 i.U,Injection,Drug,43.83,38,5,2026-08-03,LOTE-2024-3906
4005800000000,Eucerin Spf 30photoaging Control,Cream,Supply,11.34,19,5,2027-01-20,LOTE-2024-3907
1174,Depo-Provera 150mg,Ampoule,Drug,14.73,47,5,2028-07-13,LOTE-2024-3908
1211,Navid Wrist Splint medium (spacer fabric ),bange,Supply,14.72,26,5,2028-07-13,LOTE-2024-3909
A000485,hydrocortone 1% 15gm,,Drug,11.52,39,5,2026-09-22,LOTE-2024-3910
Auto-845,disposable blood transfusion set,,Supply,1.56,10,5,2027-01-20,LOTE-2024-3911
8710270000000,Har Monie Zoete AmanDel Olie,oil,Supply,33.23,38,5,2028-07-13,LOTE-2024-3912
9112100000000,Stonyl,Tablet,Drug,43.56,14,5,2026-08-03,LOTE-2024-3913
Auto-399,Ebetrex 50mg/5ml,vial,Drug,11.26,49,5,2027-01-20,LOTE-2024-3914
4043380000000,constanta collagen plus Q10,Cream,Supply,30.34,41,5,2026-09-22,LOTE-2024-3915
5206080000000,venoos kids,Syrup,Drug,33.77,19,5,2026-08-18,LOTE-2024-3916
5029540000000,harrogate,sopa,Supply,38.41,30,5,2026-09-22,LOTE-2024-3917
8718050000000,HemoClin Gel 37g,Gel,Drug,19.88,5,5,2026-08-03,LOTE-2024-3918
A000495,trisequens 28tablet / nova nordisk,,Drug,14.68,31,5,2027-01-20,LOTE-2024-3919
6954970000000,bottle milk ,,Supply,15.65,7,5,2026-08-18,LOTE-2024-3920
1064,Kim kardashian,korse,Supply,32.5,19,5,2026-09-22,LOTE-2024-3921
Auto-472,neal cast 2,,Supply,37.03,31,5,2026-08-03,LOTE-2024-3922
311845000000,Collagen Beauty Cream,Cream,Supply,9.4,39,5,2028-07-13,LOTE-2024-3923
Auto-720,pediatric urine collector ,,Supply,17.64,24,5,2026-09-22,LOTE-2024-3924
6932680000000,Dottal Cool ,soap,Supply,40.73,34,5,2027-01-20,LOTE-2024-3925
5011830000000,Skyn Feel EveryThing Pleasures,condoms,Supply,36.59,23,5,2027-01-20,LOTE-2024-3926
A000545,Procardin 75mg,Tablet,Drug,44.34,48,5,2026-09-22,LOTE-2024-3927
A000609,NovoNorm 2mg / 90tab.,Tablet,Drug,34.31,45,5,2026-08-18,LOTE-2024-3928
10201,Lucentis,vial,Drug,18.6,40,5,2027-07-24,LOTE-2024-3929
4994370000000,Face Mask 50pcs,mask,Supply,27.19,6,5,2026-08-03,LOTE-2024-3930
Auto-775,huqna bchwk,,Supply,30.25,38,5,2026-08-03,LOTE-2024-3931
5001,decapeptyl 0.1 mg,syringe,Drug,4.91,41,5,2027-07-24,LOTE-2024-3932
1269,Triamcinolone N.N. 15g tehran,ointment,Drug,25.19,36,5,2026-08-18,LOTE-2024-3933
Auto-816,hiprogin injection,Injection,Drug,32.36,27,5,2026-09-22,LOTE-2024-3934
6212230000000,fasigyn 500mg 4tablet / phzer,Tablet,Drug,8.78,11,5,2026-09-22,LOTE-2024-3935
5281000000000,Sanita Elegance Medium ,daibi,Supply,35.46,5,5,2026-09-22,LOTE-2024-3936
4028400000000,Bioglide natural lubricant,lubricant ,Drug,26.89,17,5,2027-07-24,LOTE-2024-3937
5222,Tegretol 2% 250ml,Syrup,Drug,42.92,7,5,2027-01-20,LOTE-2024-3938
6747870000000,Gauze Cutting Bandage 10cm*5cm,,Drug,3.35,27,5,2027-01-20,LOTE-2024-3939
A000373,Silvederma 50g,Cream,Drug,13.04,47,5,2027-07-24,LOTE-2024-3940
4713410000000,Optimal orthodontic Pacifier 0_6M,mamka mzha,Supply,27.67,15,5,2026-08-18,LOTE-2024-3941
802388,Carvedilol Labesfal 6.25mg,Tablet,Drug,14.4,46,5,2026-09-22,LOTE-2024-3942
5011320000000,Head& shoulders citrus Fresh ,Shampoo,Supply,32.58,13,5,2026-09-22,LOTE-2024-3943
29408892,TKTX 38% Gold,Cream,Supply,34.52,11,5,2026-09-22,LOTE-2024-3944
Auto-885,first aid sndwq,,Supply,5.96,45,5,2028-07-13,LOTE-2024-3945
60019066,Vaseline baby,vaseline ,Supply,23.85,26,5,2027-07-24,LOTE-2024-3946
1247,Rinofed Expectorant 100ml,Syrup,Drug,23.64,22,5,2026-08-18,LOTE-2024-3947
Auto-788,no-spasm 1mg/ml,Syrup,Drug,17.56,28,5,2026-07-09,LOTE-2024-3948
6254000000000,wales MUD MASK,,Supply,42.08,24,5,2026-07-09,LOTE-2024-3949
Auto-599,flocip 500mg,,Drug,37.5,29,5,2026-08-18,LOTE-2024-3950
5060350000000,Smooth Skin bare,,Drug,31.83,9,5,2026-08-03,LOTE-2024-3951
6923660000000,VC anti-freckle,soap,Supply,32.57,42,5,2027-01-20,LOTE-2024-3952
Auto-735,Foyomed Syringe 10ml,syringe,Supply,21.58,4,5,2028-07-13,LOTE-2024-3953
A000383,Uralyt-U,Granules,Drug,41.56,49,5,2027-07-24,LOTE-2024-3954
Auto-393,Thumb Wrist Splint iran,,Supply,31.71,46,5,2026-08-18,LOTE-2024-3955
Auto-280,Neurontin 300mg Asly,Capsule,Drug,33.21,18,5,2026-09-22,LOTE-2024-3956
1183,Cozaar 100mg ,Tablet,Drug,38.98,43,5,2027-01-20,LOTE-2024-3957
A000188,cefrin 500mg 20capsul / julphar,,Drug,13.42,16,5,2027-07-24,LOTE-2024-3958
358915000000,Pylera 120cap.,Capsule,Drug,36.61,33,5,2027-07-24,LOTE-2024-3959
Auto-41,Rosuvas 20mg,Tablet,Drug,9.99,29,5,2028-07-13,LOTE-2024-3960
5944760000000,Yodofol 90tab.,Tablet,Drug,16.52,39,5,2027-01-20,LOTE-2024-3961
1286,Leedfrost 10.56% Lidocaine 50g,Cream,Drug,16.1,10,5,2027-01-20,LOTE-2024-3962
1235,cien nature calendula,lip moiturising,Supply,44.07,9,5,2026-08-03,LOTE-2024-3963
1273,Entero-Stop,Tablet,Drug,38.76,31,5,2027-01-20,LOTE-2024-3964
9334600000000,V-Comb Licetic,machine ,Supply,32.0,28,5,2026-08-18,LOTE-2024-3965
1290,Easy Neck Cervical Neck Traction Device ,Neck,Supply,33.13,3,5,2026-09-22,LOTE-2024-3966
5225,"Gentocil 0,3%",,Drug,25.95,14,5,2027-01-20,LOTE-2024-3967
77043357644,ST.Ives ,Scrub ,Supply,42.7,25,5,2026-08-18,LOTE-2024-3968
Auto-946,RT-8080 beauty skin care specialist,,Supply,23.09,15,5,2026-08-03,LOTE-2024-3969
6954440000000,SunBurst,solution,Supply,18.05,2,5,2026-07-09,LOTE-2024-3970
Auto-80,Halavex Cream,Cream,Drug,8.59,24,5,2026-07-09,LOTE-2024-3971
A000145,Dental Floss,,Supply,35.7,14,5,2026-07-09,LOTE-2024-3972
5900300000000,Signal white system ,tooth paste,Supply,33.45,48,5,2026-08-03,LOTE-2024-3973
Auto-173,"Benzathine Penicillin 1,2 Mega",vial,Drug,18.22,7,5,2026-08-18,LOTE-2024-3974
1304,Nebulizer Compressor ,machine ,Supply,2.6,36,5,2026-08-18,LOTE-2024-3975
5901020000000,Styling Effect Brilantyna 150g,Gel,Supply,38.0,24,5,2028-07-13,LOTE-2024-3976
1241,Sterilised water for injection b.p. 10ml,Water,Supply,2.0,27,5,2026-09-22,LOTE-2024-3977
Auto-223,Blodegrel 75mg,Tablet,Drug,32.11,37,5,2026-08-03,LOTE-2024-3978
16185300071,Super Collagen +C /120tab.,Tablet,Supply,43.71,38,5,2027-01-20,LOTE-2024-3979
802389,Amoxicillin + clavulanic acid Generis / I.V,vial,Drug,20.54,30,5,2028-07-13,LOTE-2024-3980
1313,Portable Practical Facial Massage Roller,Tool,Supply,11.72,27,5,2027-01-20,LOTE-2024-3981
Auto-547,HUMAN albumin 200 g/l  50ml,vial,Drug,32.16,39,5,2026-08-18,LOTE-2024-3982
101013,Ondansetron 8mg,Tablet,Drug,37.05,15,5,2027-01-20,LOTE-2024-3983
8690130000000,Age Reversist,Cream,Supply,25.27,26,5,2027-07-24,LOTE-2024-3984
8993560000000,Dettol Original,soap,Supply,43.57,1,5,2027-07-24,LOTE-2024-3985
6210310000000,Lotid (50-12.5)mg,Tablet,Drug,3.75,4,5,2027-01-20,LOTE-2024-3986
5708930000000,Coloplast 55/kiss,Kiss,Supply,23.46,29,5,2028-07-13,LOTE-2024-3987
Auto-561,permethrin 1% shampoo,Shampoo,Supply,32.75,1,5,2028-07-13,LOTE-2024-3988
1120,Stabiflex 60eff.tab,effervescent tablet,Drug,39.02,43,5,2027-01-20,LOTE-2024-3989
2013,legalon forte / madus,Capsule,Drug,9.3,46,5,2026-09-22,LOTE-2024-3990
1209,PDGrowth 4i.u.,vial,Drug,36.3,22,5,2027-01-20,LOTE-2024-3991
Auto-813,elastic bandage 15cm x 4.5cm,,Supply,25.54,11,5,2027-07-24,LOTE-2024-3992
714119000000,Vitamin C 60ml ,serum,Supply,18.75,10,5,2026-07-09,LOTE-2024-3993
5903250000000,Like-oxytocin 10IU/ml,Ampoule,Drug,7.23,17,5,2028-07-13,LOTE-2024-3994
7612410000000,Curaprox 5460 Ultra Soft,,Supply,39.14,36,5,2026-08-18,LOTE-2024-3995
1165,Hidrocil Filac,Eye Drop,Drug,8.34,47,5,2026-09-22,LOTE-2024-3996
1321,Sodium Chloride Hypertonic 3%,solution,Drug,14.98,26,5,2028-07-13,LOTE-2024-3997
1187,Non-woven surgical plaster 10*5,plaster,Supply,14.12,48,5,2026-08-18,LOTE-2024-3998
Auto-928,a:d.o.z.i.n.1.0.m.g.2.m.l.,,Drug,39.41,21,5,2026-09-22,LOTE-2024-3999
63935015334,Adrien gagnon Omega 3 Enfants,Gummies ,Drug,30.76,13,5,2026-08-03,LOTE-2024-4000
63935015297,Multivitamin Kids,,Drug,36.16,9,5,2026-09-22,LOTE-2024-4001
8520817,Aspegic 500mg,sachet,Drug,12.4,11,5,2026-08-18,LOTE-2024-4002
50167623,Fem Fresh Soap free,wash,Supply,28.68,11,5,2026-09-22,LOTE-2024-4003
1295,Vicks VapoRub ,ointment,Supply,26.37,6,5,2026-09-22,LOTE-2024-4004
5179,Singulair 5mg,Chewable Tablet,Drug,37.73,1,5,2028-07-13,LOTE-2024-4005
5508,Singulair Paediatric 4mg Granules,,Drug,40.91,6,5,2028-07-13,LOTE-2024-4006
1270,Motilex Plus Men /60cap.,Capsule,Drug,2.03,13,5,2026-08-03,LOTE-2024-4007
-10259064,Rugard Vitamin-creme ,Cream,Supply,30.82,22,5,2027-07-24,LOTE-2024-4008
1317,Pariet 20mg /14tab.,Tablet,Drug,3.75,31,5,2026-08-03,LOTE-2024-4009
Auto-1097,lafaf 7.5cm,,Supply,25.38,22,5,2026-07-09,LOTE-2024-4010
8688880000000,pure zinc syrup,syurp,Drug,14.01,37,5,2026-08-03,LOTE-2024-4011
226,sanoplex 75mg / 30tab,Tablet,Drug,14.84,47,5,2028-07-13,LOTE-2024-4012
77043104507,ST.Ives Acne Control ,Scrub ,Supply,16.85,27,5,2028-07-13,LOTE-2024-4013
3410,dercos sebo-correcteur,Shampoo,Supply,28.53,14,5,2026-08-18,LOTE-2024-4014
5423310000000,N.H.C nail polish remover,nail polish remover ,Supply,16.03,47,5,2026-08-18,LOTE-2024-4015
1285,Entresto 200mg,Tablet,Drug,33.37,5,5,2026-08-18,LOTE-2024-4016
1238,Monobenzone Cream U.S.P. Bemoquin,Cream,Drug,19.1,36,5,2027-01-20,LOTE-2024-4017
A00078,Mannitol %20,solution,Supply,4.47,32,5,2027-01-20,LOTE-2024-4018
6281900000000,Prex 75mg 14caps,Capsule,Drug,35.59,34,5,2026-08-18,LOTE-2024-4019
Auto-398,Black Mask purifying peel-off mask,,Supply,13.93,7,5,2027-07-24,LOTE-2024-4020
6706920000000,shagul med crepe bandage 7.5cm ,bange,Supply,20.33,42,5,2026-09-22,LOTE-2024-4021
6251890000000,Xeratec 100mg/5ml,solution,Drug,31.32,48,5,2028-07-13,LOTE-2024-4022
A000129,arcoxia 120mg / msd,Tablet,Drug,15.96,10,5,2027-01-20,LOTE-2024-4023
1191,Predol 0.5%,eye ointment,Drug,3.96,17,5,2026-09-22,LOTE-2024-4024
Auto-562,permethrin 5% lotion,,Drug,17.77,30,5,2027-07-24,LOTE-2024-4025
8680510000000,Bioxsine Dermagen Forte For all hair types,Shampoo,Supply,42.58,21,5,2027-07-24,LOTE-2024-4026
8690890000000,Derby moisturising shaving foam,Foam,Supply,29.42,13,5,2026-08-18,LOTE-2024-4027
1244,Latex Foley Balloon catheter 2way/10.12.14.16.18.20.Fr,catheter,Supply,30.71,1,5,2026-09-22,LOTE-2024-4028
1330,GLYCINE 1.5 %,solution,Drug,29.0,1,5,2028-07-13,LOTE-2024-4029
1343,PDXane 6000,Injection,Drug,10.16,47,5,2026-08-18,LOTE-2024-4030
1355,Tranfil 500mg,Tablet,Drug,19.7,33,5,2026-07-09,LOTE-2024-4031
8697510000000,Freshlife 60*90,bed,Supply,34.17,38,5,2026-09-22,LOTE-2024-4032
Auto-905,Markfil oral jelly,,Drug,5.91,25,5,2027-07-24,LOTE-2024-4033
101011,Fluoxetine generis 20mg,Capsule,Drug,13.59,26,5,2027-07-24,LOTE-2024-4034
4062300000000,Hipp Organic Combiotic 1,milk,Supply,13.52,13,5,2028-07-13,LOTE-2024-4035
Auto-504,topi dast,,Supply,20.29,28,5,2027-01-20,LOTE-2024-4036
Auto-644,OVELLE Benzonic Acid 6% Oint,ointment,Drug,44.15,33,5,2026-08-03,LOTE-2024-4037
97298013812,royal posture,,Supply,4.44,37,5,2027-01-20,LOTE-2024-4038
1320,Ferrosel 100mg/5ml ,Ampoule,Drug,24.06,41,5,2027-07-24,LOTE-2024-4039
5612100000000,CoughNill,Syrup,Drug,9.3,30,5,2026-08-03,LOTE-2024-4040
1339,Disposable Sterile Syringe 5ml ,syringe,Supply,43.72,49,5,2026-08-18,LOTE-2024-4041
Auto-59,Pretty Baby dangra,,Supply,6.43,48,5,2026-07-09,LOTE-2024-4042
8681210000000,Sleepy Sensitive 5 (11-18)kg,daibi,Supply,19.06,8,5,2027-01-20,LOTE-2024-4043
-10113248,Rugard Hyluron Augenpflege 15ml,Cream,Supply,33.6,49,5,2028-07-13,LOTE-2024-4044
42299813,Nivea men 48h stress protect ,roll,Supply,32.15,47,5,2027-01-20,LOTE-2024-4045
01089060751504301721103110EOM11808,Gynogen HP 75 IU,Injection,Drug,19.89,1,5,2028-07-13,LOTE-2024-4046
9076943,ADT 25mg,Tablet,Drug,16.57,12,5,2026-08-03,LOTE-2024-4047
6925610000000,Jiaai Best For Your Baby,sara mama,Supply,18.8,5,5,2028-07-13,LOTE-2024-4048
6925670000000,Scholl Hell Anti-Crack Sets,strips,Supply,13.0,24,5,2027-07-24,LOTE-2024-4049
VW7NGJ,munatoril cold,Syrup,Drug,10.43,6,5,2026-09-22,LOTE-2024-4050
1314,3D Double Side Multifunction Silicon face cleanser ,Tool,Supply,22.51,25,5,2028-07-13,LOTE-2024-4051
16185128965,Super Collagen+C 250tab.,Tablet,Drug,13.18,1,5,2026-08-18,LOTE-2024-4052
5902310000000,Barwa Siarkowa Greasy Hair Dandruff & seborrha ,Shampoo,Supply,14.0,25,5,2028-07-13,LOTE-2024-4053
5746960000000,Mengshahayd ,derma roller,Supply,30.07,1,5,2028-07-13,LOTE-2024-4054
4026040000000,Fresh eye Look,solution,Supply,43.63,32,5,2027-07-24,LOTE-2024-4055
5013160000000,Klacid XL 500mg,Tablet,Drug,27.76,42,5,2027-01-20,LOTE-2024-4056
8711430000000,tegaderm +pad 9cm*15cm,pad,Supply,4.85,42,5,2026-08-03,LOTE-2024-4057
8681740000000,BioDerMiny Whitening,Cream,Supply,4.79,3,5,2027-01-20,LOTE-2024-4058
6923280000000,Dr.House Cooling gel patch ,Patch,Supply,42.89,49,5,2026-09-22,LOTE-2024-4059
1253,10000,Coast,Supply,14.43,19,5,2027-07-24,LOTE-2024-4060
1272,Normazine 100mg,Tablet,Drug,5.5,43,5,2027-07-24,LOTE-2024-4061
70942304573,G.U.M  flosbrush automatic,,Supply,27.56,29,5,2028-07-13,LOTE-2024-4062
30162662,la roche-posay Anthelios Spf 50+ Shaka Fluid,sunscreen,Supply,28.63,2,5,2026-07-09,LOTE-2024-4063
1387,Gentafil 80mg/2ml,Ampoule,Drug,29.71,9,5,2027-07-24,LOTE-2024-4064
101006,Alendronic Acid Generis 70mg,Tablet,Drug,13.13,17,5,2028-07-13,LOTE-2024-4065
A000165,tofranil 25mg 50tablet be cod,,Drug,2.16,46,5,2027-07-24,LOTE-2024-4066
77043401477,St.Ives Soothing ,BODY WASH,Supply,43.48,36,5,2026-08-03,LOTE-2024-4067
1233,Equin 0.625mg /98tab.,Tablet,Drug,12.41,17,5,2026-08-03,LOTE-2024-4068
Auto-855,Levoxan 500mg,Tablet,Drug,30.91,49,5,2026-07-09,LOTE-2024-4069
8710910000000,Neutral Skin Tonic,Toner ,Supply,32.24,12,5,2027-01-20,LOTE-2024-4070
Auto-346,Joint Active,,Drug,28.04,20,5,2027-01-20,LOTE-2024-4071
1199,Curam 625mg,Tablet,Drug,15.11,3,5,2028-07-13,LOTE-2024-4072
3760070000000,Floxia lait unifiant hydrant 200ml,solution,Supply,13.29,43,5,2026-09-22,LOTE-2024-4073
1204,Amoxicillin 500mg,Capsule,Drug,27.5,4,5,2026-09-22,LOTE-2024-4074
4533210000000,Baby foot Easy pack,foot,Supply,39.18,17,5,2027-01-20,LOTE-2024-4075
8146335,Bioderma Atoderm Intensive Baume,balm,Supply,42.68,37,5,2027-07-24,LOTE-2024-4076
1228,Anaprivin 100ml ,Eye Drop,Drug,6.11,46,5,2028-07-13,LOTE-2024-4077
4052500000000,Splat Kids Soft Silver ,toothbrush,Supply,8.24,42,5,2027-07-24,LOTE-2024-4078
1221,Cipro 500mg /14tab.,Tablet,Drug,42.6,15,5,2026-09-22,LOTE-2024-4079
2802110000000,Adelone,Eye Drop,Drug,33.54,33,5,2027-01-20,LOTE-2024-4080
8696920000000,Meni Ipek 3m*5cm ,plaster,Supply,39.91,16,5,2028-07-13,LOTE-2024-4081
Auto-874,dibase 50.000 i.u/2.5ml,,Drug,10.31,11,5,2026-09-22,LOTE-2024-4082
228,Priligy 60mg / Orginal,Tablet,Drug,27.06,20,5,2026-08-18,LOTE-2024-4083
W1LY3Q,Cistidep 15cap,Capsule,Drug,32.0,38,5,2026-08-18,LOTE-2024-4084
4027270000000,Concor AM 5mg/5mg ,Tablet,Drug,31.08,24,5,2026-07-09,LOTE-2024-4085
10104,mycodin 15g ointment,ointment,Drug,19.25,16,5,2027-07-24,LOTE-2024-4086
A000322,laevolac 670mg/ml 200ml / sothema,,Drug,2.17,30,5,2026-08-03,LOTE-2024-4087
5025,Levemir Flex pen,flex pen,Drug,26.86,34,5,2026-08-18,LOTE-2024-4088
5102,sunex,,Supply,12.51,1,5,2026-08-18,LOTE-2024-4089
Auto-761,pinoplex fortified blood tonic syrup,Syrup,Drug,21.09,24,5,2027-01-20,LOTE-2024-4090
1400,Paracerol 10mg/ml ,solution,Drug,43.15,24,5,2026-09-22,LOTE-2024-4091
1362,Azeltin 500mg,Tablet,Drug,18.86,9,5,2027-01-20,LOTE-2024-4092
1911620000000,big ben accuracy,,Supply,38.03,22,5,2026-08-03,LOTE-2024-4093
802386,Carbamazepine Labesfal 200mg ,Tablet,Drug,9.7,12,5,2026-08-03,LOTE-2024-4094
101014,Tamsulosin 0.4mg Generis,Tablet,Drug,30.75,17,5,2026-09-22,LOTE-2024-4095
A000230,elevit pronatal 30tablet,Tablet,Drug,44.0,25,5,2026-09-22,LOTE-2024-4096
0SRQZ2,Levocarvit 1g/10ml,,Drug,5.93,28,5,2026-08-18,LOTE-2024-4097
1397,Metoclo 10mg/2ml,Ampoule,Drug,1.86,15,5,2026-08-03,LOTE-2024-4098
8699940000000,Tenty nit Large ,dastkesh,Supply,20.36,30,5,2028-07-13,LOTE-2024-4099
1341,PDXane 2000,Injection,Drug,5.53,27,5,2027-01-20,LOTE-2024-4100
5201010000000,Verpir 5% ,Cream,Drug,34.05,22,5,2026-08-03,LOTE-2024-4101
6211230000000,gentacine 20,Ampoule,Drug,41.28,10,5,2026-08-03,LOTE-2024-4102
1413,Filmox 500mg,Capsule,Drug,20.38,31,5,2028-07-13,LOTE-2024-4103
889477000000,Certain dri rolla-on,roll,Supply,12.75,27,5,2027-01-20,LOTE-2024-4104
7433610000000,Pesho Argan Oil,oil,Supply,20.4,12,5,2026-09-22,LOTE-2024-4105
Auto-269,Pshteni FTQ Nawarast Mndal,,Supply,32.97,46,5,2027-07-24,LOTE-2024-4106
1322,Chuhu fruta hara bebe,miwaxor,Supply,1.89,31,5,2027-07-24,LOTE-2024-4107
4011200000000,Dentagard toothpaste,tooth paste,Supply,27.14,32,5,2027-07-24,LOTE-2024-4108
A000107,Kalashax Bchuk,,Supply,28.18,32,5,2026-09-22,LOTE-2024-4109
87342840,Simple anti-perspirant ,roll,Supply,29.24,41,5,2026-09-22,LOTE-2024-4110
5060440000000,Gluta Bright,Softgel,Drug,12.03,45,5,2026-07-09,LOTE-2024-4111
4260580000000,Ivy Bears Hair Vitamin For Women,Gummies ,Drug,32.56,35,5,2028-07-13,LOTE-2024-4112
BH72,Humulin 70/30,Injection,Drug,5.48,46,5,2027-01-20,LOTE-2024-4113
Auto-722,Mebeverine Forte 30tabs,,Drug,10.17,21,5,2026-08-18,LOTE-2024-4114
1431,Anazol 500mg,Tablet,Drug,39.67,10,5,2028-07-13,LOTE-2024-4115
1368,Pulmocodin Cough Syrup,Syrup,Drug,33.63,16,5,2028-07-13,LOTE-2024-4116
850000000000,Sugarbearhair Womens Multi,Gummies ,Drug,2.1,7,5,2028-07-13,LOTE-2024-4117
816559000000,Zest Tropical Sunshine With Vitamin E ,BODY WASH,Supply,12.3,4,5,2028-07-13,LOTE-2024-4118
Auto-656,largo spray,,Supply,10.83,27,5,2028-07-13,LOTE-2024-4119
6009690000000,Infacare 3 400g ,milk,Supply,13.28,25,5,2026-08-18,LOTE-2024-4120
7891020000000,colgate Triple Action 1.2.3,tooth paste,Supply,12.27,31,5,2027-07-24,LOTE-2024-4121
1342,PDXane 4000,Injection,Drug,4.22,11,5,2027-07-24,LOTE-2024-4122
853244000000,Youtheory Collagen 160tab,Tablet,Drug,21.46,48,5,2026-08-18,LOTE-2024-4123
6986260000000,Aittone ,Pregnancy Test,Supply,33.37,20,5,2026-08-03,LOTE-2024-4124
229,procomil cream 5g,Cream,Drug,27.89,36,5,2028-07-13,LOTE-2024-4125
1101,Forever lite ultra 24g,powder,Supply,30.77,17,5,2026-08-18,LOTE-2024-4126
Auto-318,navid cotton Glooes anti Allergic,,Supply,5.03,45,5,2028-07-13,LOTE-2024-4127
4823530000000,ZandMed Rransparent pe tape 3m*5cm,plaster,Supply,42.89,11,5,2026-07-09,LOTE-2024-4128
6374850000000,Power Magnetic Posture Sport ,Pshten ,Supply,37.97,30,5,2026-07-09,LOTE-2024-4129
8935000000000,Haemorin liquid,Syrup,Drug,36.52,35,5,2026-09-22,LOTE-2024-4130
1232,Chwar qach be taya ,kursi,Supply,37.3,41,5,2026-08-18,LOTE-2024-4131
inoself 30,Inoself 30sachet.,sachet,Drug,42.07,38,5,2027-01-20,LOTE-2024-4132
2023, Govils clove oil 10ml / eurostar,,Drug,25.18,22,5,2027-01-20,LOTE-2024-4133
5172,Ifenec Dermo 150mg,Ovules Vaginaux,Drug,10.21,43,5,2026-08-03,LOTE-2024-4134
3760170000000,Zap tm,,Supply,28.33,48,5,2026-08-18,LOTE-2024-4135
1361,Domperit 10mg,Tablet,Drug,33.82,27,5,2026-09-22,LOTE-2024-4136
Auto-34,Voltaren 100mg/ 5 suppos.,,Drug,33.6,37,5,2026-08-18,LOTE-2024-4137
8718160000000,excellent care plus,,Supply,24.18,46,5,2027-07-24,LOTE-2024-4138
6957080000000,Tommee Tippie 0m+ Slow Flow 150ml ,bottle milk,Supply,4.48,49,5,2026-09-22,LOTE-2024-4139
1425,Wound Dressing 6Cm*8cm,plaster,Supply,17.64,35,5,2026-08-03,LOTE-2024-4140
8904180000000,Mero-250mg ,Tablet,Drug,41.55,4,5,2026-09-22,LOTE-2024-4141
1402,Derma-T,solution,Drug,26.92,16,5,2026-08-03,LOTE-2024-4142
Auto-131,Stomach Tube (NG),,Supply,24.92,16,5,2026-08-03,LOTE-2024-4143
A000603,Reparil-Gel N 40gm,Gel,Drug,13.2,21,5,2026-08-18,LOTE-2024-4144
6900990000000,Mosquito Repellent Olive+Aloe ,lotion,Supply,17.53,26,5,2028-07-13,LOTE-2024-4145
01089060751504161721093010EOU11806,Endogen HP 75IU,Injection,Drug,40.45,36,5,2028-07-13,LOTE-2024-4146
1305,Alerjon 0.025 %,Eye Drop,Drug,30.49,19,5,2027-07-24,LOTE-2024-4147
8905690000000,Power Floss,,Supply,35.75,17,5,2026-09-22,LOTE-2024-4148
4036580000000,SOS Lause shampoo ,Shampoo,Supply,21.26,45,5,2026-08-18,LOTE-2024-4149
2212100000000,Gasoshel,Tablet,Drug,28.92,26,5,2027-01-20,LOTE-2024-4150
1353,Paraxone 30cap.,Capsule,Drug,12.3,22,5,2027-07-24,LOTE-2024-4151
86822100000000,D-way Ultra D3 vitamin 10000iu,Softgel,Drug,32.19,28,5,2028-07-13,LOTE-2024-4152
70942504737,G.U.M  micro tip,,Supply,20.1,1,5,2026-08-03,LOTE-2024-4153
8715340000000,EXFolianting 1pcs.,sock,Supply,20.75,44,5,2026-07-09,LOTE-2024-4154
1337,Acne Twezzer 4PSC Colored,Tool,Supply,29.75,36,5,2027-01-20,LOTE-2024-4155
1426,Clidinium-C ,Tablet,Drug,42.23,43,5,2027-07-24,LOTE-2024-4156
Auto-507,FLOGINA 14 vaginal ovules,,Drug,4.28,37,5,2027-07-24,LOTE-2024-4157
8850720000000,MyChoice Petroleum Jelly Manuka Honey ,vaseline ,Supply,37.38,2,5,2027-01-20,LOTE-2024-4158
30768027933,sundown vitamin E oil 70000 iu,oil,Supply,14.22,17,5,2028-07-13,LOTE-2024-4159
1052,Tresprin-A75,Capsule,Drug,20.81,40,5,2027-01-20,LOTE-2024-4160
6262180000000,Alcohol Swab ,sachet,Supply,2.45,38,5,2028-07-13,LOTE-2024-4161
Auto-715,Nosifol 30 sachets,powder,Drug,14.6,21,5,2028-07-13,LOTE-2024-4162
1450,jawanay be barg china,hot bag,Supply,23.36,9,5,2027-07-24,LOTE-2024-4163
4316270000000,ProLife Omega-3,Capsule,Drug,3.94,13,5,2026-09-22,LOTE-2024-4164
9990880000000,Oral-B Stage Power,toothbrush,Supply,22.86,11,5,2026-08-18,LOTE-2024-4165
1195,Dom-mark 10mg,Tablet,Drug,41.83,16,5,2027-01-20,LOTE-2024-4166
A000430,vitamine b6 sterop 100mg/2ml,Ampoule,Drug,6.08,16,5,2026-09-22,LOTE-2024-4167
6950970000000,Cooling patch soft gel sheets 3 pieces,Patch,Supply,34.75,2,5,2028-07-13,LOTE-2024-4168
4025690000000,Prosta Easy 60cap.,Capsule,Drug,19.32,42,5,2026-08-03,LOTE-2024-4169
Auto-320,feeding syringe 60ml,syringe,Drug,30.0,44,5,2026-08-18,LOTE-2024-4170
851107000000,Nasalcare powder,sachet,Drug,12.82,8,5,2027-07-24,LOTE-2024-4171
A00076,negazole 250mg 20tablet / julphar,Tablet,Drug,8.44,43,5,2026-08-03,LOTE-2024-4172
9556010000000,Johnsons Baby shampoo/800ml ,Shampoo,Supply,8.48,42,5,2026-09-22,LOTE-2024-4173
8562007642,Sony Pilli jihazi shakra ,pill,Supply,4.57,13,5,2026-09-22,LOTE-2024-4174
1458,Tenvir 300mg ,Tablet,Drug,9.58,17,5,2027-01-20,LOTE-2024-4175
Auto-711,claritine syrup,Syrup,Drug,30.39,39,5,2026-08-18,LOTE-2024-4176
6215100000000,Lioraz 10mg,Tablet,Drug,39.85,24,5,2028-07-13,LOTE-2024-4177
7557570000000,baby happy 086,,Supply,36.91,3,5,2026-09-22,LOTE-2024-4178
802387,Carvedilol Labesfal 25mg ,Tablet,Drug,31.3,30,5,2028-07-13,LOTE-2024-4179
1216,DuoDerm Extra thin 10cm*10cm,plaster,Supply,6.3,13,5,2026-09-22,LOTE-2024-4180
1451,Maxman 75000 spray delay ,Spray,Drug,14.08,19,5,2026-08-18,LOTE-2024-4181
5281590000000,Lavender Olive Oil,Shampoo,Drug,14.98,7,5,2026-08-03,LOTE-2024-4182
1344,Nebulizer Set / Pediatric ,Nebulizer,Supply,12.37,9,5,2026-07-09,LOTE-2024-4183
4715140000000,Rossmax Monitoring ,thermometer,Supply,23.9,19,5,2027-01-20,LOTE-2024-4184
1436,Lioresal 10mg /50tab ,Tablet,Drug,24.8,45,5,2026-08-03,LOTE-2024-4185
Auto-767,Oral Irrigator,,Supply,17.02,40,5,2026-09-22,LOTE-2024-4186
9647830000000000,Joudtol 500ml Antiseptic,Gel,Supply,16.89,22,5,2027-01-20,LOTE-2024-4187
Auto-98,Leximark 500mg,Tablet,Drug,37.54,18,5,2026-08-18,LOTE-2024-4188
1213,Isotoin 20mg ,Capsule,Drug,35.83,23,5,2026-08-18,LOTE-2024-4189
50929085,Argan oil 100% pure,oil,Supply,14.89,2,5,2027-07-24,LOTE-2024-4190
6294000000000,Nido 1-3 years/400g,milk,Supply,41.25,11,5,2028-07-13,LOTE-2024-4191
802073,Candesartan Generis 16mg ,Tablet,Drug,42.95,31,5,2026-08-03,LOTE-2024-4192
Auto-113,"Pen Sterile 800,000 I.U.",vial,Drug,15.71,33,5,2026-08-18,LOTE-2024-4193
6009510000000,dental care kit,,Supply,16.92,14,5,2028-07-13,LOTE-2024-4194
4036910000000,rowatinex,,Drug,23.5,16,5,2026-07-09,LOTE-2024-4195
79400646767,Suave Kids ,Shampoo,Supply,42.44,11,5,2028-07-13,LOTE-2024-4196
7640180000000,Provi 12dotted ,condoms,Supply,39.62,33,5,2026-07-09,LOTE-2024-4197
1467,Monobenzone_behvazan 20%,Cream,Drug,5.96,7,5,2028-07-13,LOTE-2024-4198
5060280000000,Flexiseq,,Drug,18.58,31,5,2026-09-22,LOTE-2024-4199
1486,Fish bottle Qabax plastic,Bottle milk.,Supply,25.57,48,5,2028-07-13,LOTE-2024-4200
Auto-859,pbt bandage 7.5cm x 4.5m,,Supply,23.39,46,5,2026-09-22,LOTE-2024-4201
638126000000,Vitagen Vitamin D3 10000IU,Capsule,Drug,9.93,47,5,2027-01-20,LOTE-2024-4202
-5028138,Citalopram Aristo 20mg,Tablet,Drug,38.86,14,5,2026-08-03,LOTE-2024-4203
6934150000000,Kwick Releef bargdar,,Drug,30.95,28,5,2026-08-18,LOTE-2024-4204
Auto-61,Orlobin 500mg/2ml,vial,Drug,37.95,43,5,2027-07-24,LOTE-2024-4205
1329,Vichy lip Spf 30,lip moiturising,Supply,38.86,16,5,2027-01-20,LOTE-2024-4206
712346000000,super colagen+C ,Cream,Supply,34.05,19,5,2028-07-13,LOTE-2024-4207
1289,Relaxen day,Capsule,Drug,20.61,17,5,2026-09-22,LOTE-2024-4208
1496,Procaine Penicillin 1mg/7ml ,vial,Drug,28.06,26,5,2028-07-13,LOTE-2024-4209
1512,Shagul Med Crepe bandage 10cm*5Y,bange,Supply,8.48,6,5,2026-09-22,LOTE-2024-4210
6971950000000,Cefalexin 500mg ,Capsule,Drug,30.8,43,5,2028-07-13,LOTE-2024-4211
6001110000000,Dettol Cool,soap,Supply,9.3,49,5,2028-07-13,LOTE-2024-4212
9555160000000,Provi 12everlasting,condoms,Supply,31.69,9,5,2026-09-22,LOTE-2024-4213
1455,Cetirizin Hexal 10mg ,Tablet,Drug,11.49,17,5,2028-07-13,LOTE-2024-4214
8681240000000,TM With Oil,cleanser ,Supply,6.61,31,5,2027-07-24,LOTE-2024-4215
1482,sar azhno mnal ,Knee,Supply,8.69,12,5,2026-08-18,LOTE-2024-4216
5099510000000,WaterWipes ,cleanser ,Supply,1.59,23,5,2027-01-20,LOTE-2024-4217
8430090000000,Develac 2 Premium Infant Formula for Constipation ,milk,Supply,32.77,5,5,2026-08-03,LOTE-2024-4218
1459,Hycortisone 1%,Cream,Drug,33.36,43,5,2027-07-24,LOTE-2024-4219
1504,Libraxam ,Tablet,Drug,23.9,36,5,2026-08-18,LOTE-2024-4220
Auto-1055,Prograf 1mg /50cap.,Capsule,Drug,8.52,36,5,2026-08-03,LOTE-2024-4221
96101476,nano white wash,,Supply,5.13,3,5,2026-09-22,LOTE-2024-4222
86804400000000,Pre-Conseption & Pregnancy Vitamins,Capsule,Drug,2.33,24,5,2027-01-20,LOTE-2024-4223
1491,toenail Lifter ,Tool,Supply,8.71,17,5,2028-07-13,LOTE-2024-4224
A000362,lexin 250 100ml / hikma,,Drug,40.25,39,5,2028-07-13,LOTE-2024-4225
8909590000000,Alatar CoConut Oil ,oil,Supply,12.01,26,5,2026-09-22,LOTE-2024-4226
1490,Pariet 20mg /28tab.,Tablet,Drug,16.91,4,5,2026-08-03,LOTE-2024-4227
Auto-762,HB 12 syrup,Syrup,Drug,6.08,45,5,2027-07-24,LOTE-2024-4228
6946540000000,super ortho ,,Supply,11.17,12,5,2027-01-20,LOTE-2024-4229
1520,Filmox 125mg,Suspension,Drug,24.09,1,5,2026-09-22,LOTE-2024-4230
1470,Clasteon 400mg hard capsules,Capsule,Drug,27.94,21,5,2026-09-22,LOTE-2024-4231
Auto-909,clonex-b,Cream,Drug,12.17,19,5,2027-01-20,LOTE-2024-4232
Auto-341,Diflucan 150mg 1cap,,Drug,4.01,21,5,2026-09-22,LOTE-2024-4233
6922410000000,Cotton Buds 200 PCS.,gwe pakarawa ,Supply,18.51,18,5,2027-07-24,LOTE-2024-4234
638152000000,SunHeal /16cap.,Capsule,Drug,11.69,43,5,2027-01-20,LOTE-2024-4235
1530,Sibelium /20tsb.,Tablet,Drug,11.05,3,5,2028-07-13,LOTE-2024-4236
1478,Amblyopia Pad ,pad,Supply,43.25,49,5,2027-01-20,LOTE-2024-4237
Auto-584,zeel tab,,Drug,28.31,44,5,2026-08-18,LOTE-2024-4238
01089060751504541721093010EOH11809,Pubergen HP 5000 IU,Injection,Drug,25.72,32,5,2028-07-13,LOTE-2024-4239
W27QGW,Growdep,Softgel,Drug,19.59,10,5,2027-01-20,LOTE-2024-4240
1526,Hexoraz ,mouth wash,Supply,20.16,40,5,2026-08-18,LOTE-2024-4241
8691890000000,kardelen,Cotton,Supply,25.03,15,5,2027-01-20,LOTE-2024-4242
60014399,vaseline blueseal,,Drug,31.79,5,5,2026-09-22,LOTE-2024-4243
-3831457,maprotilin-neuraxpharm 25mg,,Drug,32.04,4,5,2027-07-24,LOTE-2024-4244
W2HVX7,Pro Dep,Capsule,Drug,8.97,28,5,2026-09-22,LOTE-2024-4245
8697540000000,Filik Soap ,soap,Supply,23.25,4,5,2027-07-24,LOTE-2024-4246
1539,Ivypin 100ml,Syrup,Drug,19.42,15,5,2026-08-03,LOTE-2024-4247
1510,Joycoo baby Thermometer,machine ,Supply,39.37,17,5,2026-09-22,LOTE-2024-4248
1521,Filmox 250mg,Suspension,Drug,28.97,44,5,2028-07-13,LOTE-2024-4249
1242,Forever Royal Jelly 60tab.,Tablet,Drug,24.66,3,5,2027-07-24,LOTE-2024-4250
70942502016,G.U.M Denture brush ,toothbrush,Supply,6.52,10,5,2026-08-18,LOTE-2024-4251
6211280000000,Ergomine ,Ampoule,Drug,27.85,47,5,2026-08-18,LOTE-2024-4252
8906020000000,Diltiazem Hydrochloride  Gel 2 %,Gel,Drug,6.6,42,5,2026-09-22,LOTE-2024-4253
01089060751504231721073110EOU21802,Endogen HP 150 IU,Injection,Drug,16.17,23,5,2027-01-20,LOTE-2024-4254
1484,Restanex 20ml ,Nasal Spray,Drug,7.71,18,5,2027-07-24,LOTE-2024-4255
1118,Zoloft 50mg /15tab,Tablet,Drug,31.61,1,5,2027-07-24,LOTE-2024-4256
7315980000000,CCS Cracked Heel Repair ,Cream,Supply,10.47,35,5,2027-01-20,LOTE-2024-4257
6135362,Bioderma Sebium Pore  Refiner,Cream,Supply,18.55,31,5,2027-07-24,LOTE-2024-4258
1537,Alka-UR,sachet,Drug,40.46,44,5,2026-09-22,LOTE-2024-4259
3515460000000,effidigest,,Drug,10.39,1,5,2026-08-03,LOTE-2024-4260
5280,Kapy Chaw Bchwk Peaceful Sleep,,Supply,23.59,3,5,2027-01-20,LOTE-2024-4261
5701780000000,compeed,,Supply,19.74,3,5,2028-07-13,LOTE-2024-4262
VW6JJN,Golaprop/tablet,Tablet,Drug,2.29,37,5,2027-07-24,LOTE-2024-4263
1433,Enoxan 6000,Injection,Drug,35.98,19,5,2027-01-20,LOTE-2024-4264
4580190000000,Citizen thermometer,thermometer,Supply,4.5,29,5,2027-01-20,LOTE-2024-4265
1550,Coldin ,Syrup,Drug,22.13,25,5,2028-07-13,LOTE-2024-4266
1412,Lopimide 2mg ,Tablet,Drug,25.89,33,5,2026-09-22,LOTE-2024-4267
1547,profenza ,Suspension,Drug,28.84,36,5,2026-09-22,LOTE-2024-4268
4719000000000,Microlife ,thermometer,Supply,31.46,29,5,2028-07-13,LOTE-2024-4269
1527,Banotone,Syrup,Drug,12.52,26,5,2028-07-13,LOTE-2024-4270
801540,clotrimazole labesfal 10mg/g,,Drug,1.93,4,5,2026-09-22,LOTE-2024-4271
1307,Inan Yun ,korse,Supply,32.97,49,5,2026-09-22,LOTE-2024-4272
1453,Double Rubber Elastic Abdominal Binder ,korse,Supply,24.8,14,5,2026-09-22,LOTE-2024-4273
PAA096004,Provera 5mg /24tab.,Tablet,Drug,37.87,27,5,2026-08-03,LOTE-2024-4274
1493,Paralab Forte Cold & flu ,Tablet,Drug,37.23,33,5,2028-07-13,LOTE-2024-4275
5154840000000,Foot care product gel heel socks,sock,Supply,38.18,22,5,2026-09-22,LOTE-2024-4276
1522,Parafil 125mg,syurp,Drug,22.6,48,5,2028-07-13,LOTE-2024-4277
1299,Dioclav 625mg ,Tablet,Drug,16.01,3,5,2026-08-18,LOTE-2024-4278
77043358023,ST.Ives Blackhead Clearing,Gel,Supply,35.93,23,5,2027-01-20,LOTE-2024-4279
1499,Adamed Multivitamin,Syrup,Drug,21.13,21,5,2026-07-09,LOTE-2024-4280
5050380000000,Nasal Strips ,strips,Supply,9.48,41,5,2027-07-24,LOTE-2024-4281
Auto-724,Anti-Spa 200mg 30tabs,,Drug,38.69,23,5,2027-01-20,LOTE-2024-4282
1473,piyeloseptyl 100mg,Tablet,Drug,39.89,4,5,2027-01-20,LOTE-2024-4283
6213050000000,Deslomar 125ml ,Syrup,Drug,21.78,21,5,2026-08-03,LOTE-2024-4284
1559,Bandage 15 cm,bange,Supply,4.79,37,5,2026-08-18,LOTE-2024-4285
9555250000000,hiprogin 250mg/1ml ,Injection,Drug,18.37,43,5,2026-08-03,LOTE-2024-4286
1523,Fungistop 150mg,Capsule,Drug,36.45,31,5,2026-08-18,LOTE-2024-4287
5208740000000,Fucibet cream,Cream,Drug,40.73,21,5,2027-01-20,LOTE-2024-4288
8809330000000,My Choice ,solution,Supply,10.35,26,5,2027-01-20,LOTE-2024-4289
1569,Zithromax 300mg/7.5ml,Suspension,Drug,4.41,41,5,2027-01-20,LOTE-2024-4290
Auto-219,Victoza 6mg/ml,,Drug,39.66,35,5,2027-01-20,LOTE-2024-4291
3678210000000,Glycerin SKIN care ,Cream,Supply,18.44,38,5,2026-08-18,LOTE-2024-4292
6970280000000,Warm Steam Vaporizer ,machine ,Supply,25.07,24,5,2026-08-18,LOTE-2024-4293
1702110000000,Compressor nebulizer ,machine ,Supply,43.61,11,5,2026-08-03,LOTE-2024-4294
8021,oxygen mask adult ,mask,Supply,4.4,41,5,2027-07-24,LOTE-2024-4295
1551,Isotoin-10mg ,Capsule,Drug,29.7,29,5,2027-01-20,LOTE-2024-4296
1576,oxygen mask baby ,mask,Supply,4.72,47,5,2026-08-18,LOTE-2024-4297
7426850000000,Omega 3 Fish Oil ,Softgel,Drug,17.83,3,5,2026-08-18,LOTE-2024-4298
5090,SALI Shampoo,shampo,Supply,36.47,1,5,2028-07-13,LOTE-2024-4299
8680710000000,Schon hand & face Cream,Cream,Supply,20.36,19,5,2027-07-24,LOTE-2024-4300
4260020000000,Orthomol Fertil Plus ,Tablet,Drug,44.88,46,5,2027-01-20,LOTE-2024-4301
1498,Tienam-500,vial,Drug,25.82,49,5,2026-09-22,LOTE-2024-4302
8997220000000,Collagen Alatar ,soap,Supply,15.47,22,5,2026-08-18,LOTE-2024-4303
5902850000000,Marion Balsam Na male Sprezynki ,Cream,Supply,11.07,14,5,2028-07-13,LOTE-2024-4304
1201,pdgrastim 300mcg,Injection,Drug,16.75,49,5,2027-07-24,LOTE-2024-4305
Auto-473,neal cast 3,,Supply,17.71,14,5,2026-09-22,LOTE-2024-4306
SDI-12BOO007,nasophrine 0.025%,,Drug,4.49,44,5,2027-07-24,LOTE-2024-4307
1570,Omega-3 Fish oil 1000mg/30cap.,Softgel,Drug,17.58,16,5,2027-07-24,LOTE-2024-4308
1566,fertilfast For men,Tablet,Drug,21.69,33,5,2026-08-18,LOTE-2024-4309
6901990000000,Blood lancet ,Blood Test Strips,Supply,32.94,13,5,2026-09-22,LOTE-2024-4310
648668000000,JointFlex cream,Cream,Drug,30.07,38,5,2026-08-18,LOTE-2024-4311
1434,Canesten 100mg  vaginal tablet,vaginal tablets ,Drug,32.33,49,5,2026-08-03,LOTE-2024-4312
5012240000000,Thioctic Easy for Women /60cap.,Capsule,Drug,1.86,12,5,2027-07-24,LOTE-2024-4313
A0008,paraffin  Gauze 10PCS / Greetmed,,Drug,10.97,38,5,2026-08-18,LOTE-2024-4314
1552,Corn Removal ,plaster,Supply,30.28,39,5,2027-07-24,LOTE-2024-4315
1553,Insu/Light,syringe,Supply,22.55,33,5,2028-07-13,LOTE-2024-4316
6927730000000,Tongue Scraper ,Tongue cleaner,Supply,1.73,33,5,2026-08-03,LOTE-2024-4317
770201000000,Omega plus,Softgel,Drug,36.5,29,5,2026-09-22,LOTE-2024-4318
Auto-603,ketorolac trometamol 30mg/ml,Injection,Drug,35.12,5,5,2027-07-24,LOTE-2024-4319
Auto-366,elastic bandage 5 cm* 4.5,,Supply,25.36,6,5,2027-07-24,LOTE-2024-4320
77043103609,ST.Ives Fresh Skin oil Free ,Scrub ,Supply,4.39,31,5,2027-07-24,LOTE-2024-4321
VVFP8X,munatroil spray nasal /20ml,Nasal Spray,Drug,34.84,16,5,2026-09-22,LOTE-2024-4322
1615,FFp2 N95,face mask ,Supply,26.89,31,5,2026-09-22,LOTE-2024-4323
1275350000000,BabyHappy 1 0-6 months ,mamka mzha,Supply,35.52,25,5,2027-01-20,LOTE-2024-4324
1271,Predsol 5mg,Tablet,Drug,34.2,48,5,2028-07-13,LOTE-2024-4325
6937540000000,1 opc white rubber ,gloves,Supply,36.43,46,5,2026-09-22,LOTE-2024-4326
1577,Lorasan ,Syrup,Drug,24.03,33,5,2028-07-13,LOTE-2024-4327
Auto-370,VIGA 150000 45ml,Spray,Drug,7.6,13,5,2026-08-18,LOTE-2024-4328
1229,predmacin,eye ointment,Drug,30.7,10,5,2028-07-13,LOTE-2024-4329
Auto-1072,axon hearing Aid K-80,Tool,Supply,28.49,24,5,2027-01-20,LOTE-2024-4330
63935013347,NeoFlex Anti-inflammatoire 90cap.,Capsule,Drug,33.79,10,5,2026-09-22,LOTE-2024-4331
1606,evolve medium ,gloves,Supply,8.89,41,5,2027-01-20,LOTE-2024-4332
86801600000000,Power max Delay Spray ,Spray,Drug,9.98,31,5,2026-08-18,LOTE-2024-4333
6922100000000,Av-Plast,,Drug,40.23,13,5,2026-08-18,LOTE-2024-4334
6219130000000,Lafresh Sanitizer instant hand ,Gel,Supply,34.12,3,5,2026-08-03,LOTE-2024-4335
1630,FFp2,mask,Supply,41.01,34,5,2026-08-03,LOTE-2024-4336
5024660000000,loperamide hydrochloride 2mg,Capsule,Drug,34.5,49,5,2026-09-22,LOTE-2024-4337
4028160000000,Skinman Soft Protect ,solution,Supply,27.48,28,5,2027-07-24,LOTE-2024-4338
5202,Clorocil 5g,eye ointment,Drug,29.95,19,5,2027-01-20,LOTE-2024-4339
1636,Libroxide 5mg,Tablet,Drug,40.18,23,5,2026-08-03,LOTE-2024-4340
1640,Clorox Disinfecting Wipes ,cleanser ,Supply,26.68,45,5,2028-07-13,LOTE-2024-4341
10228104237,Chases Spray disinfectant,Spray,Supply,29.01,32,5,2027-01-20,LOTE-2024-4342
7525650000000,Bright hand sanitizer,Gel,Supply,8.31,13,5,2028-07-13,LOTE-2024-4343
1573,Vigras inhaler,Inhaler,Supply,22.12,33,5,2027-01-20,LOTE-2024-4344
1584,Deslodin 2.5mg/5ml,Syrup,Drug,32.66,34,5,2026-08-18,LOTE-2024-4345
8699320000000,Eco mavi Nitril Small ,gloves,Supply,13.29,33,5,2026-09-22,LOTE-2024-4346
1644,Hi-jolla,Gel,Supply,10.3,5,5,2027-01-20,LOTE-2024-4347
6971310000000,Enzo professional,machine ,Supply,15.15,3,5,2026-07-09,LOTE-2024-4348
A000142,imodium 6capsul / janseen-cilag,Capsule,Drug,12.01,7,5,2026-07-09,LOTE-2024-4349
8697440000000,nitril eldiven,gloves,Supply,10.85,24,5,2026-08-03,LOTE-2024-4350
Auto-825,disposable plastic gloves,,Supply,19.98,22,5,2026-08-18,LOTE-2024-4351
6210010000000,Spiky Hand Clean Gel 500ml,Gel,Supply,40.99,45,5,2026-09-22,LOTE-2024-4352
Auto-215,repa LysYAL 30ml,Cream,Drug,23.56,23,5,2026-09-22,LOTE-2024-4353
8699050000000,Povidone Iodine 10%,solution,Supply,9.67,30,5,2026-08-03,LOTE-2024-4354
7612630000000,Librax 5/2.5mg,Tablet,Drug,4.85,18,5,2027-01-20,LOTE-2024-4355
8692200000000,Liposuction Garment (Hooked Panty ) XL,korse,Supply,31.78,32,5,2027-01-20,LOTE-2024-4356
6253510000000,Pretty Hand Sanitizer 85ml,Gel,Supply,18.15,7,5,2026-08-18,LOTE-2024-4357
1660,Tekno Glove ,gloves,Supply,37.25,33,5,2026-07-09,LOTE-2024-4358
1623,Dolquine 200mg ,Tablet,Drug,30.19,5,5,2026-08-03,LOTE-2024-4359
44600015941,Clorox Disinfecting Wipes,cleanser ,Supply,36.14,49,5,2026-09-22,LOTE-2024-4360
8682110000000,Tavy Liquid 500ml,liquid,Supply,13.33,28,5,2026-08-18,LOTE-2024-4361
44600015934,Clorox Disinfecting Wipes,cleanser ,Supply,31.62,8,5,2026-09-22,LOTE-2024-4362
1246,Kursi Naxosh,kursi,Supply,12.99,15,5,2027-01-20,LOTE-2024-4363
6936810000000,Toothpick ,toothpicks,Supply,42.35,4,5,2027-01-20,LOTE-2024-4364
1666,breast pump ,pump,Supply,29.18,34,5,2026-08-18,LOTE-2024-4365
6210090000000,LoVely Gel 250ml ,Gel,Supply,15.62,5,5,2026-09-22,LOTE-2024-4366
1588,AS-Allermen ,Tablet,Drug,13.22,33,5,2027-01-20,LOTE-2024-4367
1649,Jawana be barg asli ,hot bag,Supply,9.81,5,5,2028-07-13,LOTE-2024-4368
382903000000,BD Micro-Fine plus 6mm,Needle,Supply,31.72,38,5,2027-07-24,LOTE-2024-4369
180307000000,Oxywatch Fingertip Pilse Oximeter,machine ,Supply,11.01,34,5,2027-01-20,LOTE-2024-4370
1679,Ethyl alcohol 70%,solution,Supply,27.4,26,5,2026-09-22,LOTE-2024-4371
1029,paraffin Gauze,soap,Drug,13.01,1,5,2026-09-22,LOTE-2024-4372
1693,Penguin Intra oral elastic ,lastic,Supply,30.3,4,5,2028-07-13,LOTE-2024-4373
1664,MegaMox 1gm Tablet,Tablet,Drug,36.95,39,5,2026-07-09,LOTE-2024-4374
1674,Ditall ,Gel,Supply,35.34,26,5,2028-07-13,LOTE-2024-4375
6938170000000,Biberons 260ml 6m+,Bottle milk.,Supply,34.6,33,5,2027-01-20,LOTE-2024-4376
TTT129113001,Baraces wax,Wax,Supply,9.67,33,5,2027-01-20,LOTE-2024-4377
6902520000000,Derma Roller 6 IN 1,derma roller,Supply,5.34,8,5,2026-07-09,LOTE-2024-4378
4620760000000,Vestar Anibacterial effect Solution,soluation,Supply,31.9,20,5,2027-01-20,LOTE-2024-4379
SDI-02BOO006,Antispasmine oral pediatric drop ,oral drop,Drug,17.52,16,5,2026-09-22,LOTE-2024-4380
1709,savesto 100mg,Tablet,Drug,20.31,21,5,2026-08-03,LOTE-2024-4381
1487,Exfortan 5mg/160mg ,Tablet,Drug,2.85,45,5,2026-08-18,LOTE-2024-4382
1672,Ovocept-LD ,Tablet,Drug,12.79,26,5,2028-07-13,LOTE-2024-4383
8596150000000,Sensodyne rapid Relief,tooth paste,Supply,2.96,23,5,2027-01-20,LOTE-2024-4384
96419706084,Janagesic ,Tablet,Drug,39.74,18,5,2026-09-22,LOTE-2024-4385
5200250000000,magnalife Ph8,solution,Supply,12.09,31,5,2026-08-03,LOTE-2024-4386
7680200000000,Mestinon 60mg,Tablet,Drug,25.74,42,5,2027-07-24,LOTE-2024-4387
9555010000000,Delay Condom ,condoms,Supply,3.2,12,5,2027-07-24,LOTE-2024-4388
8681930000000,bio fin 24hr effective keratin shampoo,Shampoo,Supply,30.51,1,5,2027-01-20,LOTE-2024-4389
1711,savesto 50mg,Tablet,Drug,15.55,42,5,2027-01-20,LOTE-2024-4390
8720170000000,Confy lac AR 1 400g,milk,Supply,40.56,9,5,2026-09-22,LOTE-2024-4391
Auto-517,Perlinganit 10mg/10ml,,Drug,40.13,3,5,2027-01-20,LOTE-2024-4392
8682400000000,Nano yuz maskesi,mask,Supply,15.65,26,5,2026-08-18,LOTE-2024-4393
8000700000000,Dove Beauty Cream Bar,soap,Supply,40.69,9,5,2028-07-13,LOTE-2024-4394
1298,Pediacure,Brban ,Supply,44.83,42,5,2027-01-20,LOTE-2024-4395
6215730000000,Falez ph.5.7,Cream,Supply,37.41,16,5,2026-09-22,LOTE-2024-4396
1747,Vinyl Gloves M,gloves,Supply,38.25,24,5,2026-09-22,LOTE-2024-4397
1720,Pregnancy test Midstream ,Pregnancy Test,Supply,12.33,14,5,2027-07-24,LOTE-2024-4398
74312530982,Melatonin 5mg,Tablet,Drug,26.59,3,5,2026-08-18,LOTE-2024-4399
1749,Flu-Nor,Tablet,Drug,4.43,34,5,2026-08-18,LOTE-2024-4400
8992300000000,Loreal White Perfect Day Cream Spf 17 ,Cream,Supply,5.63,33,5,2027-01-20,LOTE-2024-4401
753183000000,Dryfast ,Spray,Supply,44.95,24,5,2026-09-22,LOTE-2024-4402
1727,Omfil 40mg ,Capsule,Drug,15.71,9,5,2027-07-24,LOTE-2024-4403
6267950000000,Vaseline light Hydrating jelly aloe fresh,vaseline ,Supply,34.05,13,5,2026-08-03,LOTE-2024-4404
1750,Yeganeh Mask,mask,Supply,36.59,2,5,2027-07-24,LOTE-2024-4405
180707000000,OXy Watch Children,Tool,Supply,38.82,7,5,2026-08-03,LOTE-2024-4406
1759,Raha Mask Childes,mask,Supply,44.9,48,5,2026-07-09,LOTE-2024-4407
6931040000000,Bokang ,machine ,Supply,12.01,21,5,2028-07-13,LOTE-2024-4408
5014750000000,arch supports,,Supply,3.26,19,5,2027-01-20,LOTE-2024-4409
1758,Ronica Mask,mask,Supply,19.39,25,5,2026-09-22,LOTE-2024-4410
5060560000000,Vity Zinc 10mg ,Tablet,Drug,7.16,47,5,2026-08-18,LOTE-2024-4411
63935010124,Adrien gagon Vitamin C 500mg,Chewable Tablet,Drug,2.48,22,5,2027-01-20,LOTE-2024-4412
1761,Mokarway Touchless Infrared Thermometer ,Tool,Supply,17.18,11,5,2027-01-20,LOTE-2024-4413
1735,Easy Medical Foley catheter latex 2way/12.14.16,catheter,Supply,35.59,33,5,2028-07-13,LOTE-2024-4414
1755,Samacycline 250mg,Capsule,Drug,26.13,32,5,2028-07-13,LOTE-2024-4415
1616,Excel Power 14000 delay spray,Spray,Supply,15.11,21,5,2027-01-20,LOTE-2024-4416
105003,Face mask sorena ,mask,Supply,29.96,39,5,2026-09-22,LOTE-2024-4417
8697980000000,Aquella Wet towel ,cleanser ,Supply,11.59,20,5,2026-09-22,LOTE-2024-4418
6942870000000,Cnaier massage beauty,machine ,Supply,2.13,8,5,2027-01-20,LOTE-2024-4419
1781,Gvsoft 4,Suppository,Drug,34.75,42,5,2026-08-03,LOTE-2024-4420
1779,Surgical face mask ,mask,Supply,28.63,37,5,2026-09-22,LOTE-2024-4421
1785,creative Medical fingertip oximeter ,Tool,Supply,34.66,9,5,2026-08-03,LOTE-2024-4422
1772,medisol Sodium chloride & dextrose 500ml,solution,Supply,3.19,25,5,2026-08-03,LOTE-2024-4423
1778,etoria 60mg,Tablet,Drug,37.91,25,5,2026-08-18,LOTE-2024-4424
1688,Treviamet 50+500,Tablet,Drug,28.45,33,5,2026-09-22,LOTE-2024-4425
1756,VinylGloves pakat sawz S.M.L,gloves,Supply,26.01,2,5,2027-07-24,LOTE-2024-4426
6262440000000,Vitamin C 500mg,Chewable Tablet,Drug,28.67,19,5,2026-09-22,LOTE-2024-4427
1736,Siglimet 20/1000,Tablet,Drug,39.1,46,5,2026-09-22,LOTE-2024-4428
20040202872,Pulse Oximeter,machine ,Supply,27.03,20,5,2026-08-03,LOTE-2024-4429
1773,Face Mask fluid Resistance Earloop master ,mask,Supply,26.77,42,5,2027-01-20,LOTE-2024-4430
1776,Black mask ,mask,Supply,44.59,41,5,2026-08-18,LOTE-2024-4431
1788,Zinc Dineh 30mg,Tablet,Drug,34.42,42,5,2027-01-20,LOTE-2024-4432
8888690000000,pearlie white Extra soft brushcare sensitive ,toothbrush,Supply,20.74,29,5,2028-07-13,LOTE-2024-4433
1793,Med sterilised water for injections 5ml,Water,Supply,32.27,6,5,2026-08-03,LOTE-2024-4434
1769,Hti Body infrared Thermometer ,thermometer,Supply,18.43,17,5,2026-08-18,LOTE-2024-4435
6251120000000,Joycoo Automatic Blood pressure Monitor,machine ,Supply,11.46,25,5,2026-09-22,LOTE-2024-4436
1594,Eliquis 5mg /60tab.,Tablet,Drug,27.46,38,5,2028-07-13,LOTE-2024-4437
1796,Premium earloop face mask,mask,Supply,41.88,4,5,2027-07-24,LOTE-2024-4438
8719330000000,Nystacell 100.000IU/ml ,Oral Suspension,Drug,41.92,30,5,2028-07-13,LOTE-2024-4439
1802,Yummi-Yummi multivitamin ,masasa,Supply,16.37,20,5,2026-09-22,LOTE-2024-4440
1795,Fingertip pulse Oximeter LK88,machine ,Supply,24.45,3,5,2028-07-13,LOTE-2024-4441
A000385,Mirena 20mg,,Drug,10.71,23,5,2026-08-03,LOTE-2024-4442
A00033,open thimble splint,,Supply,44.81,18,5,2026-08-03,LOTE-2024-4443
1760,Elastic conformable bandage 7.5cm*4.5m ,Bandage,Supply,44.18,26,5,2028-07-13,LOTE-2024-4444
1685,Tamsolin Plus,Capsule,Drug,29.75,36,5,2028-07-13,LOTE-2024-4445
204001000000,Vitalactic B,Capsule,Drug,36.49,8,5,2026-08-03,LOTE-2024-4446
1757,Amrin ORS 150ml ,solution,Drug,32.61,17,5,2026-08-03,LOTE-2024-4447
1786,Mela forte cap.,Capsule,Drug,27.3,31,5,2026-07-09,LOTE-2024-4448
100893,Betahistine 16mg generise,Tablet,Drug,3.82,37,5,2026-08-03,LOTE-2024-4449
Auto-17,Navid Bandage 15cm,,Supply,21.28,45,5,2026-08-18,LOTE-2024-4450
1315,Baby Healthcare Kit Nailcare ,Tool,Supply,30.85,33,5,2028-07-13,LOTE-2024-4451
1726,Furantil 25mg /5ml ,Suspension,Drug,30.97,27,5,2027-01-20,LOTE-2024-4452
1771,TkTx 38 %,Gel,Supply,17.73,45,5,2027-07-24,LOTE-2024-4453
6952430000000,Feimoshi palm Support ,Bandage,Supply,42.46,4,5,2027-07-24,LOTE-2024-4454
5038480000000,Durex Play Massage 2 in1,Gel,Supply,8.78,22,5,2027-01-20,LOTE-2024-4455
5335,Humulin R,vial,Drug,23.27,26,5,2027-07-24,LOTE-2024-4456
6212110000000,hygromed ,Tablet,Drug,31.55,32,5,2027-01-20,LOTE-2024-4457
1810,T.P.N Infusion Fresenius kabi,Infusion,Drug,31.83,24,5,2026-09-22,LOTE-2024-4458
1622,trulicity 1.5mg,Injection,Drug,29.72,46,5,2027-01-20,LOTE-2024-4459
74312358739,"D3-10,000 IU",Softgel,Drug,13.48,35,5,2027-01-20,LOTE-2024-4460
101007,Diclofenac generis 50mg /60tab,Tablet,Drug,8.29,37,5,2027-07-24,LOTE-2024-4461
5020580000000,steroplast 5cm*5cm,plaster,Supply,29.16,32,5,2028-07-13,LOTE-2024-4462
6280630000000,Metronidazole 500mg/100ml ,solution,Drug,27.57,7,5,2026-09-22,LOTE-2024-4463
A000114,sunex,,Drug,9.3,33,5,2027-07-24,LOTE-2024-4464
8877660000000,Skin doctor Sweet Almond Oil ,oil,Supply,32.17,31,5,2026-08-03,LOTE-2024-4465
5405,Lioresal 25mg/asli be code,,Drug,21.3,12,5,2027-07-24,LOTE-2024-4466
1741,Daylight Syringe 10ml,syringe,Supply,30.55,11,5,2026-09-22,LOTE-2024-4467
1626,Albumin-GCC 20%,solution,Drug,37.93,24,5,2026-07-09,LOTE-2024-4468
6973090000000,Eye pads Children ,Eye pad.,Supply,8.88,8,5,2026-09-22,LOTE-2024-4469
6944200000000,xibei ,Tool,Supply,2.33,32,5,2027-01-20,LOTE-2024-4470
3059950000000,Durex Orgasm Intense ,condoms,Supply,35.39,38,5,2026-08-03,LOTE-2024-4471
4034600000000,Reno Easy /90cap.,Capsule,Drug,28.02,22,5,2028-07-13,LOTE-2024-4472
1407,Ellova 30sachet.,sachet,Drug,31.93,34,5,2026-08-03,LOTE-2024-4473
5202570000000,Laromin 500mg ,Tablet,Drug,37.96,19,5,2028-07-13,LOTE-2024-4474
1806,Fenam ,Syrup,Drug,36.42,20,5,2027-07-24,LOTE-2024-4475
5410040000000,Durex Feel Sensual ,condoms,Supply,43.3,14,5,2026-09-22,LOTE-2024-4476
1288,Valiapam 5mg ,Tablet,Drug,24.81,33,5,2026-09-22,LOTE-2024-4477
7046270000000,Inotyol 30g,Cream,Supply,22.75,10,5,2027-07-24,LOTE-2024-4478
38324323406,Cali Girl Brand ,sachet,Supply,18.98,16,5,2027-01-20,LOTE-2024-4479
785615000000,Medi-Soft Large ,gloves,Supply,8.19,4,5,2027-01-20,LOTE-2024-4480
1677,Rivaxo 20mg,Tablet,Drug,26.41,27,5,2026-09-22,LOTE-2024-4481
1808,Empaxa 10mg,Tablet,Drug,13.55,28,5,2026-09-22,LOTE-2024-4482
1840,Disposable Face mask,mask,Supply,41.58,43,5,2028-07-13,LOTE-2024-4483
6947270000000,Koainiuniu Alcohol Gel ,Gel,Supply,26.87,16,5,2026-08-18,LOTE-2024-4484
7000170000000,Soap Magic  ,Tool,Supply,27.29,33,5,2026-09-22,LOTE-2024-4485
1835,dermoyat ointment,ointment,Drug,16.94,48,5,2026-08-18,LOTE-2024-4486
1731,Bio fin vanilla ,Shampoo,Supply,3.76,19,5,2027-07-24,LOTE-2024-4487
1843,Disposable Protective child mask,mask,Supply,2.88,21,5,2027-07-24,LOTE-2024-4488
5204760000000,olanzin 10mg,Tablet,Drug,19.92,22,5,2026-08-18,LOTE-2024-4489
93204439,Dettol Healthy Touch ,Gel,Supply,5.18,9,5,2026-08-03,LOTE-2024-4490
1745,Pirferex 200mg Tablet,Tablet,Drug,27.9,9,5,2026-07-09,LOTE-2024-4491
8717850000000,footcare cream ,Cream,Supply,39.82,9,5,2026-09-22,LOTE-2024-4492
1807,Levonic 500mg ,Tablet,Drug,39.91,27,5,2026-09-22,LOTE-2024-4493
1675,Rivaxo 10mg,Tablet,Drug,30.17,17,5,2028-07-13,LOTE-2024-4494
47469068851,Biotin 10000Mcg /60tab.,Tablet,Drug,10.69,44,5,2026-09-22,LOTE-2024-4495
6970110000000,XN-8030 beautiful skin care expert,machine ,Supply,39.04,45,5,2026-08-18,LOTE-2024-4496
6281060000000,Gasanova blue Rose Fragrance ,hair removal,Supply,40.05,8,5,2028-07-13,LOTE-2024-4497
1836,Vitrunova Glutathione Liposomal Capsules,Capsule,Drug,10.05,16,5,2026-09-22,LOTE-2024-4498
X0013OW4Y5,liia baby,sarin ,Supply,33.58,18,5,2027-01-20,LOTE-2024-4499
1834,Forever Aloe Bitsn Peaches,solution,Supply,13.96,33,5,2026-08-03,LOTE-2024-4500
1845,Weller Med Cooling Gel patch ,Patch,Supply,36.41,1,5,2026-09-22,LOTE-2024-4501
9781570000000,Clove oil 10ml,oil,Drug,44.88,12,5,2028-07-13,LOTE-2024-4502
4041250000000,Dr.Jacobs Blutdruck-salz,salt,Drug,2.81,6,5,2027-01-20,LOTE-2024-4503
47469058654,natrol Melatonin Sleep 5mg,Tablet,Drug,40.54,41,5,2026-09-22,LOTE-2024-4504
3391130000000,fer/iron 100mg5ml ,Ampoule,Drug,28.58,5,5,2027-01-20,LOTE-2024-4505
Auto-208,Whitefield`s Ointment 25gm,ointment,Drug,43.84,16,5,2028-07-13,LOTE-2024-4506
1548,PDpoetin 2000IU.,Injection,Drug,21.73,18,5,2026-08-18,LOTE-2024-4507
74312106903,Puritans pride C-1000mg /100cap.,Capsule,Drug,38.36,49,5,2027-01-20,LOTE-2024-4508
50469178,beechams Cold & flu ,sachet,Drug,4.21,18,5,2028-07-13,LOTE-2024-4509
V14UTN,Ergon ,vial,Drug,16.08,1,5,2026-08-18,LOTE-2024-4510
201,rapifen 50 mg,Tablet,Drug,4.42,19,5,2027-07-24,LOTE-2024-4511
60018939,Vaseline Blueseal Cocoa Butter ,vaseline ,Supply,43.93,8,5,2027-01-20,LOTE-2024-4512
1676,Rivaxo 15mg,Tablet,Drug,37.04,3,5,2027-01-20,LOTE-2024-4513
8025080000000,Medel Family,machine ,Supply,38.59,25,5,2026-09-22,LOTE-2024-4514
8681820000000,Dilayt Fruit +zinc ,solution,Drug,42.3,5,5,2026-09-22,LOTE-2024-4515
1784,Today nonoxinol-9 100mg,Suppository,Drug,5.2,40,5,2027-01-20,LOTE-2024-4516
1358,Maxxsat 25mg,Tablet,Drug,18.27,19,5,2026-08-18,LOTE-2024-4517
1867,Nantong Jianan 10*10cm ,gauze,Supply,4.59,18,5,2026-09-22,LOTE-2024-4518
1077,Cool i 50ml ,drop,Supply,10.67,31,5,2026-08-18,LOTE-2024-4519
1519,Spasmol ,oral drop,Drug,11.48,33,5,2026-07-09,LOTE-2024-4520
1868,Sodium Chloride 0.9% 500ml,solution,Supply,21.91,47,5,2028-07-13,LOTE-2024-4521
1860,Metronix 500mg,Tablet,Drug,13.18,18,5,2026-09-22,LOTE-2024-4522
1865,Medisol hartmanns,solution,Supply,5.89,39,5,2028-07-13,LOTE-2024-4523
25077179701,Puritans pride L-glutathione 500mg ,Capsule,Drug,8.79,16,5,2026-08-03,LOTE-2024-4524
1874,Simple Oxygen mask large,mask,Supply,7.91,16,5,2027-01-20,LOTE-2024-4525
4019640000000,Nevadent 30X,Tool,Supply,43.83,47,5,2026-08-18,LOTE-2024-4526
513843000000,Vigrs Menthol,ointment,Supply,34.53,38,5,2027-07-24,LOTE-2024-4527
1828,Megamox 625mg ,Tablet,Drug,43.6,41,5,2027-07-24,LOTE-2024-4528
1790,Gawn dress,dress,Supply,20.63,7,5,2026-08-03,LOTE-2024-4529
1740,Beta medical 20ml Disposable Syringe ,syringe,Supply,13.61,14,5,2028-07-13,LOTE-2024-4530
6161110000000,Sensodyne Rapid Action ,tooth paste,Supply,36.23,43,5,2026-08-18,LOTE-2024-4531
1604,nemda 10,Tablet,Drug,15.69,48,5,2027-01-20,LOTE-2024-4532
6990310000000,Fashion mask children ,mask,Supply,14.52,25,5,2028-07-13,LOTE-2024-4533
8681980000000,Vitamin C Pro Complex 1000mg ,Tablet,Drug,11.61,32,5,2028-07-13,LOTE-2024-4534
1534,Vaseline Gauze 10cm*10cm,plaster,Supply,7.14,38,5,2028-07-13,LOTE-2024-4535
8594060000000,Hemostop 75ml,Gel,Drug,12.66,22,5,2026-09-22,LOTE-2024-4536
1888,3-Layer Disposable Child Mask ,mask,Supply,16.96,16,5,2026-08-03,LOTE-2024-4537
1885,Famosam 20mg ,Tablet,Drug,30.82,29,5,2026-08-18,LOTE-2024-4538
1827,navid elastic bandage 15cm ,Bandage,Supply,4.22,16,5,2027-01-20,LOTE-2024-4539
5060450000000,Rivaj UK Nose Cleansing Strip,strips,Supply,10.66,12,5,2027-07-24,LOTE-2024-4540
7640190000000,Enfacalm Cold vanilla,Syrup,Drug,36.69,17,5,2026-08-18,LOTE-2024-4541
8719930000000,Primalac Premium 2 400g,milk,Supply,7.89,37,5,2027-01-20,LOTE-2024-4542
4047400000000,Parodontax Classic,tooth paste,Supply,16.41,27,5,2026-09-22,LOTE-2024-4543
1892,Ceftriaxone Reig Jofre 1gm IV,Injection,Drug,39.11,25,5,2026-09-22,LOTE-2024-4544
1895,Hucidin Ointment 15gm ,ointment,Drug,8.24,13,5,2027-01-20,LOTE-2024-4545
6973230000000,Finger Clip Pulse oximeter ,machine ,Supply,5.1,8,5,2026-09-22,LOTE-2024-4546
5010930000000,ControlGX Grey Reducing Shampoo,Shampoo,Supply,22.58,5,5,2027-07-24,LOTE-2024-4547
1804,Alerson0.1%,ointment,Drug,14.66,12,5,2026-08-18,LOTE-2024-4548
8681080000000,Hero baby Baby biscuits Fennel 150g 6M+,biskuit,Supply,26.01,41,5,2027-07-24,LOTE-2024-4549
1905,Fingertip Qscillometer Pulse Oximeter,machine ,Supply,36.47,3,5,2026-08-03,LOTE-2024-4550
3528280000000,nobacter savon triclocarban / savon,soap,Supply,7.47,35,5,2026-08-18,LOTE-2024-4551
8001840000000,Oral-B Pro-Expert ,tooth paste,Supply,26.76,33,5,2027-01-20,LOTE-2024-4552
4201330000000,Massager Of neck kneading,Massager,Supply,23.49,22,5,2028-07-13,LOTE-2024-4553
74312038303,Fish oil 1000mg,Softgel,Drug,7.77,44,5,2026-08-18,LOTE-2024-4554
6610190000000,BabyNice 0-6 M+,mamka mzha,Supply,28.64,9,5,2026-09-22,LOTE-2024-4555
881311000000,Super Immune,Tablet,Drug,13.4,41,5,2027-01-20,LOTE-2024-4556
5902440000000,Vitamin C forte 1000mg ,Tablet,Drug,22.72,18,5,2026-08-18,LOTE-2024-4557
G159110817,Houran hand Sanitizer 500ml 75% ,Gel,Supply,5.08,29,5,2027-07-24,LOTE-2024-4558
1910,Pulse Oximeter Blue Jziki ,machine ,Supply,21.49,39,5,2027-07-24,LOTE-2024-4559
1829,Ephedryl tab.,Tablet,Drug,14.83,27,5,2026-08-03,LOTE-2024-4560
800109000000,pampers prima 7 (15+kg),daibi,Supply,37.27,36,5,2026-09-22,LOTE-2024-4561
6219560000000,Motalon ,Tablet,Drug,3.98,45,5,2027-07-24,LOTE-2024-4562
8698510000000,Viaveta BiotinC 200ml,Shampoo,Supply,19.71,17,5,2026-09-22,LOTE-2024-4563
1881,Flawless Facial Roller  massager ,Massager,Supply,21.44,34,5,2027-01-20,LOTE-2024-4564
1849,Caviar Cosmetic Night cream,Cream,Supply,33.04,46,5,2026-08-03,LOTE-2024-4565
Auto-858,navid medical compression stocking,,Drug,26.48,3,5,2027-01-20,LOTE-2024-4566
7309870000000,Hair Skin & Nails ,Syrup,Drug,30.52,5,5,2026-08-18,LOTE-2024-4567
1914,SuStanon 250,Ampoule,Drug,35.3,14,5,2027-07-24,LOTE-2024-4568
4009080000000,Em-eukal Eucalyptus Sugar-free,lozenges,Drug,39.01,3,5,2026-09-22,LOTE-2024-4569
1818,Octacare 9cm*30cm,plaster,Supply,15.15,23,5,2026-08-18,LOTE-2024-4570
77043355862,st.ives nourished & smooth,Scrub ,Supply,24.9,39,5,2027-07-24,LOTE-2024-4571
8697920000000,"Confy , Jumbo 110pcs",,Drug,38.04,30,5,2026-08-03,LOTE-2024-4572
1452,Siofor 1000mg,Tablet,Drug,44.54,45,5,2026-09-22,LOTE-2024-4573
1310,Brainbow Profession tweezer,Tweezer,Supply,40.19,23,5,2026-09-22,LOTE-2024-4574
1931,med conforming Elastic bandage 10cm*4.5yards,Bandage,Supply,17.66,27,5,2026-08-18,LOTE-2024-4575
63935023582,NeoFlex Joint Repair /60tab.,Tablet,Drug,9.99,10,5,2028-07-13,LOTE-2024-4576
1367,Teglix 120mg/24tab.,Tablet,Drug,22.79,25,5,2027-07-24,LOTE-2024-4577
1855,Luvagra 50mg ,Tablet,Drug,33.76,13,5,2026-08-03,LOTE-2024-4578
1819,medisol  dextrose 500ml,solution,Supply,22.93,16,5,2027-07-24,LOTE-2024-4579
1925,Zithrokan 500mg,Capsule,Drug,22.52,41,5,2027-01-20,LOTE-2024-4580
4791050000000,HyleysSlim Tea Blueberry Flavor,sachet,Supply,37.96,34,5,2028-07-13,LOTE-2024-4581
1854,Elastic Crepe bandage 10cm*4.5m,Bandage,Supply,17.22,37,5,2026-09-22,LOTE-2024-4582
1869,Foot Stock ,stock,Supply,38.9,22,5,2027-01-20,LOTE-2024-4583
1919,omal 40mg ,Injection,Drug,19.2,17,5,2027-01-20,LOTE-2024-4584
1489,Navid Ortho Soft Cervical Coller,Coller,Supply,15.78,23,5,2026-09-22,LOTE-2024-4585
5010250000000,Nutmeg Sensitive Baby Wipes,cleanser ,Supply,21.25,36,5,2026-09-22,LOTE-2024-4586
1965,Clonazepam-Sobhan 2mg,Tablet,Drug,34.67,49,5,2026-08-18,LOTE-2024-4587
1981,Gentamycin 0.3%,eye ointment,Drug,6.98,9,5,2027-07-24,LOTE-2024-4588
1915,Azimics 500mg,Capsule,Drug,10.04,2,5,2026-09-22,LOTE-2024-4589
8033,forever freedom,solution,Supply,42.89,32,5,2028-07-13,LOTE-2024-4590
1957,Lidocaine 10% Iran Daru /100ml,Spray,Drug,9.13,22,5,2026-08-18,LOTE-2024-4591
874789000000,Melva Disinfectant 76% Alcohol,Spray,Supply,26.2,43,5,2027-01-20,LOTE-2024-4592
1809,Empaxa 25mg,Tablet,Drug,26.7,13,5,2028-07-13,LOTE-2024-4593
4902580000000,Maxell CR-2032,pel,Supply,22.8,8,5,2027-01-20,LOTE-2024-4594
1889,Vaginol-200,Suppository,Drug,29.55,1,5,2028-07-13,LOTE-2024-4595
1980,D3 Plan 5000IU,Softgel,Drug,11.5,17,5,2027-07-24,LOTE-2024-4596
74312016554,Gentle Iron 28mg 30Cap.,Capsule,Drug,25.54,12,5,2026-09-22,LOTE-2024-4597
5051860000000,la roche-posay Effaclar Anti-Blemish System,Set,Supply,17.69,4,5,2027-01-20,LOTE-2024-4598
Auto-1010,Airfix 4mg / turkey,powder,Drug,30.28,13,5,2026-08-18,LOTE-2024-4599
1417,Male External catheter,condoms,Supply,7.64,31,5,2027-01-20,LOTE-2024-4600
1872,Daylight 3ml,syringe,Supply,26.33,41,5,2026-08-18,LOTE-2024-4601
1896,Hucidin 2% Skin Cream 15gm,Cream,Drug,9.56,7,5,2027-07-24,LOTE-2024-4602
1789,Insulin Syringe 10IU,syringe,Supply,13.62,23,5,2027-01-20,LOTE-2024-4603
43684322,Sma Pro 3,milk,Supply,11.01,24,5,2026-09-22,LOTE-2024-4604
1911,Penatone 8mg/2ml,Ampoule,Drug,9.45,5,5,2026-08-18,LOTE-2024-4605
-6434389,Spironolacton aristo 50mg,Tablet,Drug,37.42,5,5,2028-07-13,LOTE-2024-4606
1877,Bone Support Adva-cal 900mg/60tab.,Tablet,Drug,13.93,17,5,2026-08-03,LOTE-2024-4607
5060080000000,Ventra 40mg ,Capsule,Drug,41.83,30,5,2026-07-09,LOTE-2024-4608
1906,Mycosan Cream,Cream,Drug,43.69,9,5,2026-08-18,LOTE-2024-4609
VWBG2V,Colidep Junior,drop,Drug,26.35,6,5,2028-07-13,LOTE-2024-4610
1632,Telpress 40mg,Tablet,Drug,7.72,25,5,2028-07-13,LOTE-2024-4611
8697460000000,mavi beyaz non-slip underpad,pad,Drug,17.79,19,5,2027-01-20,LOTE-2024-4612
8997010000000,Collagen Plus Vit E whitening body cream spf 45+,Cream,Supply,36.2,16,5,2028-07-13,LOTE-2024-4613
X002ARBNHV,Glutathione 30cap.,Capsule,Drug,17.48,21,5,2026-08-18,LOTE-2024-4614
1946,Baby bag,bange,Supply,5.29,2,5,2028-07-13,LOTE-2024-4615
5010210000000,Motilium 10mg,Tablet,Drug,25.72,10,5,2026-08-03,LOTE-2024-4616
8414230000000,Amalfi Hair care damaged hair with keratin ,Shampoo,Supply,38.26,16,5,2026-08-03,LOTE-2024-4617
1960,Atarax 25mg /50tab.,Tablet,Drug,36.12,37,5,2026-08-03,LOTE-2024-4618
1916,Hco Wreadycare fast Detect thermometer,thermometer,Supply,9.12,15,5,2027-01-20,LOTE-2024-4619
8697410000000,Flujika Plaster ,plaster,Supply,30.77,13,5,2027-07-24,LOTE-2024-4620
47469062118,natrol Melatonin 10mg,Tablet,Drug,11.09,13,5,2026-09-22,LOTE-2024-4621
6260600000000,Teb & Sanat Adults Eye Cover Anti allergy ,Eye pad.,Supply,10.99,32,5,2028-07-13,LOTE-2024-4622
1975,Pbt Bandage 15cm*4.5m,Bandage,Supply,39.52,45,5,2026-09-22,LOTE-2024-4623
6291020000000,Johnsons pure Cotton Make-up pads,pad,Supply,12.36,47,5,2026-08-18,LOTE-2024-4624
1961,Xanised 0.5mg,Tablet,Drug,12.95,46,5,2026-09-22,LOTE-2024-4625
1988,sterilised water for injections BP  10ml ,Water,Supply,1.53,8,5,2027-01-20,LOTE-2024-4626
4046220000000,Contractubex 20mg,Patch,Drug,39.37,43,5,2027-07-24,LOTE-2024-4627
6935190000000,Xibei Bottle brush,Bottle brush ,Supply,35.98,18,5,2026-09-22,LOTE-2024-4628
7802027,PRO Care Advanced Clean rechargeable Toothbrush,toothbrush,Supply,28.79,36,5,2027-01-20,LOTE-2024-4629
1997,Coldin ,Tablet,Drug,34.14,26,5,2026-08-18,LOTE-2024-4630
47469055080,acai berry diet,,Drug,8.11,10,5,2027-01-20,LOTE-2024-4631
1902,Derma Plus Soap+cream ,Set,Supply,21.44,31,5,2028-07-13,LOTE-2024-4632
2560,Cytotec 200mcg/28tab.,Tablet,Drug,16.78,33,5,2026-07-09,LOTE-2024-4633
2004,JawlineMe Level 1& 2& 3,Tool,Supply,5.58,29,5,2028-07-13,LOTE-2024-4634
2007,Golden Mood 3D solution ,solution,Supply,22.65,5,5,2027-01-20,LOTE-2024-4635
8695480000000,feeding tube 16 /turkey ,Feeding tube ,Supply,41.55,13,5,2026-08-18,LOTE-2024-4636
Auto-700,Cavintona 10mg,Capsule,Drug,3.24,1,5,2028-07-13,LOTE-2024-4637
1593,Eliquis 2.5mg /60tab.,Tablet,Drug,14.18,23,5,2026-09-22,LOTE-2024-4638
1839,phytomenadione (Vitamin K1),vial,Drug,10.53,40,5,2026-09-22,LOTE-2024-4639
1942,Pazhnay tubi (),foot,Supply,11.86,3,5,2026-08-18,LOTE-2024-4640
-10171056,Esomeprazole Aristo 20mg/15cap.,Capsule,Drug,41.02,3,5,2026-08-18,LOTE-2024-4641
5411566,basiflux 1.6mg / basi,Syrup,Drug,21.86,7,5,2027-07-24,LOTE-2024-4642
2016,Bollywood For Slimming,Softgel,Drug,21.78,36,5,2027-01-20,LOTE-2024-4643
8992800000000,Milna Biskut Rusk Banana ,biskuit,Supply,34.59,35,5,2028-07-13,LOTE-2024-4644
6957910000000,Aveat Natural Manual breast pump ,pump,Supply,8.22,15,5,2026-08-18,LOTE-2024-4645
47469008932,Memory Complex Brain Health,Tablet,Drug,22.7,40,5,2026-08-03,LOTE-2024-4646
1825,BD-E syringe 3ml,syringe,Supply,20.2,3,5,2026-07-09,LOTE-2024-4647
2022,Medisol Sodium Chloride 0.9% /100ml,solution,Supply,27.47,29,5,2027-01-20,LOTE-2024-4648
1595,Betamox 500mg/vial ,vial,Drug,44.98,30,5,2028-07-13,LOTE-2024-4649
1964,Pulse oximeter,machine ,Supply,34.97,39,5,2027-01-20,LOTE-2024-4650
1876,Matrivir Plus with quatrefolic,Tablet,Drug,18.81,18,5,2026-09-22,LOTE-2024-4651
8032670000000,Hye Eye,Eye Drop,Drug,37.5,11,5,2028-07-13,LOTE-2024-4652
1921,Lanzol 30mg,Capsule,Drug,8.93,43,5,2027-07-24,LOTE-2024-4653
2066,Immuno-code ,Tablet,Drug,2.83,49,5,2026-07-09,LOTE-2024-4654
5018000000000,Pregna Health befor conception,Tablet,Drug,10.39,38,5,2027-07-24,LOTE-2024-4655
8055000000000,Myovuline,sachet,Drug,16.31,40,5,2026-09-22,LOTE-2024-4656
42332961,Nivea men ultimate protect 50ml,roll,Supply,23.71,1,5,2026-08-03,LOTE-2024-4657
A000293,butadin / iraq,Syrup,Drug,28.26,29,5,2026-08-18,LOTE-2024-4658
57606021922,PMS-Rosuvastatin 10mg,Tablet,Drug,41.11,10,5,2026-09-22,LOTE-2024-4659
1966,Manace Injection,Ampoule,Drug,23.68,28,5,2026-09-22,LOTE-2024-4660
VJQNKM,Deltha Mannosio,sachet,Drug,23.31,31,5,2026-08-18,LOTE-2024-4661
VRRX7N,Navi Blef 50ml,drop,Drug,3.69,19,5,2026-08-18,LOTE-2024-4662
6210800000000,Lidocain Domina ,Gel,Drug,3.02,3,5,2027-07-24,LOTE-2024-4663
6971980000000,instant hand Sanitizer kills 99.9% of germs /500ml ,Gel,Supply,25.48,36,5,2028-07-13,LOTE-2024-4664
1990,Bluline Max Gloves latex large,gloves,Supply,20.56,43,5,2027-07-24,LOTE-2024-4665
1898,Betamethasone 4mg/1ml ,Ampoule,Drug,38.0,15,5,2026-08-18,LOTE-2024-4666
2073,Xfebril 10mg/ml ,solution,Drug,8.49,33,5,2026-08-18,LOTE-2024-4667
2077,Yonker fingertip pulse oximeter ,machine ,Supply,2.59,41,5,2026-08-18,LOTE-2024-4668
Auto-642,Lidocaine 10% Spray Solution 50ml irani,Spray,Drug,21.03,43,5,2026-08-03,LOTE-2024-4669
11033,Odia 2mg,Tablet,Drug,11.83,45,5,2027-01-20,LOTE-2024-4670
60018885,Vaseline Blueseal Aloe fresh ,vaseline ,Supply,3.66,26,5,2027-01-20,LOTE-2024-4671
6267740000000,Rosha Disposable Gloves 100PCs ,gloves,Supply,33.02,16,5,2027-07-24,LOTE-2024-4672
5205240000000,Dermasid,Cream,Drug,6.35,36,5,2027-01-20,LOTE-2024-4673
1850,Caviar Cosmetic day cream,Cream,Supply,27.96,33,5,2026-08-18,LOTE-2024-4674
1203,Disposable Syringes 10ml,syringe,Supply,13.73,20,5,2026-09-22,LOTE-2024-4675
6938350000000,Alke Breast pump,pump,Supply,9.05,13,5,2027-01-20,LOTE-2024-4676
2095,primolut N,Tablet,Drug,18.02,33,5,2026-09-22,LOTE-2024-4677
1940,Marflow longlife catheter 10 / 2-way,catheter,Supply,36.36,5,5,2026-08-18,LOTE-2024-4678
1939,Marflow longlife catheter 12 / 2-way,catheter,Supply,18.56,37,5,2026-09-22,LOTE-2024-4679
9550050000000,Unocef 1g / IV only ,vial,Drug,34.16,14,5,2026-08-18,LOTE-2024-4680
5101,full elastic and porous,,Supply,6.96,27,5,2026-08-03,LOTE-2024-4681
2091,Sodium chloride 0.9% /500ml,solution,Drug,35.12,23,5,2027-07-24,LOTE-2024-4682
6091050000000,Dentaweiss Classic Mint ,tooth paste,Supply,11.81,14,5,2028-07-13,LOTE-2024-4683
4607030000000,R.O.C.S. Sensitive Instant Relief,tooth paste,Supply,30.97,40,5,2026-08-18,LOTE-2024-4684
8806100000000,Foxolin 500mg ,vial,Drug,26.11,4,5,2026-08-03,LOTE-2024-4685
6971700000000,jukson porous capsicum ,plaster,Supply,41.92,39,5,2027-07-24,LOTE-2024-4686
2084,Imipenem/cilastatin kabi 500mg/500mg ,vial,Drug,18.35,19,5,2026-08-18,LOTE-2024-4687
642790000000,Anti-pollution,face wash gel,Supply,4.38,47,5,2026-09-22,LOTE-2024-4688
1932,Marflow longlife 24 2-way,catheter,Supply,2.33,4,5,2026-08-03,LOTE-2024-4689
1061410000000,NouPlus Vitamin C 1000mg +zinc +vitamin D ,effervescent tablet,Drug,37.47,30,5,2026-08-18,LOTE-2024-4690
6216000000000,Amr fadel ,soap,Supply,24.33,19,5,2027-07-24,LOTE-2024-4691
1178,Nystatin Vaginal Cream 100000unit /4gm,vaginal cream,Drug,35.22,31,5,2027-07-24,LOTE-2024-4692
1600,selixa 20,Tablet,Drug,11.7,31,5,2026-08-18,LOTE-2024-4693
1923,Arm Sling Childe ,Bandage,Supply,16.51,9,5,2026-09-22,LOTE-2024-4694
1955,Boost d3 5000iu,Capsule,Drug,2.81,13,5,2026-08-03,LOTE-2024-4695
-3173190,Amitriptylin-neuraxpharm 22.1mg,Tablet,Drug,43.32,14,5,2026-08-03,LOTE-2024-4696
1708,fortide 200mcg+6mcg ,Inhaler,Drug,30.55,46,5,2028-07-13,LOTE-2024-4697
1972,Melatonin B6,Spray,Drug,42.09,10,5,2027-01-20,LOTE-2024-4698
4250530000000,Sensiplast ice bag Compresses Chaudes/froides,ice bag ,Supply,13.05,48,5,2027-01-20,LOTE-2024-4699
1967,Ravimed 5mg 10 sheety,Tablet,Drug,28.1,31,5,2027-07-24,LOTE-2024-4700
6971450000000,jane iredale gweezan,Tool,Supply,31.01,37,5,2027-07-24,LOTE-2024-4701
VWNWNK,Infloran Bio Adult,vial,Drug,15.31,23,5,2027-07-24,LOTE-2024-4702
5015200000000,parasolve 500mg ,effervescent tablet,Drug,38.39,27,5,2026-07-09,LOTE-2024-4703
47469161064,DHEA Mood & stress 50mg ,Tablet,Drug,42.7,6,5,2026-08-18,LOTE-2024-4704
5060420000000,THE INKEY LIST 15% vitanin c and egf,serum,Supply,39.99,26,5,2027-01-20,LOTE-2024-4705
2082,Sterile Adhesive Wound dressings 10cm *25cm ,plaster,Supply,33.65,2,5,2026-09-22,LOTE-2024-4706
20714045159,Clinique Scrub Cream,Scrub ,Supply,13.57,45,5,2028-07-13,LOTE-2024-4707
3754520000000,Alova With love and care ,roll,Supply,13.75,13,5,2027-01-20,LOTE-2024-4708
9920180000000,Glimet 2M ,Tablet,Drug,43.41,19,5,2028-07-13,LOTE-2024-4709
1575,harrar Cooling gel ,Patch,Supply,1.95,1,5,2026-08-18,LOTE-2024-4710
2085,proxen 500mg,Tablet,Drug,32.65,40,5,2028-07-13,LOTE-2024-4711
2018,Rezovast 10mg,Tablet,Drug,32.22,32,5,2026-09-22,LOTE-2024-4712
1701,Sevikar 40/10mg ,Tablet,Drug,28.59,22,5,2028-07-13,LOTE-2024-4713
319700,Metronidawal 500mg/100ml,solution,Drug,44.57,48,5,2026-08-18,LOTE-2024-4714
5205740000000,Odnatron 8mg/tab.,Tablet,Drug,15.07,29,5,2027-01-20,LOTE-2024-4715
1858,Nystatin V 14 caplet,Vaginal caplets,Drug,16.29,2,5,2027-07-24,LOTE-2024-4716
8695280000000,Vitamelo C 500mg,solution,Drug,4.93,40,5,2026-09-22,LOTE-2024-4717
2019,Waist Support Neoprene ,Pshten ,Supply,20.76,38,5,2026-09-22,LOTE-2024-4718
2132,Kindiramin Tab.,Tablet,Drug,12.86,48,5,2028-07-13,LOTE-2024-4719
VWNWZY,Infloran Bio kids,vial,Drug,16.44,11,5,2026-09-22,LOTE-2024-4720
8008840000000,Mela Rest Drop,drop,Drug,37.8,17,5,2027-01-20,LOTE-2024-4721
2150,oxygen mask medium ,mask,Supply,42.19,43,5,2026-08-03,LOTE-2024-4722
1917,Nyestocort ,ointment,Drug,9.58,8,5,2027-07-24,LOTE-2024-4723
1920,Tigecycline 50mg/vial,vial,Drug,17.7,22,5,2027-01-20,LOTE-2024-4724
5050570000000,Emergency Digital thermometer ,Tool,Supply,41.9,4,5,2026-09-22,LOTE-2024-4725
8002410000000,Chilly Antibatterico Formula attiva PH5,wash,Supply,4.19,11,5,2026-07-09,LOTE-2024-4726
2153,Snore Stopper Lastic mix,Tool,Supply,5.52,8,5,2027-01-20,LOTE-2024-4727
6957160000000,Electrorthermal Water bag ,soap,Supply,8.58,9,5,2026-07-09,LOTE-2024-4728
1805,Alerson0.1% ,Cream,Drug,27.39,26,5,2026-07-09,LOTE-2024-4729
4260230000000,My Spf 50 + anti aging Natural Tinted oil free ,sunscreen,Supply,8.05,2,5,2027-01-20,LOTE-2024-4730
2126,Active Formula Vitamin C ,serum,Supply,43.61,16,5,2026-08-18,LOTE-2024-4731
2132550000000000,Liberton Vinyl Gloves ,gloves,Supply,20.93,31,5,2026-08-18,LOTE-2024-4732
6210830000000,Vermoxine SuSpension 30ml ,Suspension,Drug,23.32,6,5,2027-01-20,LOTE-2024-4733
1837,Progeva 100mg,Capsule,Drug,12.23,21,5,2026-08-03,LOTE-2024-4734
5999520000000,Parodontax Whitening,tooth paste,Supply,21.99,26,5,2026-09-22,LOTE-2024-4735
6934820000000,Weiboso Plam Support ,Bandage,Supply,30.29,19,5,2026-08-03,LOTE-2024-4736
1864,Exidil,Syrup,Drug,34.18,28,5,2027-01-20,LOTE-2024-4737
item1,pshteni faqarat,,Supply,34.29,8,5,2027-01-20,LOTE-2024-4738
2162,Ethanol 70% Bojaneh Factory  /300ml,Spray,Supply,26.64,14,5,2027-07-24,LOTE-2024-4739
2149,Best Syringe Disposable 5ml/cc,syringe,Supply,40.84,24,5,2026-08-18,LOTE-2024-4740
2011,Pearlie White wax,Wax,Supply,37.06,48,5,2026-08-03,LOTE-2024-4741
2148,Best Syringe Disposable 10ml/cc,syringe,Supply,34.43,44,5,2026-08-03,LOTE-2024-4742
2160,Primsel 10mg/2ml,Ampoule,Drug,3.92,37,5,2026-09-22,LOTE-2024-4743
7806740000000,Eno Orange ,powder,Drug,1.8,26,5,2028-07-13,LOTE-2024-4744
7805720000000,Eno Apple ,powder,Drug,10.74,31,5,2026-08-18,LOTE-2024-4745
3315,The Secret orginal oil,oil,Supply,30.36,32,5,2026-08-18,LOTE-2024-4746
300450000000,Tylenol Children's 160mg ,sachet,Drug,19.39,41,5,2026-08-03,LOTE-2024-4747
2138,"Golden Lion Tamarin 1/8"" 3mm light",Tool,Supply,19.0,2,5,2027-01-20,LOTE-2024-4748
1001,amikacin fresenius 500mg/2ml,vial,Drug,39.98,25,5,2027-01-20,LOTE-2024-4749
74312020605,Zinc 50mg /100tab.,Tablet,Drug,40.46,44,5,2027-01-20,LOTE-2024-4750
1681,Getzome 40mg ,sachet,Drug,41.05,2,5,2028-07-13,LOTE-2024-4751
5702920000000,Pentasa enema 1g/100ml,,Drug,15.15,42,5,2026-09-22,LOTE-2024-4752
20201559206,OmexPlus ,Softgel,Drug,31.56,1,5,2026-08-03,LOTE-2024-4753
6284000000000,Avoquin 4% cream ,Cream,Drug,13.32,36,5,2026-08-18,LOTE-2024-4754
1994,TKTX 39.9 %,Gel,Supply,9.79,12,5,2027-01-20,LOTE-2024-4755
2191,offer_5,,Supply,9.53,9,5,2027-01-20,LOTE-2024-4756
1928,Onabet 30g cream,Cream,Drug,16.38,36,5,2027-01-20,LOTE-2024-4757
74312055355,Magnesium 500mg /100tab.,Tablet,Drug,20.2,41,5,2027-01-20,LOTE-2024-4758
2086,heng fang lip oil ,lip moiturising,Supply,37.65,28,5,2027-01-20,LOTE-2024-4759
7427050000000,Linrose Sulphur 6 % ,soap,Supply,6.72,38,5,2028-07-13,LOTE-2024-4760
Auto-91,Sternum Belt,,Supply,33.47,33,5,2027-01-20,LOTE-2024-4761
2198,pulse Oximeter ,Tool,Supply,24.62,42,5,2027-07-24,LOTE-2024-4762
6923460000000,Waist Trimmer Belt Medium ,korse,Supply,14.03,46,5,2026-08-18,LOTE-2024-4763
1973,Digestive Syrup,Syrup,Drug,22.94,22,5,2027-01-20,LOTE-2024-4764
2001,Samagesic ,Tablet,Drug,14.55,25,5,2028-07-13,LOTE-2024-4765
71031251105,pearlie white Breath spray IcyMint ,Spray,Supply,27.43,18,5,2026-09-22,LOTE-2024-4766
6973120000000,KN95 P-Mask ,mask,Supply,20.37,6,5,2027-07-24,LOTE-2024-4767
608603000000,Clove Oil 10ml,oil,Drug,8.65,18,5,2027-07-24,LOTE-2024-4768
1824,etoria 120mg,Tablet,Drug,6.57,16,5,2026-08-03,LOTE-2024-4769
96419706220,Jastateen 500.000,Tablet,Drug,25.28,15,5,2027-01-20,LOTE-2024-4770
854051000000,Hyleys Slim Tea Cranberry Flavor,tea,Supply,40.75,48,5,2026-08-03,LOTE-2024-4771
1948,Greetmed fedding tube 10/china,Feeding tube ,Supply,16.46,8,5,2028-07-13,LOTE-2024-4772
2208,Lidocaine Hcl 2% Tehran-daru co.,Gel,Drug,33.39,13,5,2027-07-24,LOTE-2024-4773
7790380000000,Parkinel 250/25,Tablet,Drug,30.15,43,5,2026-08-03,LOTE-2024-4774
Auto-149,"Novex 4000 IU anti-Xa /0,4ml",Injection,Drug,42.02,7,5,2026-08-03,LOTE-2024-4775
2167,Fucycline 5mg,Tablet,Drug,37.21,17,5,2027-01-20,LOTE-2024-4776
6973080000000,Vinyl Gloves Medium ,gloves,Supply,26.15,32,5,2026-09-22,LOTE-2024-4777
6264540000000,Adib Derm Oint,ointment,Drug,30.08,22,5,2026-07-09,LOTE-2024-4778
8691510000000,Super Duper kids,masasa,Supply,40.58,13,5,2027-01-20,LOTE-2024-4779
1979,Pd-prex 4000I.U.,syringe,Drug,18.88,47,5,2026-09-22,LOTE-2024-4780
91603008852,digest Support ,Capsule,Drug,15.72,23,5,2026-08-03,LOTE-2024-4781
2012,Predo 5mg ,Tablet,Drug,1.97,29,5,2027-07-24,LOTE-2024-4782
6923300000000,Magical Breast pump ,pump,Supply,37.45,22,5,2028-07-13,LOTE-2024-4783
2166,Folic acid 1,Tablet,Drug,36.34,1,5,2027-07-24,LOTE-2024-4784
2207,Clonazepam 2 ,Tablet,Drug,6.04,29,5,2027-07-24,LOTE-2024-4785
2096,De-flu cold & flu ,sachet,Drug,26.59,48,5,2026-08-18,LOTE-2024-4786
2176,Navid Ortho Knee Support for spiral neoprene ,Tool,Supply,21.68,5,5,2026-08-18,LOTE-2024-4787
2186,chloprim 3gm ,eye ointment,Drug,6.66,35,5,2026-08-18,LOTE-2024-4788
681620000000,Meet Matt(e)hughes-nude,Set,Supply,44.15,10,5,2027-07-24,LOTE-2024-4789
1901,Super Dooz 34000 for men,Spray,Supply,10.84,19,5,2028-07-13,LOTE-2024-4790
8680990000000,Jasmine perfum For men 18ml,Perfume,Supply,4.42,37,5,2027-07-24,LOTE-2024-4791
2226,Jasmine Perfum for women 18ml ,Perfume,Supply,27.38,7,5,2028-07-13,LOTE-2024-4792
Auto-391,Hernia belt,,Supply,33.64,46,5,2027-01-20,LOTE-2024-4793
2210,Transparent Wound Dressing 6*8cm,plaster,Supply,2.91,35,5,2026-09-22,LOTE-2024-4794
2002,D3 Plan 50000IU Softgel,Softgel,Drug,30.15,45,5,2026-09-22,LOTE-2024-4795
992020000000,Pinamics 1000mg ,Tablet,Drug,24.65,13,5,2026-08-03,LOTE-2024-4796
71164343272,hask Condiotioner,Conditioner,Supply,5.99,10,5,2026-07-09,LOTE-2024-4797
1774,Posture Aid Brace,korse,Supply,9.0,2,5,2027-01-20,LOTE-2024-4798
8901150000000,Sodium chloride 0.9% /100ml,solution,Supply,26.21,6,5,2026-09-22,LOTE-2024-4799
VRRNNR,Carboyoghurt active ,Tablet,Drug,14.39,8,5,2027-01-20,LOTE-2024-4800
6426350000000,Vitamin C + 1000mg,Tablet,Drug,42.32,36,5,2027-01-20,LOTE-2024-4801
2168,Fulazine 5mg,Tablet,Drug,37.12,25,5,2026-08-18,LOTE-2024-4802
8907730000000,Cefotaxime For injection 1g ,vial,Drug,44.29,44,5,2026-09-22,LOTE-2024-4803
3760120000000,ABILOS emmanuelle jane,Spray,Supply,12.8,47,5,2026-09-22,LOTE-2024-4804
2223,Best Syringe Disposable 3ml/cc ,syringe,Supply,43.68,40,5,2026-09-22,LOTE-2024-4805
8680220000000,Sodium Chloride 100ml,solution,Supply,20.26,7,5,2027-07-24,LOTE-2024-4806
1894,Moridil ,Suppository,Drug,16.62,46,5,2026-09-22,LOTE-2024-4807
655439000000,PAULAS CHOICE C15 super booster,serum,Supply,3.69,23,5,2027-01-20,LOTE-2024-4808
6972200000000, Fruit mask,mask,Supply,3.8,19,5,2028-07-13,LOTE-2024-4809
100956,Paracetamol Generis 1g,Tablet,Drug,31.6,46,5,2028-07-13,LOTE-2024-4810
2207400000000000,Hi-Jolla Ethanol 70% /100ml ,solution,Supply,21.42,22,5,2028-07-13,LOTE-2024-4811
1574,Libro-c,Tablet,Drug,11.35,13,5,2026-08-18,LOTE-2024-4812
8411730000000,Pierrot Freshmint 10ml ,Spray,Supply,28.21,21,5,2026-07-09,LOTE-2024-4813
Auto-886,xxxxxxxxxxx,,Drug,12.5,1,5,2026-08-18,LOTE-2024-4814
2098,Concor 5 plus,Tablet,Drug,26.63,19,5,2026-08-18,LOTE-2024-4815
3492290000000,Jacquese Andhrel Stilactif Shampoo,Shampoo,Supply,17.13,33,5,2028-07-13,LOTE-2024-4816
71164343173,hask shampoo,Shampoo,Supply,37.32,4,5,2027-01-20,LOTE-2024-4817
5386,Lipitor 10mg,Tablet,Drug,37.2,42,5,2026-08-03,LOTE-2024-4818
310159000000,Sensodyne pronamel Gentle whitening ,tooth paste,Supply,22.26,3,5,2026-08-03,LOTE-2024-4819
2259,FuAna 25mg,Tablet,Drug,16.76,27,5,2026-08-18,LOTE-2024-4820
VWPMDR,Infloran Bio plus,Tablet,Drug,17.27,41,5,2027-01-20,LOTE-2024-4821
1870,HAYAPHENICOL 1%,eye ointment,Drug,36.55,35,5,2027-07-24,LOTE-2024-4822
3467891,Ondansetrom Labesfal ,Ampoule,Drug,15.78,28,5,2028-07-13,LOTE-2024-4823
1998,Ketro ,Ampoule,Drug,10.59,6,5,2028-07-13,LOTE-2024-4824
1918,apdropsdx,Eye Drop,Drug,5.18,6,5,2026-08-18,LOTE-2024-4825
2174,Ovusitol D 4g/400mcg/10mcg,sachet,Drug,21.8,44,5,2026-09-22,LOTE-2024-4826
2225,As-Dermodeen,ointment,Drug,22.47,23,5,2026-08-18,LOTE-2024-4827
2405,DiClofenac 25mg/ml,Ampoule,Drug,38.08,33,5,2026-09-22,LOTE-2024-4828
SDI-13Doo012,Betnosam N oint.,ointment,Drug,11.12,16,5,2028-07-13,LOTE-2024-4829
8903490000000,Cadimycetin ,Eye Drop,Drug,18.07,24,5,2027-01-20,LOTE-2024-4830
3254550000000,Dovelac Prema ,milk,Supply,36.67,5,5,2027-07-24,LOTE-2024-4831
6925330000000,Mammuy friens 24pcs.,Breast Pads,Supply,37.33,41,5,2026-09-22,LOTE-2024-4832
74312032011,Selenium 200mcg /100tab.,Tablet,Drug,18.23,42,5,2026-07-09,LOTE-2024-4833
8904340000000,Garino Vip Mouth fresh green apple ,Spray,Supply,21.47,13,5,2026-08-03,LOTE-2024-4834
6804010000000,Cooling Gel Patch 4patches 5*12CM ,Patch,Supply,14.69,47,5,2027-01-20,LOTE-2024-4835
22400337890,TRESemme keratin smooth 7day smooth system,Peel Mask,Supply,42.07,12,5,2027-07-24,LOTE-2024-4836
2196,Selixa 5mg,Tablet,Drug,6.66,5,5,2026-08-18,LOTE-2024-4837
310158000000,Sensodyne Extra Whitening 113g,tooth paste,Supply,42.12,37,5,2027-07-24,LOTE-2024-4838
2215,Infrared Thermometer ck-T 1501,thermometer,Supply,31.25,31,5,2027-07-24,LOTE-2024-4839
6946790000000,jawanay bargdar/china,hot bag,Supply,24.62,28,5,2026-09-22,LOTE-2024-4840
8606020000000,Propomint Spray ,Spray,Drug,2.92,28,5,2027-07-24,LOTE-2024-4841
2212,As-Nyestocort,Cream,Drug,22.19,30,5,2026-09-22,LOTE-2024-4842
8690500000000,Hero baby 6+ 3 Fruits pure ,cearelac ,Supply,19.24,18,5,2027-01-20,LOTE-2024-4843
4270000000000,Shaho Shampoo for oily hair 250ml,Shampoo,Supply,8.51,44,5,2027-07-24,LOTE-2024-4844
5906750000000,Delia professional face care filling Face Neckline,serum,Supply,30.05,27,5,2028-07-13,LOTE-2024-4845
4850010000000,Snow lady ,cotton pad,Supply,43.75,35,5,2026-09-22,LOTE-2024-4846
5397210000000,silver modelling mask,mask,Supply,25.96,26,5,2026-09-22,LOTE-2024-4847
2109,Samadol Advance,Tablet,Drug,32.59,39,5,2026-08-18,LOTE-2024-4848
2245,Blue Vinyl /Large ,gloves,Supply,4.48,49,5,2026-08-18,LOTE-2024-4849
672936000000,Star Wars Pro20 Rotary Toorhbrush & Travel case,toothbrush,Supply,19.67,18,5,2027-01-20,LOTE-2024-4850
6261670000000,Baby land 6-18,mamka mzha,Supply,6.56,33,5,2028-07-13,LOTE-2024-4851
803908,Clotrimazole Generis 10mg/g ,ointment,Drug,28.16,25,5,2026-09-22,LOTE-2024-4852
*SDI-04GOO030*,Samacodamol,Tablet,Drug,42.32,31,5,2026-08-18,LOTE-2024-4853
2264,Alcohol Prep pad ,pad,Supply,30.29,37,5,2026-08-18,LOTE-2024-4854
8718550000000,CureSupport Liposomal Glutathione,Syrup,Drug,4.84,2,5,2026-09-22,LOTE-2024-4855
2267,Fulazine 1mg,Tablet,Drug,16.93,33,5,2026-08-18,LOTE-2024-4856
63935015099,Vitamin C 500mg /60tab.,Chewable Tablet,Drug,25.45,39,5,2026-08-18,LOTE-2024-4857
Auto-808,Babe stop akn tonic lotion 250ml,lotion,Supply,19.04,43,5,2027-07-24,LOTE-2024-4858
1716,Rostat 20mg ,Tablet,Drug,37.76,43,5,2026-07-09,LOTE-2024-4859
8436580000000,Lit-Control devicare ph up,Capsule,Drug,36.94,32,5,2027-01-20,LOTE-2024-4860
4084500000000,Pantene Smooth & sleek Argan dry oil,oil,Supply,28.11,18,5,2027-07-24,LOTE-2024-4861
1992,Mayocure 150mg,Tablet,Drug,17.75,17,5,2026-08-18,LOTE-2024-4862
4009900000000,ajona Stomaticum ,tooth paste,Supply,12.61,34,5,2027-01-20,LOTE-2024-4863
VJQNL1,ProctoLysal ,Cream,Drug,6.11,39,5,2027-01-20,LOTE-2024-4864
2319,Fingertip pulse Oximeter LK87,machine ,Supply,16.94,7,5,2027-01-20,LOTE-2024-4865
74312156052,Natures Bounty d3 25mcg (1000IU),Softgel,Drug,19.47,42,5,2026-09-22,LOTE-2024-4866
1683,Nimixa 200mg ,Tablet,Drug,30.9,35,5,2026-09-22,LOTE-2024-4867
UXTYT1,Destrolac Powder ,powder,Drug,30.13,30,5,2027-07-24,LOTE-2024-4868
2156060000000,Vital Honey With Caviar collagen & Cinnamon ,sachet,Supply,4.55,12,5,2027-07-24,LOTE-2024-4869
2308,bandage 15 cm spi sada,Bandage,Supply,18.69,35,5,2026-09-22,LOTE-2024-4870
3492280000000,Jacquese Andhrel Capilactive Homme,lotion,Supply,9.41,11,5,2026-08-03,LOTE-2024-4871
302994000000,Cetaphil daily facial cleanser 237ml,face wash gel,Supply,8.32,44,5,2026-08-03,LOTE-2024-4872
2246,Blue Vinyl /medium,gloves,Supply,37.49,4,5,2026-08-03,LOTE-2024-4873
3386460000000,EXPLORER mont blanc after shave balm,AFTER SHAVE BALM ,Supply,3.32,25,5,2027-01-20,LOTE-2024-4874
2309,bandage 10 cm spi sada,Bandage,Supply,19.73,48,5,2026-08-03,LOTE-2024-4875
2106,Samadol Extra,Tablet,Drug,8.82,32,5,2026-09-22,LOTE-2024-4876
885191000000,pixi retinol tonic 250ml,Toner ,Supply,39.75,20,5,2027-07-24,LOTE-2024-4877
2338,Offer_7,,Supply,25.73,31,5,2026-08-18,LOTE-2024-4878
9120070000000,Painstop heat patch ,Patch,Supply,11.57,4,5,2027-07-24,LOTE-2024-4879
Auto-683,follitrope 75 iu syring,,Drug,23.36,38,5,2027-07-24,LOTE-2024-4880
1590,Dimestil 20ml,drop,Drug,33.32,47,5,2026-08-18,LOTE-2024-4881
2275,Ringer's Injection 500ml,solution,Supply,43.18,1,5,2027-07-24,LOTE-2024-4882
6970550000000,Cotton wabs 500adad ,gwe pakarawa ,Supply,11.09,3,5,2027-07-24,LOTE-2024-4883
7042290000000,hematoferol 30tablet / medeq,Tablet,Drug,40.05,37,5,2026-09-22,LOTE-2024-4884
2342,Tussiram cough syrup,Syrup,Drug,42.14,22,5,2026-08-18,LOTE-2024-4885
1847,Caviar Cosmetic shampoo,Shampoo,Supply,41.36,17,5,2027-01-20,LOTE-2024-4886
104044000000000,Duracell Activair  10,pill,Supply,29.14,14,5,2028-07-13,LOTE-2024-4887
1936,Marflow longlife catheter 18 2-way,catheter,Supply,28.9,41,5,2027-01-20,LOTE-2024-4888
2344,Kay la gloves medium black,gloves,Supply,19.04,35,5,2026-08-18,LOTE-2024-4889
9413000000000,Confy lac 1 400g,milk,Supply,34.23,13,5,2027-01-20,LOTE-2024-4890
4049640000000,MAGIC FINISH make up . foun de teint 30ml Spf 30,powder,Supply,24.61,35,5,2026-09-22,LOTE-2024-4891
1787,Mela forte Drops 30ml ,drop,Drug,30.97,43,5,2027-01-20,LOTE-2024-4892
2326,Clozam 10mg Tablet Iran,Tablet,Drug,20.14,2,5,2027-07-24,LOTE-2024-4893
Auto-747,exval 10/160 mg,,Drug,33.32,47,5,2027-01-20,LOTE-2024-4894
4015100000000,salon plex 400ml,Spray,Supply,37.36,13,5,2027-07-24,LOTE-2024-4895
2072,D'Acne gel,Gel,Drug,7.87,16,5,2027-07-24,LOTE-2024-4896
4305620000000,Massage-handschuh nylon,Massager,Supply,37.73,18,5,2027-01-20,LOTE-2024-4897
6953890000000,New.Sun Massager,,Supply,25.0,7,5,2026-08-18,LOTE-2024-4898
-8624415,Terazosin Aristo 2mg ,Tablet,Drug,38.24,45,5,2027-07-24,LOTE-2024-4899
6192430000000,Megacef 100mg/5ml (60ml ),Suspension,Drug,20.26,36,5,2028-07-13,LOTE-2024-4900
2078,Rezovast 20mg,Tablet,Drug,17.99,41,5,2026-08-03,LOTE-2024-4901
2334,Children mask,mask,Supply,41.31,30,5,2026-09-22,LOTE-2024-4902
7350070000000,Cetaphil Facial Moisturizer 50g ,Moisturizing cream ,Supply,12.43,42,5,2026-08-18,LOTE-2024-4903
721249000000,Castor Natural oil 30ml ,oil,Supply,38.22,41,5,2027-07-24,LOTE-2024-4904
4607150000000,R.O.C.S Whitening Medium ,toothbrush,Supply,22.55,7,5,2027-07-24,LOTE-2024-4905
SDI-03HOO007,Samafed,Tablet,Drug,23.86,15,5,2026-08-03,LOTE-2024-4906
8005470000000,Plerasan Multiple Relief syrup 150ml,Syrup,Drug,14.92,40,5,2028-07-13,LOTE-2024-4907
8681000000000,Bambino Calm Care Kids Cotton 60PCS,gwe pakarawa ,Supply,26.43,19,5,2026-08-18,LOTE-2024-4908
6971270000000,mini star Facial massage roller,massage roller,Supply,15.65,43,5,2027-07-24,LOTE-2024-4909
8801040000000,Tincke eyebrow razor,Razor,Supply,3.21,37,5,2026-09-22,LOTE-2024-4910
5083022,Applicator Tampons Super *30,tampons,Supply,13.33,2,5,2026-09-22,LOTE-2024-4911
5120,Procto-Synalar N,Suppository,Drug,1.78,42,5,2026-08-18,LOTE-2024-4912
8681770000000,Bio fin Organic Therapy ,oil,Supply,44.06,48,5,2026-08-18,LOTE-2024-4913
2296,Elastic Crepe bandage 5cm*4.5mg,Bandage,Supply,43.51,13,5,2027-01-20,LOTE-2024-4914
2373,Amoxycillin 500mg,Capsule,Drug,18.69,40,5,2027-01-20,LOTE-2024-4915
6211380000000,Viramed 3 %,eye ointment,Drug,33.18,41,5,2026-08-03,LOTE-2024-4916
2099,oxytocin 10iu/1ml ,Ampoule,Drug,16.54,43,5,2026-08-03,LOTE-2024-4917
1638,Fungizol 500mg/100ml,solution,Drug,30.69,43,5,2026-08-03,LOTE-2024-4918
5048,Daktacort 15g,Cream,Drug,36.54,31,5,2027-07-24,LOTE-2024-4919
1381,Xylocane 15gm ,ointment,Drug,42.68,16,5,2027-07-24,LOTE-2024-4920
6262110000000,Polygel 3*1 peach,lubricant ,Supply,18.91,42,5,2026-08-03,LOTE-2024-4921
2121,J-cain Lidocaine 50% /500g,Cream,Supply,35.57,44,5,2027-01-20,LOTE-2024-4922
4987180000000,VICKS Inhaler 0.5ml ,Inhaler,Supply,13.07,6,5,2026-08-03,LOTE-2024-4923
57606022127,pms-Candesartan 16mg,Tablet,Drug,44.58,28,5,2028-07-13,LOTE-2024-4924
2368,Bandge chanaga,bange,Supply,2.62,32,5,2028-07-13,LOTE-2024-4925
8681590000000,Dadya home Fragrance Freesia Lotus Blossom ,Spray,Supply,27.75,44,5,2027-01-20,LOTE-2024-4926
1822,Pampers Pants 5 (12-17)kg,daibi,Supply,30.19,10,5,2028-07-13,LOTE-2024-4927
MD1071-1-RD,Infrared Thermometer IR 988,thermometer,Supply,31.43,18,5,2027-07-24,LOTE-2024-4928
8000920000000,Arnica Homeos cream,Cream,Drug,6.74,4,5,2027-07-24,LOTE-2024-4929
5671367,Dimidon 20mg/ml (ibuprofen),Suspension,Drug,42.33,9,5,2027-01-20,LOTE-2024-4930
2147,Propycil 50mg 50tabs,Tablet,Drug,9.38,7,5,2026-09-22,LOTE-2024-4931
*SDI-13DOO044*,nystacort ointment 15g / sdi   ,ointment,Drug,28.59,8,5,2026-08-18,LOTE-2024-4932
2083,Sterile Adhesive Wound dressings 10cm *30cm ,plaster,Supply,11.19,43,5,2026-09-22,LOTE-2024-4933
2360,Samadol Sinus ,Tablet,Drug,14.86,7,5,2027-01-20,LOTE-2024-4934
2398,Plusspan Kids Cough 1to11,Syrup,Drug,25.27,41,5,2026-08-18,LOTE-2024-4935
96619929214,kirkland Minoxidil 5% for men,solution,Supply,19.65,40,5,2026-08-18,LOTE-2024-4936
3654110000000,Ferra Gloves ,gloves,Supply,8.47,3,5,2026-09-22,LOTE-2024-4937
2333,progeva 200mg,Capsule,Drug,8.94,17,5,2026-08-18,LOTE-2024-4938
75325602,lasix 500mg compresse,,Drug,19.69,2,5,2027-01-20,LOTE-2024-4939
8682850000000,Yenicetol 1000mg ,Tablet,Drug,34.44,15,5,2028-07-13,LOTE-2024-4940
2387,Domperidone-Ozon 10mg,Tablet,Drug,40.56,46,5,2027-07-24,LOTE-2024-4941
2234,FuAna 75mg,Tablet,Drug,5.16,29,5,2027-01-20,LOTE-2024-4942
2132720000000000,Behdam Spacer child ,Tool,Supply,18.6,48,5,2027-01-20,LOTE-2024-4943
6926750000000,vapor inhaler,,Drug,5.86,22,5,2026-09-22,LOTE-2024-4944
1780,Gvsoft 2,Suppository,Drug,2.22,4,5,2026-08-18,LOTE-2024-4945
2412,Zefox 400mg,Capsule,Drug,30.28,6,5,2028-07-13,LOTE-2024-4946
2169,Fulazine 2mg,Tablet,Drug,27.71,38,5,2026-08-18,LOTE-2024-4947
3800220000000,Glycerin cream 150ml ,Cream,Supply,8.59,26,5,2026-08-03,LOTE-2024-4948
2375,Euthyrox 150 mcg,Tablet,Drug,11.67,11,5,2027-07-24,LOTE-2024-4949
6262740000000,Nabid Topical & oral drop,drop,Drug,2.53,26,5,2026-08-18,LOTE-2024-4950
8902220000000,camforte 0.5mg,Tablet,Drug,37.82,17,5,2026-09-22,LOTE-2024-4951
2341,snore stopper lastic small,lastic,Supply,43.9,24,5,2026-07-09,LOTE-2024-4952
2380,rivotril 2mg /20tab.,Tablet,Drug,7.39,28,5,2026-08-03,LOTE-2024-4953
501800000000,Osteo Health Orginal,Tablet,Drug,11.57,35,5,2026-08-18,LOTE-2024-4954
2427,FuMara 2.5mg,Tablet,Drug,39.28,31,5,2026-08-03,LOTE-2024-4955
990805000000,Phyllomics 225mg ,Tablet,Drug,41.8,13,5,2027-01-20,LOTE-2024-4956
1689,Zolid 15mg,Tablet,Drug,19.75,35,5,2027-07-24,LOTE-2024-4957
2442,Fenistil kids ,drop,Drug,3.7,16,5,2026-09-22,LOTE-2024-4958
2312,No-H-sha 40mg,Tablet,Drug,3.21,15,5,2028-07-13,LOTE-2024-4959
2401,Silver-Step,Gel,Drug,26.47,43,5,2026-08-18,LOTE-2024-4960
2439,mobic 15mg 30tablet / boehringer ingelheim,Tablet,Drug,18.59,18,5,2026-09-22,LOTE-2024-4961
2391,Amitriptyline-Ozon 25mg,Tablet,Drug,2.75,47,5,2026-08-18,LOTE-2024-4962
6970130000000,Bebe free mamka wshka ,mamka mzha,Supply,26.87,37,5,2027-01-20,LOTE-2024-4963
6212050000000,Cyproheptadine barakat,Tablet,Drug,1.99,48,5,2026-09-22,LOTE-2024-4964
2357,Samadol All in one,Tablet,Drug,35.75,48,5,2027-01-20,LOTE-2024-4965
2425,Mamma perfecta LH Ovulation test  / gawra,test,Supply,14.83,49,5,2027-07-24,LOTE-2024-4966
4154420000000,Tada Plus,Tablet,Drug,3.25,41,5,2027-01-20,LOTE-2024-4967
VZGYD1,FBM Vaginal ovules,Ovules Vaginaux,Drug,27.09,27,5,2027-01-20,LOTE-2024-4968
2332,Fuvera 5mg,Tablet,Drug,18.8,35,5,2028-07-13,LOTE-2024-4969
6253350000000,juman Calamina lotion 180ml ,lotion,Supply,43.86,45,5,2026-08-18,LOTE-2024-4970
50158911,Dettol 250ml ,solution,Supply,25.17,35,5,2026-09-22,LOTE-2024-4971
2087,Mamma perfecta LH Ovulation test ,test,Supply,13.47,28,5,2027-07-24,LOTE-2024-4972
2232,Motidone 100ml ,Suspension,Drug,32.36,39,5,2027-01-20,LOTE-2024-4973
2301,Parez face mask ,mask,Supply,13.31,38,5,2026-08-18,LOTE-2024-4974
2364,Folic acid 5mg,Tablet,Drug,40.83,9,5,2026-09-22,LOTE-2024-4975
5032480000000,VapourRub ,Inhaler,Supply,17.8,12,5,2026-09-22,LOTE-2024-4976
2261,Methimazole 5mg loghman ,Tablet,Drug,25.42,15,5,2026-09-22,LOTE-2024-4977
6973410000000,Pulse Oximeter SO911,machine ,Supply,3.7,21,5,2026-08-18,LOTE-2024-4978
400024000000,facial razor set,Set,Supply,20.04,35,5,2028-07-13,LOTE-2024-4979
6972220000000,Air Pillow ,sarin ,Supply,37.71,42,5,2027-07-24,LOTE-2024-4980
20201559220,HWL Glutafix /60cap.,Capsule,Drug,36.55,33,5,2026-09-22,LOTE-2024-4981
2321,Lanoxin 0.25mg /100tab.,Tablet,Drug,11.26,19,5,2027-01-20,LOTE-2024-4982
5885890000000,Sulox Multi-Surface Disinfectant 500ml ,Spray,Supply,11.33,23,5,2028-07-13,LOTE-2024-4983
8680660000000,Humira pen 40mg/0.4ml,Pen,Drug,37.05,13,5,2026-08-03,LOTE-2024-4984
57606022189,pms-Candesartan-HCTZ  16mg/12.5mg,Tablet,Drug,41.97,44,5,2026-08-18,LOTE-2024-4985
5211,Ovitrelle 250mcg,Injection,Drug,5.65,1,5,2027-01-20,LOTE-2024-4986
2000,Gonal-F 300IU/0.5ml,Injection,Drug,21.08,29,5,2027-07-24,LOTE-2024-4987
Auto-1036,K:r.e.o.n. .2.5.0.0.0. .I.U. .T.u.r.k.e.y. .1.0.0.c.a.p.s,Capsule,Drug,16.18,24,5,2026-07-09,LOTE-2024-4988
9558010000000,Betacetol 500mg/5ml ,Ampoule,Drug,39.37,16,5,2028-07-13,LOTE-2024-4989
6928570000000,Mumlove Soft Silicone Spoon ,Spoon,Supply,5.13,25,5,2026-09-22,LOTE-2024-4990
57606021939,PMS-Rosuvastatin 20mg,Tablet,Drug,10.68,23,5,2026-09-22,LOTE-2024-4991
2460,vansunmed Irrigation syring 60cml  ,syringe,Supply,34.23,28,5,2026-08-18,LOTE-2024-4992
360086,Centellase ,Tablet,Drug,3.73,47,5,2026-08-18,LOTE-2024-4993
LPNHE582689843,Zree 4.3 Video monitor ,Monitor,Supply,22.93,16,5,2027-07-24,LOTE-2024-4994
1800,Viaveta lavan Menstrual Cup Small,Tool,Supply,20.73,43,5,2028-07-13,LOTE-2024-4995
6934990000000,Suree Ultra soft toothbruth ,toothbrush,Supply,16.05,38,5,2026-09-22,LOTE-2024-4996
2298,Daylight 20ml   ,syringe,Supply,18.66,11,5,2028-07-13,LOTE-2024-4997
8005910000000,Memoria,Syrup,Drug,24.55,3,5,2027-07-24,LOTE-2024-4998
6974180000000,Henchan Vinyl/Nitrile Blend Glove Medium,gloves,Supply,8.52,15,5,2026-09-22,LOTE-2024-4999
5043,Hamazine,Cream,Drug,26.38,1,5,2027-01-20,LOTE-2024-5000
2447,fugidim-MDI 15g ,Cream,Drug,36.54,7,5,2026-09-22,LOTE-2024-5001
5017170000000,Spirulina 500mg/60tab.,Tablet,Drug,34.57,1,5,2027-01-20,LOTE-2024-5002
6971500000000,Appti V mask ,mask,Supply,8.19,49,5,2026-08-03,LOTE-2024-5003
2283,Lorazesam 1,Tablet,Drug,7.99,32,5,2027-01-20,LOTE-2024-5004
2462,Risperidone-Ozon 2mg,Tablet,Supply,13.17,9,5,2026-08-03,LOTE-2024-5005
5080038,Applicator Tampons Regular *30,tampons,Supply,17.21,29,5,2027-07-24,LOTE-2024-5006
2455,Bioderma sebium pore refiner +Sebium gel moussant,Set,Supply,19.27,26,5,2027-07-24,LOTE-2024-5007
790554000000,baobab oil repair hair serum 100ml,serum,Supply,31.07,23,5,2026-08-18,LOTE-2024-5008
850565000000,Pure health Melatonin 3mg ,Tablet,Drug,3.97,45,5,2026-09-22,LOTE-2024-5009
X0003BNBKZ,Elanee Stilleinlagen,Breast Pads,Supply,3.01,43,5,2026-09-22,LOTE-2024-5010
5585890000000,Sulox hand & skin Disinfectant ,Spray,Supply,18.55,29,5,2027-01-20,LOTE-2024-5011
8691190000000,L.O.N.G.S.T.A.Y,eyebrow Pencil ,Supply,31.83,38,5,2026-08-18,LOTE-2024-5012
-10383284,Levetiracetam Aristo 500mg,Tablet,Drug,9.91,33,5,2027-01-20,LOTE-2024-5013
2393,Fluconazole-Ozon 150mg /1cap.,Capsule,Drug,29.41,7,5,2026-08-18,LOTE-2024-5014
4260700000000,Bebecom Glycerin Cream 125ml ,Cream,Supply,12.8,12,5,2026-08-03,LOTE-2024-5015
2074,Physiomanna Laxdepur,powder,Drug,40.04,31,5,2026-07-09,LOTE-2024-5016
8009350000000,Pino Silvestre intimo 250ml ,intimate wash ,Supply,40.46,32,5,2026-08-03,LOTE-2024-5017
2145,"fred 1/4"" 6.4mm Heavy",lastic,Supply,14.43,20,5,2027-07-24,LOTE-2024-5018
6263410000000,Tanyar Opelon Wrist thumb Support,Bandage,Supply,11.5,17,5,2028-07-13,LOTE-2024-5019
6905820000000,La roche-Posay Cicaplast Baume b5,Cream,Supply,19.39,36,5,2026-09-22,LOTE-2024-5020
2465,Acm sebionex offer ,Set,Supply,11.96,3,5,2027-01-20,LOTE-2024-5021
4600284,Trental 400mg/60tab.,Tablet,Drug,30.75,1,5,2026-08-03,LOTE-2024-5022
2415,DrBrowns Reduces Colic 120ml,Bottle milk.,Supply,37.43,27,5,2027-01-20,LOTE-2024-5023
2464,Pervital 6 in 1,Tablet,Drug,30.78,47,5,2026-08-03,LOTE-2024-5024
6973170000000,Digital Thermometer ,thermometer,Supply,37.36,40,5,2027-01-20,LOTE-2024-5025
Auto-774,huqna gawra,,Supply,18.77,33,5,2028-07-13,LOTE-2024-5026
8809320000000,Gluconavii /50test strips,Strips.,Drug,8.3,20,5,2026-08-18,LOTE-2024-5027
5025970000000,nivea Sun protection moisture 30,Spray,Supply,33.6,14,5,2027-07-24,LOTE-2024-5028
799471000000,Aike Pacifier Clio 0+m ,Tool,Supply,17.18,36,5,2026-07-09,LOTE-2024-5029
5028270000000,Optical lens Wipes,,Supply,30.7,5,5,2026-09-22,LOTE-2024-5030
2384,Ceftriacare 1g IV,Injection,Drug,13.27,23,5,2026-08-03,LOTE-2024-5031
2495,Tenormin 100mg /28tab.,Tablet,Drug,5.03,45,5,2026-09-22,LOTE-2024-5032
2491,Paracetamol 500mg 100mg/ml ,Ampoule,Drug,44.68,15,5,2026-08-18,LOTE-2024-5033
2473,Medisol Sodium Chloride 0.9% /500ml solution,solution,Supply,8.29,6,5,2026-09-22,LOTE-2024-5034
5060510000000,Bonnaqua Lubricating jelly ,Gel,Supply,44.5,33,5,2026-09-22,LOTE-2024-5035
*SDI-05AAO004*,Amoxycillin 250,Suspension,Drug,44.01,19,5,2026-09-22,LOTE-2024-5036
2339,Metrosel 0.5%,solution,Drug,36.03,13,5,2027-01-20,LOTE-2024-5037
2467,Infrared Thermometer IR,thermometer,Supply,30.18,29,5,2028-07-13,LOTE-2024-5038
6260450000000,Baby Knee Pads,,Supply,26.63,6,5,2026-09-22,LOTE-2024-5039
4714480000000,Lidopin Cream,Cream,Supply,39.18,15,5,2026-08-18,LOTE-2024-5040
1985,Memory pillow Latex pillow,sarin ,Supply,14.09,16,5,2026-08-18,LOTE-2024-5041
6285580000000,oil afghani,oil,Supply,21.84,24,5,2028-07-13,LOTE-2024-5042
655729000000,Aljoud Ethanol 70% 1L,solution,Supply,28.44,23,5,2027-01-20,LOTE-2024-5043
2118,aprezo 30mg  /60tab.,Tablet,Drug,19.39,48,5,2026-09-22,LOTE-2024-5044
2428,LilyJoint Joint Repair,Capsule,Drug,20.1,10,5,2026-08-03,LOTE-2024-5045
22796976703,Biotin & Collagen 385ml,Shampoo,Supply,15.87,41,5,2026-09-22,LOTE-2024-5046
2327,INOX 100MG,Capsule,Drug,26.04,41,5,2026-08-18,LOTE-2024-5047
8682280000000,SwaddleBaby Breast pad ,pad,Supply,38.5,49,5,2028-07-13,LOTE-2024-5048
2389,Cetirizine-Ozon 10mg,Tablet,Drug,10.27,17,5,2028-07-13,LOTE-2024-5049
2497,Gold Cover Cotton Gloves black medium ,gloves,Supply,42.15,49,5,2026-08-03,LOTE-2024-5050
8050530000000,EMODIL Cream,Cream,Drug,31.48,44,5,2027-01-20,LOTE-2024-5051
2409,Recto-relief 0.2% oint.,ointment,Drug,37.31,45,5,2026-08-18,LOTE-2024-5052
4250950000000,essence the false lashes,Mascara,Supply,25.69,30,5,2026-09-22,LOTE-2024-5053
2180,offer,,Drug,35.41,44,5,2028-07-13,LOTE-2024-5054
8435370000000,Aciclovir reig jofre 250 mg,vial,Drug,2.2,46,5,2027-01-20,LOTE-2024-5055
2170,Super Viga 200000,Spray,Drug,37.1,10,5,2026-09-22,LOTE-2024-5056
2370,Vacosam 2mg ,Tablet,Drug,3.25,19,5,2026-08-18,LOTE-2024-5057
6211960000000,motin 10mg ,Tablet,Drug,40.21,29,5,2027-07-24,LOTE-2024-5058
8681760000000,deep X permethrin 5%,solution,Supply,44.65,2,5,2027-01-20,LOTE-2024-5059
2468,"Dibase 2,000 I.U.",Capsule,Drug,14.29,36,5,2026-09-22,LOTE-2024-5060
2494,"Tritace 2,5 mg",Tablet,Drug,10.65,19,5,2026-08-18,LOTE-2024-5061
2519,As-Nyestocort,ointment,Drug,34.79,7,5,2026-09-22,LOTE-2024-5062
8683020000000,Sakaria Povidone Iodine 10%,solution,Supply,12.51,26,5,2028-07-13,LOTE-2024-5063
305731000000,Centrum Women 50+multigummies ,Gummies ,Drug,39.15,15,5,2027-01-20,LOTE-2024-5064
2438,Biotin 5mg/ml,Ampoule,Drug,5.97,47,5,2026-09-22,LOTE-2024-5065
2397,Apetivit Multivitamin + Lysine ,Syrup,Drug,6.98,38,5,2027-01-20,LOTE-2024-5066
2270,ALOE Vera gelly 118ml,Gel,Supply,44.09,3,5,2027-07-24,LOTE-2024-5067
1723,Getlite 20g,Cream,Drug,30.81,38,5,2026-09-22,LOTE-2024-5068
2022425,Babe Superfluid  + micellar gel,Set,Supply,38.34,16,5,2026-08-18,LOTE-2024-5069
6211930000000,Gentamycin 80mg ,Ampoule,Drug,15.61,2,5,2027-01-20,LOTE-2024-5070
A00018,"navid ortho Arm Sling Asly 1182,196",Care&Supports,Drug,30.93,31,5,2027-01-20,LOTE-2024-5071
2358,Dikang Arm Blood Pressure Montitor Super large LCD ,machine ,Supply,27.35,28,5,2027-07-24,LOTE-2024-5072
664698000000,Flu-X ,sachet,Drug,27.74,7,5,2028-07-13,LOTE-2024-5073
2404,Forsteo,Pen,Drug,31.19,30,5,2026-09-22,LOTE-2024-5074
2538,Forxiga 10mg,Tablet,Drug,26.53,43,5,2026-08-03,LOTE-2024-5075
7354787,complexo B,Syrup,Drug,20.16,7,5,2028-07-13,LOTE-2024-5076
6987870000000,Naliblue kids toothbrush ,toothbrush,Supply,13.5,36,5,2026-09-22,LOTE-2024-5077
3600530000000,maybelline Hypereasy brush tip liner,eye liner,Supply,34.93,29,5,2027-01-20,LOTE-2024-5078
2430,Spirulina 250mg / 120tab.,Tablet,Drug,11.34,24,5,2027-01-20,LOTE-2024-5079
8809610000000,daily UV defense,sunscreen,Supply,31.62,39,5,2027-01-20,LOTE-2024-5080
30056640,Rexona motionsense 48h,roll,Supply,11.65,4,5,2026-08-18,LOTE-2024-5081
4251230000000,Essence princess lash ,Mascara,Supply,28.7,29,5,2027-07-24,LOTE-2024-5082
3168,sephora face mask shit,mask,Supply,34.0,44,5,2027-07-24,LOTE-2024-5083
6211340000000,voltamed 100mg ,,Drug,11.01,5,5,2027-01-20,LOTE-2024-5084
2400,Little Fish baby ,mamka mzha,Supply,4.11,29,5,2026-09-22,LOTE-2024-5085
1832,klavox 1g,Tablet,Drug,7.2,30,5,2026-08-03,LOTE-2024-5086
31604032425,Energy B12 1000 mcg nature made ,Gummies ,Drug,27.86,29,5,2026-08-03,LOTE-2024-5087
16185129238,super collagen 90tab + vitamin c & biotin ,Tablet,Drug,38.45,26,5,2026-09-22,LOTE-2024-5088
16500554370,Filinstones gummies sour 180 gummies,Gummies ,Drug,3.46,19,5,2026-09-22,LOTE-2024-5089
3305,BIO STRAIGHT post treatment shampoo,Shampoo,Supply,33.44,26,5,2028-07-13,LOTE-2024-5090
2249,EnerWeser ,effervescent tablet,Drug,16.35,37,5,2027-07-24,LOTE-2024-5091
602004000000,bene tint 6ml,Lashes ,Supply,22.32,27,5,2027-01-20,LOTE-2024-5092
759427000000,sundown kids toy story,Gummies ,Supply,41.91,30,5,2027-01-20,LOTE-2024-5093
817494000000,luna sleeping night oil,oil,Supply,15.94,30,5,2026-08-18,LOTE-2024-5094
5054780000000,Little angels 100% pure cotton ,cotton pad,Supply,21.74,3,5,2028-07-13,LOTE-2024-5095
5410100000000,Garnier Skinactive Tonifie & verfrist  200ml,Toner ,Supply,2.1,43,5,2026-09-22,LOTE-2024-5096
4084200000000,Garnier Skinactive hautklar,face wash gel,Supply,5.05,7,5,2026-08-03,LOTE-2024-5097
29038725,honey&lemon white blue,Gum,Supply,12.75,49,5,2026-09-22,LOTE-2024-5098
752830000000,Briogeo stimulating therapy massager,scalp massager,Supply,2.71,9,5,2028-07-13,LOTE-2024-5099
850027000000,moment to reflect set,Massager,Supply,28.96,41,5,2028-07-13,LOTE-2024-5100
3204,mini size 8$,Cream,Supply,20.05,42,5,2026-07-09,LOTE-2024-5101
8993590000000,baby safe breast milk reliever ,pump,Supply,25.34,13,5,2028-07-13,LOTE-2024-5102
2567,Clarinase /14tab.,Tablet,Drug,9.1,15,5,2026-08-18,LOTE-2024-5103
2513,Empagliform 12.5/1000mg,Tablet,Drug,14.37,5,5,2026-07-09,LOTE-2024-5104
2525,Daxopil 60mg /3tab.,Tablet,Drug,30.38,29,5,2027-07-24,LOTE-2024-5105
2542,Durjoy 60mg /3tab.,Tablet,Supply,43.49,35,5,2028-07-13,LOTE-2024-5106
3616300000000,DIVINE LASHES rich black mascar,Mascara,Supply,3.69,27,5,2027-01-20,LOTE-2024-5107
2572,Aryas baby 2/ 6-18Months,mamka mzha,Supply,40.23,27,5,2027-01-20,LOTE-2024-5108
57606018649,pms-Risedronate 35mg /4tab.,Tablet,Drug,26.59,8,5,2027-07-24,LOTE-2024-5109
2524,Disposable Nitrile Gloves medium EN455,gloves,Supply,26.03,32,5,2027-07-24,LOTE-2024-5110
A000159,haldol 5mg 25tablet / janssen-cilag,Tablet,Drug,23.26,20,5,2028-07-13,LOTE-2024-5111
8056520000000,D3Base Junior,gumdrops,Drug,4.52,10,5,2027-01-20,LOTE-2024-5112
2578,Metronidazole 500mg/100ml,solution,Drug,5.41,13,5,2028-07-13,LOTE-2024-5113
1628,Swisslac 1 400g,milk,Supply,27.64,29,5,2028-07-13,LOTE-2024-5114
-13588590,Rosuvastatin Aristo 10mg,Tablet,Drug,16.33,35,5,2026-08-03,LOTE-2024-5115
817919000000,it confidence in acream anti aging 7ml,Cream,Supply,41.4,8,5,2027-07-24,LOTE-2024-5116
628505000000,Fuspasm ,Tablet,Drug,19.19,29,5,2026-09-22,LOTE-2024-5117
2478,Accu-Chek Active germany 50test,Strips.,Supply,7.73,31,5,2026-09-22,LOTE-2024-5118
2587,Progesterone 50mg,Ampoule,Drug,32.59,41,5,2027-01-20,LOTE-2024-5119
890922000000,eradikate acne treatment 30ml,treatment,Supply,14.26,30,5,2026-08-03,LOTE-2024-5120
31604031695,time release B12 100mcg  Nature made ,Tablet,Drug,24.36,22,5,2027-01-20,LOTE-2024-5121
W341U6,Ginfast PRL,Tablet,Drug,31.86,21,5,2028-07-13,LOTE-2024-5122
2589,baby muslin swaddle blanket 120+120cm,qwmata,Supply,40.66,12,5,2026-08-18,LOTE-2024-5123
2584,Ketoprofen-Ozon 2.5%,Gel,Drug,35.96,11,5,2026-09-22,LOTE-2024-5124
5054070000000,Asada Granulated Sweetener,Granules,Drug,30.92,2,5,2028-07-13,LOTE-2024-5125
856344000000,Hairtamin Gummy Stars,Gummies ,Drug,31.06,41,5,2026-09-22,LOTE-2024-5126
2575,Lipitor 40mg,Tablet,Drug,42.65,2,5,2026-09-22,LOTE-2024-5127
3214,LEGERITY shampoo all hair type 210ml,Shampoo,Supply,14.37,34,5,2026-09-22,LOTE-2024-5128
8034080000000,LEGERITY mask normal hair,mask,Supply,1.55,3,5,2027-01-20,LOTE-2024-5129
810763000000,pro filter instant retouch setting powder,powder,Supply,13.33,16,5,2027-01-20,LOTE-2024-5130
16500586944,ONE A DAY  mens complete multivitamin 100tab,Tablet,Drug,10.98,4,5,2027-07-24,LOTE-2024-5131
843246000000,mini one swipe wonders lash & brow serums,serum,Supply,30.29,23,5,2026-09-22,LOTE-2024-5132
7330980000000,Blomdahl Medical beauty,gwara,Supply,29.07,20,5,2027-07-24,LOTE-2024-5133
-5023626,Zoledro-Denk 4mg/5ml,vial,Drug,27.32,25,5,2027-01-20,LOTE-2024-5134
30096608,fit me conealer anti-cernes 10,Passary,Supply,2.21,30,5,2026-09-22,LOTE-2024-5135
VWTN0Z,AuraStop sachet ,sachet,Drug,33.2,18,5,2027-01-20,LOTE-2024-5136
8809670000000,water tint red,Lashes ,Supply,15.57,42,5,2027-07-24,LOTE-2024-5137
7393480000000,gunry tampons super 32,Lip Stain ,Supply,30.43,11,5,2027-01-20,LOTE-2024-5138
50075188,rexona motion sense,Bud,Supply,25.71,29,5,2026-08-03,LOTE-2024-5139
20714515843,Clinique Pore refining solutions ,solution,Supply,16.41,17,5,2026-08-18,LOTE-2024-5140
20714004507,clinique almost lipstick shade 06,biskuit,Supply,7.35,26,5,2026-08-18,LOTE-2024-5141
2596,painoMedz ointment,ointment,Drug,5.61,23,5,2026-08-18,LOTE-2024-5142
6957660000000,Momeasy Disposable breast pads,pad,Supply,37.67,48,5,2027-01-20,LOTE-2024-5143
8682140000000,Hira Cotton Children  60PCS,gwe pakarawa ,Supply,41.45,20,5,2026-07-09,LOTE-2024-5144
4897070000000,heaven dove insect repellent ,solution,Supply,29.77,45,5,2027-07-24,LOTE-2024-5145
A6620100503194,Aicare Infrared Thermometer,thermometer,Supply,6.0,2,5,2026-08-18,LOTE-2024-5146
607845000000,NARS blush orgasm 4013 4.8g,Cotton,Supply,18.99,24,5,2026-09-22,LOTE-2024-5147
2610,Macadamia Oil cream color 100ml,Cream,Supply,33.21,31,5,2027-01-20,LOTE-2024-5148
2541,Cordarone 200mg,Tablet,Drug,35.42,27,5,2026-08-18,LOTE-2024-5149
71249343265,lash paradise,Mascara,Supply,6.64,2,5,2028-07-13,LOTE-2024-5150
860003000000,peace out acne serum 30ml,serum,Supply,1.5,14,5,2026-08-03,LOTE-2024-5151
5045090000000,beauty sleep accelerator,night cream,Supply,32.48,4,5,2026-09-22,LOTE-2024-5152
41554590500,sky high,Mascara,Supply,17.01,49,5,2027-07-24,LOTE-2024-5153
6923360000000,Popmax ,Znjir ,Supply,12.57,13,5,2027-01-20,LOTE-2024-5154
2446,Arixtra 2.5mg/0.5ml,Pen,Drug,2.06,36,5,2026-08-18,LOTE-2024-5155
809280000000,fresh sugar hydrting lip kit,Set,Supply,25.0,35,5,2026-09-22,LOTE-2024-5156
684418000000,Vitamin C 1000mg,Caplet,Drug,38.53,44,5,2027-07-24,LOTE-2024-5157
6215470000000,Fresh eye lens 60ml,solution,Supply,43.16,8,5,2028-07-13,LOTE-2024-5158
3242,give me some shine ba fall 5 adad,Spoon,Supply,26.11,2,5,2028-07-13,LOTE-2024-5159
WYRR80,MIAMO advanced daily defense spf50+,sunscreen,Supply,23.88,6,5,2026-09-22,LOTE-2024-5160
2609,As-Flu-Cut,Tablet,Drug,5.2,31,5,2028-07-13,LOTE-2024-5161
2475,Inhixa 4000IU (40mg)/0.4ml,syringe,Drug,25.38,10,5,2026-07-09,LOTE-2024-5162
305732000000,Centrum Silver multi+Omega 3 Adults 50+,Softgel,Drug,18.03,44,5,2026-07-09,LOTE-2024-5163
2273,Barket 60ml,Gel,Supply,27.91,21,5,2027-07-24,LOTE-2024-5164
2624,super soft foam earplugs,earplugs,Supply,18.41,42,5,2026-08-18,LOTE-2024-5165
3605970000000,juicy tubes kit,face mask ,Supply,11.95,10,5,2026-08-03,LOTE-2024-5166
3606000000000,Cerave Acne foaming cream cleanser,cleanser ,Supply,5.63,23,5,2026-08-18,LOTE-2024-5167
8714560000000,Primavita Formula Lf /400g,milk,Supply,15.2,3,5,2026-09-22,LOTE-2024-5168
2603,protechs quiet contour foam ear plugs,plugs,Supply,5.7,32,5,2027-07-24,LOTE-2024-5169
8435450000000,Kaili 6 Stainless steel ,gweezan,Supply,9.2,20,5,2027-01-20,LOTE-2024-5170
31604031824,super B-complex 365tablet,Tablet,Drug,44.45,10,5,2026-08-18,LOTE-2024-5171
681131000000,"Fish oil 1,000 mg spring valley ",Softgel,Drug,20.82,29,5,2027-01-20,LOTE-2024-5172
6806840000000,Lady diana Nose pack ,plaster,Supply,24.64,41,5,2028-07-13,LOTE-2024-5173
6213200000000,baby foot Easy pack,foot,Supply,39.5,46,5,2027-07-24,LOTE-2024-5174
6921860000000,Back pain ,Pshten ,Supply,44.81,34,5,2026-09-22,LOTE-2024-5175
2605,Hot/cold Pack Microwaveable-resusable medium(230mm*130mm),ice bag ,Supply,26.85,37,5,2028-07-13,LOTE-2024-5176
609333000000,e.l.f charcoal hydrogel under eye mask,Arm Sling ,Supply,36.84,20,5,2027-07-24,LOTE-2024-5177
3433430000000,CeraVe Foaming cleanser +facial moisturising lotion offer,Set,Supply,15.72,8,5,2026-08-03,LOTE-2024-5178
3326,ethanol 70% 100ml,Spray,Supply,14.8,7,5,2026-07-09,LOTE-2024-5179
5000130000000,Dima Alchol pad ,pad,Supply,19.02,6,5,2026-08-18,LOTE-2024-5180
2414,Lonacort 40 mg per ml ,vial,Drug,30.75,11,5,2027-07-24,LOTE-2024-5181
3337,sephora cleansing wipes ,Tooth Spray,Supply,31.18,44,5,2026-08-18,LOTE-2024-5182
8809530000000,H2O1 shower filter,shower,Supply,15.21,18,5,2027-01-20,LOTE-2024-5183
670367000000,acne-clear invisible dots,face mask ,Supply,7.29,42,5,2026-08-03,LOTE-2024-5184
3363,deep sweep 2% bha toner,Toner ,Supply,29.01,29,5,2028-07-13,LOTE-2024-5185
20210500000000,Zara men Silver classic collection,Bud,Supply,7.08,25,5,2026-09-22,LOTE-2024-5186
651987000000,DAMN GIRL,Mascara,Supply,26.66,21,5,2028-07-13,LOTE-2024-5187
2461,risperidone-ozon 4mg,Tablet,Drug,31.66,46,5,2028-07-13,LOTE-2024-5188
2376,Madopar 200mg/50mg,Tablet,Drug,31.98,3,5,2026-07-09,LOTE-2024-5189
301872000000,CeraVe Skin Renewing Cream serum ,Cream,Supply,34.28,18,5,2026-09-22,LOTE-2024-5190
8593090000000,Deflagyn set,vaginal gel ,Drug,39.47,24,5,2026-07-09,LOTE-2024-5191
869637000000,peace out acne 40,Strips.,Supply,23.25,47,5,2028-07-13,LOTE-2024-5192
42603900000000,easymed insulin 0.5ml,syringe,Supply,33.27,38,5,2027-01-20,LOTE-2024-5193
815517000000,bye bye bumps,Set,Supply,28.43,10,5,2026-08-03,LOTE-2024-5194
3196,mini size 5$,Cream,Supply,9.62,27,5,2026-08-03,LOTE-2024-5195
77043000953,ST.Ives Soft skin Scrub Avocado & honey ,Scrub ,Supply,2.62,12,5,2026-09-22,LOTE-2024-5196
8710520000000,truly pampered complete collection,Set,Supply,13.88,7,5,2028-07-13,LOTE-2024-5197
6971380000000,Makeup Sharp eyebrow ,Razor,Supply,20.77,17,5,2027-01-20,LOTE-2024-5198
4059730000000,tiny tip precise brow pen,Pen,Supply,28.34,1,5,2028-07-13,LOTE-2024-5199
2628,Babynice  (18+)m ,mamka mzha,Supply,38.47,26,5,2026-09-22,LOTE-2024-5200
2547,Fusibact B,Cream,Drug,10.04,15,5,2026-07-09,LOTE-2024-5201
8680580000000,Bebeneo Silikon ,Silicone Nipple ,Supply,6.96,33,5,2028-07-13,LOTE-2024-5202
2635,Lasix 500mg /20tab.,Tablet,Drug,43.41,37,5,2026-07-09,LOTE-2024-5203
9004,tetracycline 1% ,,Drug,6.2,47,5,2028-07-13,LOTE-2024-5204
3236240000000,Dovelac mama ,milk,Supply,22.31,31,5,2026-09-22,LOTE-2024-5205
6960260000000,Next-Check blood lancets,Needle,Supply,26.97,35,5,2026-07-09,LOTE-2024-5206
8059150000000,chicco baby shampoo,Shampoo,Supply,25.05,1,5,2027-01-20,LOTE-2024-5207
8802110000000,Oxygen hydrogel contact lenses ,solution,Supply,5.24,8,5,2028-07-13,LOTE-2024-5208
2667,du-dermodin 25g,ointment,Drug,3.98,12,5,2028-07-13,LOTE-2024-5209
2479,Accu-chek Active,Monitor,Supply,6.09,19,5,2026-08-18,LOTE-2024-5210
896364000000,hair protector N3,haircare,Supply,26.97,25,5,2026-08-18,LOTE-2024-5211
2517,Xarelto 10mg,Tablet,Drug,25.18,32,5,2027-01-20,LOTE-2024-5212
2000010000000,Massage Slipper feet,Tool,Supply,11.67,12,5,2027-01-20,LOTE-2024-5213
1904,Trulicity 0.75mg /4pen.,Pen,Drug,29.24,13,5,2027-07-24,LOTE-2024-5214
2350,Vermomark 100mg /6tab.,Tablet,Drug,37.17,28,5,2026-08-18,LOTE-2024-5215
2407,Fertivit,sachet,Drug,3.31,1,5,2028-07-13,LOTE-2024-5216
2529,Ozempic 0.25mg 1 pen,Pen,Drug,23.17,6,5,2027-01-20,LOTE-2024-5217
2663,Magni Bright Magnesium /30caps.,Capsule,Drug,31.49,8,5,2027-07-24,LOTE-2024-5218
3178040000000,taft power gel,Gel,Supply,12.48,4,5,2027-01-20,LOTE-2024-5219
2685,Xshtay hab ,Tool,Supply,14.89,5,5,2026-09-22,LOTE-2024-5220
410702000000000,Motilione ,Syrup,Drug,28.19,25,5,2028-07-13,LOTE-2024-5221
8010160000000,Ginesilver ,vaginal gel ,Drug,40.56,22,5,2027-01-20,LOTE-2024-5222
2679,Differin gel,Gel,Drug,36.73,28,5,2028-07-13,LOTE-2024-5223
10181040740,Cocoa Butter Formula Spray lotion 200g,Spray lotion ,Supply,26.87,39,5,2028-07-13,LOTE-2024-5224
2531,Ranexa 500mg,Tablet,Drug,33.26,23,5,2027-01-20,LOTE-2024-5225
3360,legit lashes double-ended volumizing and lengthening  mascara,Mascara,Supply,17.37,4,5,2027-01-20,LOTE-2024-5226
8719130000000,The retual of ayurveda ristual,Massager,Supply,29.38,4,5,2026-07-09,LOTE-2024-5227
813920000000,face the glow,Massager,Supply,21.78,47,5,2026-07-09,LOTE-2024-5228
5949110000000,Tinca D3 2000IU,Spray,Drug,9.76,21,5,2026-08-18,LOTE-2024-5229
2652,navid Ortho Pediatric Arm Sling code 193,Arm Sling ,Supply,32.03,37,5,2026-08-18,LOTE-2024-5230
2306,Curemed 5cm bandage ,bange,Supply,25.71,41,5,2026-08-18,LOTE-2024-5231
2598,Blomdahl medical beauty nose piercing cassrttes,nose ,Supply,17.1,2,5,2026-09-22,LOTE-2024-5232
2672,Bioderma Photoderm Aquafluide spf50 + Sebium gel,Set,Supply,41.14,7,5,2026-09-22,LOTE-2024-5233
889809000000,bubblesheet ,mask,Supply,2.41,49,5,2026-09-22,LOTE-2024-5234
3166,sephora eye masks shit,mask,Supply,15.24,16,5,2026-08-03,LOTE-2024-5235
3171,hair sleeping mask shit,mask,Supply,3.97,17,5,2026-07-09,LOTE-2024-5236
2643,selenium sulfide 2.5%,Shampoo,Supply,34.84,20,5,2027-01-20,LOTE-2024-5237
2410,Promin 5000iu/5ml ,Ampoule,Drug,32.04,23,5,2027-01-20,LOTE-2024-5238
41554247732,fit me concealer,Concealer ,Supply,15.91,34,5,2026-09-22,LOTE-2024-5239
X0012SN6U3,paradise extatic mascara,Mascara,Supply,30.89,11,5,2027-01-20,LOTE-2024-5240
8717640000000,Dove men + care body and face wash,wash,Supply,18.72,34,5,2027-07-24,LOTE-2024-5241
RP134671,RochPlus 5cm*3m ,plaster,Supply,34.4,33,5,2026-09-22,LOTE-2024-5242
2647,bellababy rechargeable electric Breastpump ,pump,Supply,21.26,26,5,2027-01-20,LOTE-2024-5243
2625,Tennis elbow Support code 181,Bandage,Supply,19.43,2,5,2028-07-13,LOTE-2024-5244
78928179092,Mr. Gummy Omega 3 Adult Gummies,Gummies ,Drug,42.16,23,5,2027-07-24,LOTE-2024-5245
2682,"5% Dextrose Injection, USP 500ml",Injection,Supply,12.41,41,5,2026-09-22,LOTE-2024-5246
840027000000,bomb posse palette,Infusion,Supply,6.74,22,5,2027-01-20,LOTE-2024-5247
3662040000000,Thealoz Duo 10ml,Eye Drop,Drug,26.93,34,5,2026-08-18,LOTE-2024-5248
2130,Hayaderm ,Cream,Drug,43.67,15,5,2027-01-20,LOTE-2024-5249
101311,Ibuprofen Generis 600mg,Tablet,Drug,17.94,10,5,2028-07-13,LOTE-2024-5250
305734000000,centrum silver 125tablet adults,Tablet,Drug,4.2,15,5,2027-01-20,LOTE-2024-5251
745687000000,dovamil Complete Plus 400g,milk,Supply,16.26,42,5,2028-07-13,LOTE-2024-5252
20714984748,CLINIQUE fatigue,Body spray,Supply,23.51,29,5,2026-09-22,LOTE-2024-5253
Auto-938,eliquis 2.5mg,,Drug,8.54,23,5,2028-07-13,LOTE-2024-5254
1944,hidden increase of interview physical examination,foot,Supply,30.13,17,5,2027-01-20,LOTE-2024-5255
2293,Baby test pregnancy test ,Pregnancy Test,Supply,44.9,9,5,2026-07-09,LOTE-2024-5256
2388,Fluoxetine-Ozon,Capsule,Drug,21.15,36,5,2027-01-20,LOTE-2024-5257
2128,Iralzin 1mg ,Tablet,Drug,16.93,9,5,2026-08-18,LOTE-2024-5258
791102000000,Super-Touch Clear Powder free Medium ,gloves,Supply,18.93,16,5,2026-07-09,LOTE-2024-5259
7310610000000,Samarin 30sachet. ,sachet,Drug,6.51,36,5,2027-07-24,LOTE-2024-5260
5902860000000,Hello Nature Kokosol hair mask,Hair mask,Supply,39.92,48,5,2026-08-18,LOTE-2024-5261
2697,pu wound dressing pad,plaster,Supply,19.54,33,5,2027-07-24,LOTE-2024-5262
20714983437,CLINIQUE uneven skin texture,Body spray,Supply,18.35,31,5,2026-08-18,LOTE-2024-5263
8804910000000,Ascada Contact lenses,solution,Supply,30.2,6,5,2026-08-18,LOTE-2024-5264
885190000000,pixi by petra one-the-glow blush,BLUSH,Supply,20.73,10,5,2028-07-13,LOTE-2024-5265
696572000000,Laser white Magnetic Black mask ,mask,Supply,29.7,16,5,2026-09-22,LOTE-2024-5266
305730000000,advil dual action wiyh acetaminophen 18 caplets,Caplet,Supply,4.17,4,5,2027-01-20,LOTE-2024-5267
5060880000000,15% vitamin c and EGF serum 30ml,serum,Supply,36.9,22,5,2027-01-20,LOTE-2024-5268
2554,Gliclazide MR-Ozon 60mg,Tablet,Supply,42.41,13,5,2027-01-20,LOTE-2024-5269
5015830000000,Balance Niacinamide Blemish recovery serum ,serum,Supply,29.72,16,5,2028-07-13,LOTE-2024-5270
WZ08NN,MIAMO micellar cleansing water ,cleanser ,Supply,43.02,29,5,2027-01-20,LOTE-2024-5271
2735,Samadol Cold & flu day,Tablet,Drug,8.09,6,5,2026-09-22,LOTE-2024-5272
VVQZK5,Emacrit,Capsule,Drug,22.27,26,5,2028-07-13,LOTE-2024-5273
2523,J-cain Lidocaine 79.9% /500g,Cream,Supply,27.68,11,5,2026-08-18,LOTE-2024-5274
-15266092,Priorin 270capsule,Capsule,Drug,26.81,24,5,2027-01-20,LOTE-2024-5275
70501027004,neutrogena alcohol-free toner 250ml,Toner ,Supply,18.96,29,5,2028-07-13,LOTE-2024-5276
5056310000000,bloomin lovely,Massager,Supply,16.21,3,5,2027-01-20,LOTE-2024-5277
2676,Endoblast sterile syringe for 60ml single use-catheter tip ,syringe,Supply,7.02,10,5,2027-07-24,LOTE-2024-5278
8012980000000,eye pads,,Supply,18.54,1,5,2027-01-20,LOTE-2024-5279
2687,betason 15g,ointment,Drug,8.58,43,5,2027-07-24,LOTE-2024-5280
8809710000000,pore clearing facial foam 150ml,cleanser ,Supply,33.44,26,5,2028-07-13,LOTE-2024-5281
3474640000000,nutritive 8h magic night serum,serum,Supply,10.58,12,5,2026-08-18,LOTE-2024-5282
887167000000,ESTEE LAUDER advanced night repair 30ml,serum,Supply,4.05,14,5,2026-08-18,LOTE-2024-5283
X72VL9,oil free gel ultra mattifier,Gel,Supply,25.53,25,5,2026-09-22,LOTE-2024-5284
853290000000,DERMAFLASH dermapore,device,Supply,27.39,8,5,2027-07-24,LOTE-2024-5285
3230,ASCADA eye lenses,eye lenses,Supply,39.43,43,5,2026-08-18,LOTE-2024-5286
2631,External catheter Xl,condoms,Supply,26.6,4,5,2026-07-09,LOTE-2024-5287
2432,Imipenem/Cilastatine 500mg/500mg,vial,Drug,16.53,28,5,2026-09-22,LOTE-2024-5288
3180,estee lauder advanced night reapir serum 7ml,serum,Supply,36.43,7,5,2028-07-13,LOTE-2024-5289
2744,dermodem ,Cream,Drug,25.0,10,5,2027-01-20,LOTE-2024-5290
2566,Sustanon 250mg,Injection,Supply,4.95,36,5,2026-09-22,LOTE-2024-5291
2449,Tolperisone-ozon 150mg,Tablet,Drug,26.11,2,5,2026-08-18,LOTE-2024-5292
1770,Ammorel 100mg ,Capsule,Drug,41.0,26,5,2026-09-22,LOTE-2024-5293
192333000000,even better all-over concealer+eraser,Concealer ,Supply,18.74,14,5,2026-08-18,LOTE-2024-5294
2592,paci clip,clip,Supply,14.39,16,5,2026-08-03,LOTE-2024-5295
2642,Psoretin 25mg,Capsule,Drug,7.74,43,5,2028-07-13,LOTE-2024-5296
2734,Concor 5mg/2sheet,Tablet,Drug,8.09,42,5,2028-07-13,LOTE-2024-5297
RP134672,RochPlus 2.5cm*3m ,plaster,Supply,20.33,17,5,2026-08-18,LOTE-2024-5298
42182658,Vaseline pure petroleum jelly original,vaseline ,Supply,27.41,46,5,2026-08-03,LOTE-2024-5299
5903970000000,Vion Sunscreen Spf 50 Invisible fluid ,sunscreen,Supply,5.01,22,5,2026-09-22,LOTE-2024-5300
303160000000,PanOxyl acne Creamy wash 4% 170g,Face Wash Cream ,Supply,42.37,4,5,2026-09-22,LOTE-2024-5301
2749,Mena step pregnancy test ,Pregnancy Test,Supply,34.35,19,5,2026-08-18,LOTE-2024-5302
37000866800,old spice body wash,shower,Supply,27.02,2,5,2026-09-22,LOTE-2024-5303
2152,Snore Stopper large,Tool,Supply,37.54,39,5,2026-08-18,LOTE-2024-5304
1223,Hot & Cold pack,ice bag ,Supply,4.99,9,5,2027-07-24,LOTE-2024-5305
3605980000000,Rare earth deep pore cleansing masque,mask,Supply,22.24,19,5,2027-07-24,LOTE-2024-5306
2759,Girawa,soap,Drug,28.91,16,5,2027-01-20,LOTE-2024-5307
8682520000000,Trime 2 ,Tablet,Drug,37.55,25,5,2026-09-22,LOTE-2024-5308
2747,Lyramycin (Gentamicin ) 80mg/2ml,Ampoule,Drug,35.58,48,5,2028-07-13,LOTE-2024-5309
857122000000,exfoliating hammam glove,gloves,Supply,13.55,18,5,2028-07-13,LOTE-2024-5310
2399,vaselina lip therapies ,lip moiturising,Supply,42.43,23,5,2026-08-18,LOTE-2024-5311
846733000000,iconic palette library,face mask ,Supply,6.91,21,5,2026-08-18,LOTE-2024-5312
2436,methycobal 500 ug,Tablet,Drug,39.57,11,5,2027-01-20,LOTE-2024-5313
20714222857,dramatically different moisturizing gel  ,Gel,Supply,43.74,39,5,2026-08-03,LOTE-2024-5314
WZ08N8,MIAMO AHA/BHA purifying cleanser,cleanser ,Supply,9.21,41,5,2026-09-22,LOTE-2024-5315
2729,Keppra 100mg/ml 300ml,Syrup,Drug,32.91,4,5,2027-01-20,LOTE-2024-5316
2623,Thigh highs open toe ,foot,Supply,3.25,25,5,2027-01-20,LOTE-2024-5317
2429,Lorine,Tablet,Drug,19.14,32,5,2026-09-22,LOTE-2024-5318
6263330000000,Kodex nach condoms,condoms,Supply,23.96,30,5,2027-01-20,LOTE-2024-5319
1937,Marflow longlife catheter 20 2-way,catheter,Supply,26.76,45,5,2028-07-13,LOTE-2024-5320
2739,Reducar 20mg,Capsule,Drug,42.21,26,5,2026-08-18,LOTE-2024-5321
2171,Super viga 400000,Spray,Drug,30.74,36,5,2027-01-20,LOTE-2024-5322
2745,T-Sporin ,Eye Drop,Drug,22.44,34,5,2026-07-09,LOTE-2024-5323
3253580000000,loccitane en provence 1o days of hanf cream,Cream,Supply,36.72,9,5,2026-08-03,LOTE-2024-5324
2386,Mysoline 250mg,Tablet,Drug,42.85,12,5,2027-01-20,LOTE-2024-5325
97298013829,the fastest easiest way ....,,Supply,2.46,2,5,2026-08-03,LOTE-2024-5326
2718,Hair-Vit,Softgel,Drug,44.24,38,5,2026-07-09,LOTE-2024-5327
3348900000000,dior addict lip glow 001 pink,lip oil,Supply,5.25,5,5,2026-08-18,LOTE-2024-5328
729239000000,shiseido facial cotton 165 cotton,Cotton,Supply,36.93,5,5,2027-01-20,LOTE-2024-5329
840732000000,nest madagascar vanilla perfume oil,oil,Supply,13.69,22,5,2027-07-24,LOTE-2024-5330
71031252201,Pearlie white breathSpray SpearMint,Spray,Supply,7.25,5,5,2026-08-18,LOTE-2024-5331
2568,Rivotril 0.5mg /20tab.,Tablet,Drug,20.63,4,5,2027-01-20,LOTE-2024-5332
2770,Hi calamine lotion 200ml,lotion,Supply,29.51,9,5,2026-08-18,LOTE-2024-5333
5707280000000,Neon Waterproof Plaster ,plaster,Supply,18.07,29,5,2027-01-20,LOTE-2024-5334
2738,Glutril M 500mg/2mg,Tablet,Drug,3.87,22,5,2026-09-22,LOTE-2024-5335
1306,Nail Clipper,nail clipper,Supply,27.58,27,5,2027-01-20,LOTE-2024-5336
817023000000,"minoxidil topical aerosol,5% for women 60g",Foam,Supply,40.75,10,5,2028-07-13,LOTE-2024-5337
2713,Mena vix Salicylic acid corn removal plasters ,plaster,Supply,18.17,16,5,2028-07-13,LOTE-2024-5338
2777,AS-Allermeen,Syrup,Drug,10.91,42,5,2026-07-09,LOTE-2024-5339
6262910000000,Folic Acid Gold 1mg,Tablet,Drug,20.75,42,5,2028-07-13,LOTE-2024-5340
7612800000000,Vigamox 5mg/ml ,Eye Drop,Drug,3.6,10,5,2026-08-03,LOTE-2024-5341
736659000000,deluxe detangler brush,Brush,Supply,37.19,6,5,2028-07-13,LOTE-2024-5342
2402,Tagipment XR 50mg/1000mg,Tablet,Drug,37.45,49,5,2026-08-18,LOTE-2024-5343
2627,N7 friming booster serum 30ml,serum,Supply,27.08,5,5,2026-09-22,LOTE-2024-5344
8904310000000,Tekomol ,Tablet,Drug,16.86,6,5,2026-08-03,LOTE-2024-5345
2733,Steri-Strip 3M,,Drug,36.29,47,5,2026-08-03,LOTE-2024-5346
2701,EELHOE Baby Waterproof Ear Stickers 30PCS ,plaster,Supply,25.63,25,5,2027-07-24,LOTE-2024-5347
810023000000,pore perfecting trio,Massager,Supply,37.43,4,5,2028-07-13,LOTE-2024-5348
2661,Aolixin Disposable face mask black,face mask ,Supply,28.97,40,5,2027-01-20,LOTE-2024-5349
2577,Solvex 4mg/5ml /100ml,Syrup,Drug,35.62,48,5,2027-07-24,LOTE-2024-5350
22796976116,ogx  shampoo,Shampoo,Supply,27.54,32,5,2027-07-24,LOTE-2024-5351
3760080000000,EXFOLIATING SHOWER GEL 940ML,shower,Supply,19.52,35,5,2026-08-18,LOTE-2024-5352
8681470000000,mcc Disposable Latex medium ,gloves,Supply,43.17,10,5,2026-07-09,LOTE-2024-5353
6901110000000,Vinyl Glove Medium spi awe,gloves,Supply,25.04,34,5,2026-07-09,LOTE-2024-5354
2804,Mucozon 15mg/5ml,Syrup,Drug,27.82,36,5,2026-09-22,LOTE-2024-5355
2779,Tetanus gamma 250IU/1ml,syringe,Drug,11.09,6,5,2026-08-18,LOTE-2024-5356
2789,Portable Electric Breast pump ,pump,Supply,28.72,43,5,2026-08-03,LOTE-2024-5357
2690,Citro Gran ,sachet,Drug,26.36,46,5,2026-08-18,LOTE-2024-5358
722510000000,healthy feet cream guaranteed relife 91g,Cream,Supply,9.54,16,5,2026-08-03,LOTE-2024-5359
2664,Gvsoft 1,Suppository,Drug,4.09,19,5,2028-07-13,LOTE-2024-5360
6281080000000,Riachol,eye ointment,Drug,27.79,34,5,2026-08-03,LOTE-2024-5361
4064940000000,kylie pressed blush powder,Blush,Supply,34.72,25,5,2027-01-20,LOTE-2024-5362
7322540000000,Tena Men level 2,pad,Supply,24.27,31,5,2027-01-20,LOTE-2024-5363
UANO03,Anorol Paracetamol & Orphenadrine Citrate 100tab.,Tablet,Drug,11.36,49,5,2027-01-20,LOTE-2024-5364
2743,Podowart ,solution,Drug,30.49,41,5,2026-08-03,LOTE-2024-5365
8681180000000,Swaddlebabby ,Silicone Nipple ,Supply,4.98,17,5,2026-09-22,LOTE-2024-5366
2680,Molfix Izotonik Sulu 60adet ,cleanser ,Supply,20.72,47,5,2026-08-03,LOTE-2024-5367
2579,Glipita-M 50/1000 /30tab,Tablet,Drug,8.61,30,5,2026-09-22,LOTE-2024-5368
4045610000000,Brisk bart-shampoo 150ml ,Shampoo,Supply,9.52,39,5,2026-08-18,LOTE-2024-5369
4388860000000,sensitiv feuchtes toilettenpapier,cleanser ,Supply,10.3,31,5,2027-01-20,LOTE-2024-5370
2377,Madopar 100mg/25mg,Tablet,Drug,18.32,19,5,2027-01-20,LOTE-2024-5371
2845,Cinnatropin 10mg/1.5ml (pack=6pen),Injection,Drug,3.73,35,5,2027-01-20,LOTE-2024-5372
5012380000000,Nexplanon 68mg Asli,,Drug,18.8,29,5,2026-09-22,LOTE-2024-5373
2599,betnovate scalp application 30ml ,solution,Drug,23.76,1,5,2026-09-22,LOTE-2024-5374
2801400000000,Tagamet 200mg/2ml ,Ampoule,Drug,22.52,4,5,2027-07-24,LOTE-2024-5375
2819,Xolair amp,Ampoule,Supply,18.15,28,5,2026-08-18,LOTE-2024-5376
6210840000000,pizofen ,Tablet,Drug,38.0,18,5,2027-07-24,LOTE-2024-5377
2686,Zita-Met plus 20mg/500mg,Tablet,Drug,7.82,26,5,2027-07-24,LOTE-2024-5378
6938310000000,Cixi Shuangjia Electric,hot bag,Supply,23.5,40,5,2026-09-22,LOTE-2024-5379
2821,Rogaine Men 5% Minoxidil Foam,Foam,Supply,4.2,19,5,2026-08-18,LOTE-2024-5380
2500,Deanipyx,Tablet,Drug,4.6,6,5,2026-09-22,LOTE-2024-5381
4900020000000,Van-Para 125mg,Suppository,Drug,26.46,1,5,2026-08-03,LOTE-2024-5382
20048800000000,zara sweet daiquir 100 ml,Perfume,Supply,26.12,8,5,2026-07-09,LOTE-2024-5383
1691,ZolidPlus 15mg/850mg,Tablet,Drug,39.69,33,5,2026-08-03,LOTE-2024-5384
2644,Ikare Double Electric Breast pump ,machine ,Supply,25.77,43,5,2026-08-18,LOTE-2024-5385
16500554349,flintstones complete,Gummies ,Drug,43.25,21,5,2027-01-20,LOTE-2024-5386
2381,Clonex 100mg ,Tablet,Drug,3.62,24,5,2027-07-24,LOTE-2024-5387
809958000000,Medihoney HCS Surgical,Patch,Drug,5.76,25,5,2026-08-18,LOTE-2024-5388
Auto-982,Ezufix 10mg,Tablet,Drug,3.42,47,5,2028-07-13,LOTE-2024-5389
8683560000000,HonorMama Plus omega 3,Tablet,Drug,9.56,43,5,2028-07-13,LOTE-2024-5390
8699380000000,Itchi Derm 100ml lotion,lotion,Supply,25.05,19,5,2028-07-13,LOTE-2024-5391
2861,Health Vision 30cap,Capsule,Drug,29.58,29,5,2027-07-24,LOTE-2024-5392
2756,Tad 600mg/4ml,Ampoule,Drug,3.48,10,5,2026-09-22,LOTE-2024-5393
2540,Januvia 100mg Tablet MSD ,Tablet,Drug,42.65,12,5,2026-08-03,LOTE-2024-5394
2830,Amoxidin 500mg ,vial,Drug,38.13,33,5,2027-01-20,LOTE-2024-5395
4154190000000,Scav 12mg /4tab.,Tablet,Drug,14.4,7,5,2027-01-20,LOTE-2024-5396
10181025310,palmers olive oil shampoo,Shampoo,Supply,4.86,17,5,2027-07-24,LOTE-2024-5397
10181025327,palmers olive oil conditioner,Conditioner,Supply,8.89,10,5,2028-07-13,LOTE-2024-5398
2763,Neurobion,Ampoule,Drug,7.02,31,5,2027-01-20,LOTE-2024-5399
850032000000,peace out pores 4sheet,Strips.,Supply,6.86,6,5,2026-09-22,LOTE-2024-5400
8153220000000,Noor Gold Hair removal cream Normal skin,hair removal,Supply,24.06,17,5,2026-08-18,LOTE-2024-5401
2730,Feburic 80mg ,Tablet,Drug,12.19,37,5,2026-07-09,LOTE-2024-5402
6930520000000,Kalena Blades For Women ,Razor,Supply,17.08,18,5,2027-01-20,LOTE-2024-5403
8055510000000,Rilastil Acnestil Attiva 40ml ,Cream,Supply,44.54,26,5,2027-01-20,LOTE-2024-5404
628043000000,VigRX Oil for men,oil,Supply,31.27,49,5,2027-07-24,LOTE-2024-5405
800897000000,nyx HD studio photogenic concealer,Concealer ,Supply,42.78,16,5,2027-01-20,LOTE-2024-5406
3362,murad renewal eye serum 15ml,serum,Supply,7.7,8,5,2028-07-13,LOTE-2024-5407
5060140000000,orginal beard care kit,Massager,Supply,18.12,24,5,2027-01-20,LOTE-2024-5408
2678,med conforming Elastic bandage 7.5cm*4.5yards,bandage,Supply,25.63,13,5,2027-07-24,LOTE-2024-5409
3666060000000,collection double serum,Massager,Supply,4.84,29,5,2026-08-03,LOTE-2024-5410
2320,Hydrocortison vuab 100mg,vial,Drug,1.68,32,5,2028-07-13,LOTE-2024-5411
6970530000000,SidraDoux Together ,condoms,Supply,30.66,24,5,2027-01-20,LOTE-2024-5412
2750,bioderma aquafluide tiented + GEL ,offer,Supply,29.42,16,5,2026-08-18,LOTE-2024-5413
2493,Tritace 5mg,Tablet,Drug,19.37,11,5,2026-08-18,LOTE-2024-5414
22400393681,Tresemme Smooth & Silky 48hr ,Shampoo,Supply,22.8,32,5,2028-07-13,LOTE-2024-5415
400022000000,sephora facial razor razore,Razor,Supply,19.57,6,5,2026-07-09,LOTE-2024-5416
2426,Rhein Pharma Omega kidz,liquid,Drug,2.54,35,5,2026-09-22,LOTE-2024-5417
6211330000000,Viramed 100ml ,Syrup,Drug,16.09,33,5,2026-09-22,LOTE-2024-5418
16500541189,one a day mens pro edge 50tablet,Tablet,Supply,9.2,18,5,2027-01-20,LOTE-2024-5419
2867,Multi-Alarm Pills Reminder ,Tool,Supply,5.78,37,5,2027-07-24,LOTE-2024-5420
2720,Lotemax ,Eye Drop,Drug,43.12,13,5,2026-09-22,LOTE-2024-5421
858158000000,olly multi+probiotic 70 gummies,Gummies ,Drug,27.57,10,5,2026-09-22,LOTE-2024-5422
8019650000000,RAZZO masque 1000ml,mask,Supply,33.2,37,5,2028-07-13,LOTE-2024-5423
840123000000,dewy liquid blush,liquid blush ,Supply,15.22,26,5,2027-07-24,LOTE-2024-5424
5903730000000,minagrow Complete,milk,Supply,18.6,46,5,2028-07-13,LOTE-2024-5425
27917016290,gummy vites daily multivitamin ,Gummies ,Drug,11.81,17,5,2026-09-22,LOTE-2024-5426
3129,BODY MIST SPRAY,Spray,Supply,5.72,1,5,2026-08-18,LOTE-2024-5427
2800770000000,Septoclear Tears,Eye Drop,Drug,9.29,25,5,2026-09-22,LOTE-2024-5428
4260160000000,Hirudoid gel ,Gel,Drug,36.19,34,5,2027-07-24,LOTE-2024-5429
2780,Massager pen df-618,Tool,Supply,30.97,39,5,2026-08-03,LOTE-2024-5430
2593,Peptazol 30mg/14cap.,Capsule,Drug,25.29,10,5,2026-08-18,LOTE-2024-5431
8809640000000,glowy makeup serum 30ml,serum,Supply,22.17,20,5,2026-07-09,LOTE-2024-5432
2477,Setare Salamat finger toothbrush,toothbrush,Supply,41.63,7,5,2026-09-22,LOTE-2024-5433
2871,Bioderma Sensibio Gel moussant + sensibio H2O,Set,Supply,4.66,16,5,2027-07-24,LOTE-2024-5434
84115225,Pectol ginger-Propolis Flavour + vitamin C ,lozenges,Drug,13.71,37,5,2026-07-09,LOTE-2024-5435
2806,Levorux 500mg 7tab.,Tablet,Drug,16.72,29,5,2027-01-20,LOTE-2024-5436
3258,LANEIGE lip sleeping mask berry 20g,mask,Supply,35.54,12,5,2028-07-13,LOTE-2024-5437
8681310000000,Enbrel pen 50mg \ Turkey,Pen,Drug,44.67,17,5,2026-08-18,LOTE-2024-5438
20210200000000,Vetiver Pamplemousse zara emotions ,Bud,Supply,11.97,48,5,2027-01-20,LOTE-2024-5439
1999,Betnasum-D,Cream,Drug,39.53,20,5,2028-07-13,LOTE-2024-5440
6972060000000,Travel wash cup ,Cup,Supply,37.63,26,5,2028-07-13,LOTE-2024-5441
70942503051,G.U.M  305,,Supply,11.27,48,5,2026-08-18,LOTE-2024-5442
7798020000000,Urodif Duo,Capsule,Drug,18.87,19,5,2026-08-03,LOTE-2024-5443
X001CAFALJ,Anjou Oral Irrigator,Oral Irrigator ,Supply,19.32,47,5,2026-08-03,LOTE-2024-5444
50052806,Simple Sensitive Skin Experts ,face wash gel,Supply,44.05,12,5,2027-07-24,LOTE-2024-5445
850024000000,l.ys beauty triple fix serum foundation,Foundation ,Supply,9.37,21,5,2027-07-24,LOTE-2024-5446
76460000164,natures bounty kids disnep frozen multivitamin 200 gummies,Gummies ,Drug,36.26,42,5,2027-01-20,LOTE-2024-5447
2736,Samadol night,Tablet,Drug,16.04,34,5,2026-09-22,LOTE-2024-5448
2476,Inhixa 6000IU (60mg)/0.6ml,syringe,Drug,33.29,7,5,2026-08-18,LOTE-2024-5449
1930,med conforming Elastic bandage 5cm*4.5yards,Bandage,Supply,19.77,45,5,2027-01-20,LOTE-2024-5450
3784,Zinir 125mg/5ml (80ml),Suspension,Drug,26.66,35,5,2026-09-22,LOTE-2024-5451
9555540000000,Betamox 500mg/vial  ,vial,Drug,37.72,15,5,2027-07-24,LOTE-2024-5452
2894,du-dermodin 25g cream,Cream,Drug,36.48,1,5,2026-09-22,LOTE-2024-5453
3128,VICTORIAS SECRET LOTION PARFUMME,lotion,Supply,39.19,26,5,2026-09-22,LOTE-2024-5454
2514,Forever Aloe-Jojoba shampoo 296ml,Shampoo,Supply,4.09,35,5,2026-08-18,LOTE-2024-5455
3600550000000,DESSANGE hair mask,mask,Supply,31.6,25,5,2026-08-18,LOTE-2024-5456
8906070000000,Flupentixol Injection BP20mg ,Ampoule,Drug,7.59,42,5,2026-08-18,LOTE-2024-5457
2859,Desmonix,Nasal Spray,Drug,19.59,15,5,2026-08-03,LOTE-2024-5458
838600000000,Clotrim 20ml ,solution,Drug,25.36,22,5,2026-09-22,LOTE-2024-5459
6210160000000,Colon.Clean ,sachet,Drug,19.02,6,5,2026-07-09,LOTE-2024-5460
2574,Urispas 200mg /30tab.,Tablet,Drug,24.1,15,5,2026-08-18,LOTE-2024-5461
2689,Strattera 25mg capsule \ Turkey,Capsule,Drug,44.85,24,5,2027-07-24,LOTE-2024-5462
2722,Estradiol valerate 10,Ampoule,Drug,7.38,21,5,2026-09-22,LOTE-2024-5463
6007220000000,Bennetts baby bum cream,Cream,Supply,30.88,7,5,2027-01-20,LOTE-2024-5464
27917009179," Paw Complete Multivitamin Gummies, ",Gummies ,Drug,18.73,29,5,2027-07-24,LOTE-2024-5465
8388780000000,PregnaGrow,Capsule,Drug,7.29,32,5,2027-01-20,LOTE-2024-5466
6957680000000,Golden time Ovulation test ,test,Supply,8.41,32,5,2028-07-13,LOTE-2024-5467
892245916,Eutirox 75mcg ,Tablet,Drug,42.79,5,5,2026-07-09,LOTE-2024-5468
651986000000,Born This Way Super Coverage Multi-Use Longwear ,Concealer ,Supply,39.76,4,5,2027-07-24,LOTE-2024-5469
3380810000000,clarins 100.5 skin illusion,Foundation ,Supply,40.96,22,5,2028-07-13,LOTE-2024-5470
2783,Lidomax cream 15g,Cream,Drug,44.63,18,5,2028-07-13,LOTE-2024-5471
2536,nystacort cream ,Cream,Drug,10.56,35,5,2026-08-18,LOTE-2024-5472
70501113493,Neutrogena hydro boost trial size,Cream,Supply,16.96,17,5,2026-09-22,LOTE-2024-5473
2496,tenormin 50mg /28tab.,Tablet,Drug,30.61,24,5,2026-08-18,LOTE-2024-5474
2885,"Perfectil Original Skin,Hair,Nails",Tablet,Drug,22.55,2,5,2027-01-20,LOTE-2024-5475
2740,Ozempic 1mg,Pen,Drug,19.7,13,5,2027-07-24,LOTE-2024-5476
5060830000000,Medwise Super Biotin 10.000mcg ,Tablet,Drug,17.06,15,5,2026-09-22,LOTE-2024-5477
Auto-162,Lipitor 10mg Asly,Tablet,Drug,27.33,5,5,2027-01-20,LOTE-2024-5478
A000126,lamictal 100mg be code,,Drug,26.54,3,5,2027-01-20,LOTE-2024-5479
X001QEX561,cosrx advanced snail 96 ,serum,Supply,8.52,37,5,2026-09-22,LOTE-2024-5480
8004640000000,Memoria,Capsule,Drug,22.02,37,5,2028-07-13,LOTE-2024-5481
2527,Dermovate 0.05% scalp application 25ml,lotion,Drug,25.58,37,5,2027-07-24,LOTE-2024-5482
843628000000,patrick ta creme & powder blush shes that grirl,Blush,Supply,26.31,3,5,2026-08-03,LOTE-2024-5483
400011000000,sephora retractable eyeliner ,Oral paste,Supply,10.64,35,5,2027-01-20,LOTE-2024-5484
20714598907,clinique dermatically different lotion,Body spray,Supply,33.79,23,5,2026-08-18,LOTE-2024-5485
851359000000,one two lash magnatic lashes natural half,Lashes ,Supply,2.6,28,5,2027-01-20,LOTE-2024-5486
5060780000000,Dr.Vegan Ashwagandha KSM-66 /30cap.,Capsule,Drug,16.94,30,5,2028-07-13,LOTE-2024-5487
2784,Samaphenicol,eye ointment,Drug,35.44,18,5,2028-07-13,LOTE-2024-5488
2604,Armpit pad ,pad,Supply,26.03,36,5,2026-09-22,LOTE-2024-5489
5901330000000,Chela-Ferr easy,sachet,Drug,12.86,33,5,2026-08-18,LOTE-2024-5490
2870,bioderma sebium gel + Sebium H2O,Set,Supply,31.73,26,5,2026-08-18,LOTE-2024-5491
7680670000000,Bedranol 40mg,Tablet,Drug,26.18,48,5,2027-01-20,LOTE-2024-5492
8427320000000,Systane Lubricating eye drop ,Eye Drop,Drug,36.14,40,5,2026-08-03,LOTE-2024-5493
2887,LYumjev kwikpen 10IU/ml ,Pen,Drug,33.47,17,5,2027-01-20,LOTE-2024-5494
4893960000000,PinjiaMedtek Gloves Medium,gloves,Supply,28.04,40,5,2026-07-09,LOTE-2024-5495
767332000000,Murad clarifying cleanser 200ml,cleanser ,Supply,22.74,7,5,2026-09-22,LOTE-2024-5496
3300,NATURE SPELL OIL,oil,Supply,7.29,8,5,2026-08-18,LOTE-2024-5497
2839,Fuecitalo 20mg,Tablet,Drug,12.87,31,5,2028-07-13,LOTE-2024-5498
3614270000000,LANCOME UV EXPERT aquagel defense spf50,sunscreen,Supply,19.73,12,5,2027-07-24,LOTE-2024-5499
3371,LANEIGE lip sleeping mask sweet candy 8g,mask,Supply,27.57,43,5,2026-09-22,LOTE-2024-5500
37000123453,secret shower fresh 24 hr invisible solid 73g,solid,Supply,23.85,31,5,2026-08-03,LOTE-2024-5501
41507050242,thayers facial toner coconut water 251ml,Toner ,Supply,14.04,44,5,2027-01-20,LOTE-2024-5502
94800356429,Stila magic marble beauty bundle,Massager,Supply,1.78,19,5,2026-08-18,LOTE-2024-5503
810005000000,womens multi 60 capsules,Capsule,Drug,23.09,10,5,2027-01-20,LOTE-2024-5504
173UU3,Fasto 80mg,sachet,Drug,13.92,39,5,2027-07-24,LOTE-2024-5505
3758,Soft Cervical Coller,Coller,Supply,33.46,12,5,2027-01-20,LOTE-2024-5506
5050850000000,Asada Granulated Sweetener,Granules,Drug,2.54,20,5,2027-01-20,LOTE-2024-5507
3146,tarte rainforest of the sea cleansing gel,Gel,Supply,26.94,37,5,2027-01-20,LOTE-2024-5508
Auto-546,"dibase 50,000",,Drug,42.45,48,5,2028-07-13,LOTE-2024-5509
5060330000000,airbrush flawless finish powder shade 1-fair,powder,Supply,9.09,41,5,2028-07-13,LOTE-2024-5510
0U1KV2,"xatral 2,5mg",Tablet,Drug,22.02,7,5,2027-01-20,LOTE-2024-5511
789555000000,isomycin 500mg ,Tablet,Drug,5.48,14,5,2026-09-22,LOTE-2024-5512
2775,ApoVital Biotin 2500mcg,Tablet,Drug,28.72,11,5,2026-09-22,LOTE-2024-5513
2660,Feldene 20mg/ml 3amp.,Ampoule,Drug,25.45,7,5,2026-08-18,LOTE-2024-5514
3324,makeup sponges & brushes cleanser 100ml,cleanser ,Supply,19.22,29,5,2027-01-20,LOTE-2024-5515
2937,Lidora SPf 50+ oil free sun protection tinted,sunscreen,Supply,24.18,10,5,2027-01-20,LOTE-2024-5516
3703300000000,Alova Hair greasy shampoo 800ml,Shampoo,Supply,40.5,29,5,2026-08-03,LOTE-2024-5517
84115232,Pectol herbal Flavour + vitamin C ,lozenges,Drug,10.04,9,5,2026-08-18,LOTE-2024-5518
2702,Baby nasal Aspirator,Nasal Aspirator ,Supply,2.48,36,5,2026-09-22,LOTE-2024-5519
6430040000000,Noogam,Capsule,Drug,38.98,48,5,2028-07-13,LOTE-2024-5520
2562,Milk collector 250ml ,bag,Supply,26.6,10,5,2027-01-20,LOTE-2024-5521
787907000000,Afrafast 50mg ,sachet,Drug,40.24,19,5,2027-01-20,LOTE-2024-5522
6931610000000,sheglam color bloom liquid blush,Blush,Supply,27.47,31,5,2026-09-22,LOTE-2024-5523
2936,Lidora SPf 50+ oil free sun protection cream,sunscreen,Supply,36.74,17,5,2027-01-20,LOTE-2024-5524
2942,Lidora Caviar face serum repairing moisturizer,serum,Supply,20.19,9,5,2026-09-22,LOTE-2024-5525
16500586982,ONE A DAY womens complete multivitamin 100tab,Tablet,Drug,34.12,45,5,2027-01-20,LOTE-2024-5526
74312357107,"natures bounty hair,skin&nails 150 softgels",Softgel,Drug,41.22,33,5,2026-08-03,LOTE-2024-5527
X0034LQENP,powdeer puff face soft tri..tools,Sponge,Supply,26.39,34,5,2026-09-22,LOTE-2024-5528
810022000000,revealer super creamy+brightening concealer,Concealer ,Supply,9.36,45,5,2026-08-18,LOTE-2024-5529
2860,BATH & BODY WORKS body mis,mist,Supply,13.19,24,5,2026-09-22,LOTE-2024-5530
8429420000000,Fotoprotector Isdin UV mineral brush spf 50,Cream,Supply,10.14,9,5,2028-07-13,LOTE-2024-5531
2699,Zita-Met forte 20mg/1000mg,Tablet,Drug,12.24,7,5,2026-08-18,LOTE-2024-5532
2933,Salbutamol 2mg ,Tablet,Drug,14.83,16,5,2026-09-22,LOTE-2024-5533
2846,Adhesive Eyes Plaster 50PCs ,pad,Supply,25.65,19,5,2027-01-20,LOTE-2024-5534
5900630000000,Scholl pieta pata 42.5-45,foot,Supply,27.08,39,5,2028-07-13,LOTE-2024-5535
5908280000000,ScarSilc advanced Silicone gel for scars,Gel,Supply,20.05,6,5,2026-09-22,LOTE-2024-5536
9555030000000,Winamol paracetamol 100mg/ml,drop,Drug,28.27,11,5,2027-07-24,LOTE-2024-5537
8006280000000,Hilory ,Capsule,Drug,5.05,12,5,2028-07-13,LOTE-2024-5538
2979,Blopress 8 plus,Tablet,Drug,5.32,42,5,2026-09-22,LOTE-2024-5539
2969,Disposable protective mask black /50pcs. ,face mask ,Supply,8.97,13,5,2026-09-22,LOTE-2024-5540
804239,Ibuprofen Generis 20mg/ml  /200ml,Suspension,Drug,24.04,12,5,2026-09-22,LOTE-2024-5541
2814,parlodel 2.5mg 30tablet ,Tablet,Drug,10.81,21,5,2027-07-24,LOTE-2024-5542
2675,vansunmed Disposable Sterile Syringe 50ml ,syringe,Supply,13.82,10,5,2026-07-09,LOTE-2024-5543
2950,darman pajooh Goshay danishtn,Gosha,Supply,18.91,20,5,2026-09-22,LOTE-2024-5544
2799,blopress 16mg plus / takeda ,Tablet,Drug,36.82,36,5,2027-01-20,LOTE-2024-5545
2654,Sport Abdominal Binder ,Pshten ,Supply,2.1,28,5,2027-01-20,LOTE-2024-5546
3779,Miconal Shower gel 200ml,Shower Gel ,Supply,29.75,24,5,2026-09-22,LOTE-2024-5547
5060220000000,Optilube 42g,lubricant ,Supply,30.6,5,5,2027-01-20,LOTE-2024-5548
6973650000000,snte hair wax sticks 75g,Sticks,Supply,36.24,37,5,2026-08-18,LOTE-2024-5549
3800010000000,Mediskin repellent Anti-bite for kids 100ml,Spray,Supply,42.07,12,5,2026-09-22,LOTE-2024-5550
2760,Soft Bristles brushheads ,toothbrush,Supply,2.38,35,5,2027-01-20,LOTE-2024-5551
5056450000000,AIRbrush brightening flawless finish powder,powder,Supply,8.19,40,5,2028-07-13,LOTE-2024-5552
3141, Hollywood flawless filter,Foundation ,Supply,40.05,2,5,2026-08-18,LOTE-2024-5553
2403,Million Care Anti decubitus pump & mattress System ,machine ,Supply,21.45,41,5,2028-07-13,LOTE-2024-5554
6213030000000,Spiradent,Tablet,Drug,26.06,45,5,2027-01-20,LOTE-2024-5555
30106659,La roche-posay Cicaplast levres ,Lip balm ,Supply,30.34,39,5,2026-07-09,LOTE-2024-5556
3131,zwitsal lotion klinisch getest,cleanser ,Supply,31.04,42,5,2027-07-24,LOTE-2024-5557
2977,Depo-Medrol 80mg,vial,Drug,42.03,9,5,2026-07-09,LOTE-2024-5558
8022090000000,Ketorolac ABC 30mg/ml,Ampoule,Drug,44.87,22,5,2028-07-13,LOTE-2024-5559
6263980000000,Lidora herbal tonic oil anti-hair loss & strengthening,solution,Supply,32.83,47,5,2028-07-13,LOTE-2024-5560
2877,Daticin 300,Capsule,Drug,13.99,5,5,2026-08-18,LOTE-2024-5561
6972530000000,Evani Silicone Squeeze feeder ,Tool,Supply,39.77,12,5,2026-08-18,LOTE-2024-5562
931774018,Mucosal,Syrup,Drug,3.64,1,5,2026-09-22,LOTE-2024-5563
2564,Rivotril 2mg /30tab.,Tablet,Drug,11.55,44,5,2026-09-22,LOTE-2024-5564
854102000000,Mielle Rosemary mint scalp &hair,oil,Supply,40.54,22,5,2026-09-22,LOTE-2024-5565
2993,fan summer wind ,Tool,Supply,12.64,38,5,2026-09-22,LOTE-2024-5566
41507070035,thayers facial toner rose petal 355ml,Toner ,Supply,11.1,19,5,2027-01-20,LOTE-2024-5567
*SDI-04AOO007*,Libroxide 10mg /30tab,Tablet,Drug,7.51,16,5,2026-08-18,LOTE-2024-5568
1012,albiomin %20 200g/l,solution,Drug,38.87,31,5,2027-07-24,LOTE-2024-5569
5059600000000,"H&B skin,hair& nails formula /30tab.",Tablet,Drug,23.25,3,5,2027-07-24,LOTE-2024-5570
2769,Body massager ,machine ,Supply,30.86,23,5,2026-09-22,LOTE-2024-5571
2886,CornerPure Pregnancy test ,Pregnancy Test,Supply,11.9,42,5,2028-07-13,LOTE-2024-5572
6219200000000,Hi calamine lotion ,lotion,Supply,34.47,18,5,2026-08-18,LOTE-2024-5573
860007000000,retinol remix 1% retinol treatment 30ml,serum,Supply,34.56,26,5,2026-07-09,LOTE-2024-5574
312844000000,aspirin low dose  81mg 200 tabs,Tablet,Drug,15.1,13,5,2027-01-20,LOTE-2024-5575
B07NHZP4FW,premium exfoliating mitts,gloves,Supply,19.36,18,5,2026-09-22,LOTE-2024-5576
2970,Forever awakening eye cream ,Eye cream,Supply,10.62,3,5,2027-01-20,LOTE-2024-5577
2753,Heno lemon,sachet,Drug,43.98,23,5,2028-07-13,LOTE-2024-5578
2872,Concor 10mg /2sheet,Tablet,Drug,29.58,3,5,2028-07-13,LOTE-2024-5579
2913,Sacuvia 100mg,Tablet,Drug,42.15,25,5,2027-01-20,LOTE-2024-5580
2583,Tadafer Plus ,Tablet,Drug,14.7,27,5,2027-07-24,LOTE-2024-5581
4987240000000,vitamin C chini ,serum,Supply,35.51,44,5,2026-08-03,LOTE-2024-5582
3009,Ruxa pain,Tablet,Supply,34.81,27,5,2026-08-18,LOTE-2024-5583
3016,dermodem ,ointment,Drug,31.59,39,5,2027-07-24,LOTE-2024-5584
2530,Ozempic 0.5mg,Pen,Drug,43.51,25,5,2026-09-22,LOTE-2024-5585
5251800000000,Stiffano 150mg,Tablet,Drug,18.62,24,5,2026-09-22,LOTE-2024-5586
6950130000000,Baby nail Trimmer ,Tool,Supply,7.19,8,5,2026-09-22,LOTE-2024-5587
6975360000000,Aogesi Infrared Thermometer ,thermometer,Supply,30.72,9,5,2027-01-20,LOTE-2024-5588
8904270000000,Detolax,Tablet,Drug,33.22,46,5,2026-08-18,LOTE-2024-5589
850019000000,olaplex N0 spray 155ml,Spray,Supply,26.52,37,5,2027-01-20,LOTE-2024-5590
725766000000,simole yet congeous,Set,Supply,10.5,30,5,2026-08-18,LOTE-2024-5591
3013,Bestope Portable Oral Lrrigator ,machine ,Supply,23.44,19,5,2026-08-03,LOTE-2024-5592
627987000000,goli apple cider vinegar gummies,Gummies ,Drug,15.08,16,5,2026-09-22,LOTE-2024-5593
36000515886,U by kotex click comfortflex 30compact tampons 15 super,tampons,Supply,20.09,24,5,2026-08-18,LOTE-2024-5594
6973160000000,Almas lady maxi thick long 18pads,santy,Supply,29.57,44,5,2028-07-13,LOTE-2024-5595
78742140858,kids tooth brush 3-6 years ,toothbrush,Supply,33.92,21,5,2026-08-03,LOTE-2024-5596
689304000000,ANASTASIA SULTRY  EYE SHADOW PALETTE,Infusion,Supply,11.6,36,5,2026-08-18,LOTE-2024-5597
6143880000000,Aveat Baby gum toys 0m+,dangra,Supply,19.13,40,5,2027-01-20,LOTE-2024-5598
6963010000000,Posture corrector product features,Tool,Supply,13.21,39,5,2026-09-22,LOTE-2024-5599
2978,Feburic 40mg ,Tablet,Drug,10.14,47,5,2026-07-09,LOTE-2024-5600
6212030000000,Barkanidazole forte 200,Suspension,Drug,35.58,6,5,2026-07-09,LOTE-2024-5601
3017,rifadin 300mg,Capsule,Drug,41.05,5,5,2028-07-13,LOTE-2024-5602
X001AS4L95,Aibaolo Electric nasal Aspirator ,machine ,Supply,17.61,14,5,2027-01-20,LOTE-2024-5603
9005800000000,Labello watermelon shine ,Lip balm ,Supply,34.18,45,5,2026-09-22,LOTE-2024-5604
8683330000000,Nostril retainer size 7,qalbi lut,Supply,40.52,42,5,2026-09-22,LOTE-2024-5605
173UTR,Speedo ,sachet,Drug,38.31,4,5,2026-08-18,LOTE-2024-5606
1841,Saltrol 25mcg+125mcg,Inhaler,Drug,9.45,8,5,2026-09-22,LOTE-2024-5607
2983,Avent 120ml fal/glass,Bottle milk.,Supply,43.1,24,5,2027-01-20,LOTE-2024-5608
8809780000000,beauty of joseon relief sun rice+probiotics spf 50+pa++++ 50ml,sunscreen,Supply,17.89,11,5,2028-07-13,LOTE-2024-5609
A000612,Anokryo,,Drug,16.26,17,5,2026-08-18,LOTE-2024-5610
2790,Futrip 25mg,Tablet,Drug,4.22,21,5,2027-07-24,LOTE-2024-5611
2573,Aryas baby 4/ 24-36Months,mamka mzha,Supply,22.65,26,5,2026-08-03,LOTE-2024-5612
2764,Aldult Waterproof Ear Stickers 30PCS,plaster,Supply,6.24,43,5,2026-08-18,LOTE-2024-5613
2991,Viagra 100mg orginal 4tab /Pfizer,Tablet,Drug,12.31,48,5,2026-07-09,LOTE-2024-5614
2998,Imuran 50mg ,Tablet,Drug,15.29,44,5,2026-08-03,LOTE-2024-5615
6971030000000,Foot Deodorant spray 360ml,Spray,Supply,36.68,45,5,2028-07-13,LOTE-2024-5616
3027,betasam-mdi 15gm,ointment,Drug,39.58,27,5,2026-09-22,LOTE-2024-5617
SH-012-01-226,Flu off plus 60ml ,Syrup,Drug,14.66,16,5,2026-08-03,LOTE-2024-5618
1529,ludiomil 10mg/50tab.,Tablet,Drug,38.85,26,5,2028-07-13,LOTE-2024-5619
2639,naprivin 100ml,Eye Drop,Drug,38.79,33,5,2028-07-13,LOTE-2024-5620
5055590000000,Triple eight Caffeine Shampoo ,Shampoo,Supply,34.76,31,5,2027-07-24,LOTE-2024-5621
50440542,Simple kind to skin moisturising facial wash ,face wash gel,Supply,7.88,48,5,2028-07-13,LOTE-2024-5622
8699230000000,Effient 10mg,Tablet,Drug,31.53,47,5,2026-08-18,LOTE-2024-5623
2515,Navid Ortho Workers Back Support ,Pshten ,Supply,42.61,6,5,2027-07-24,LOTE-2024-5624
2441,Pred Forte 1%,Eye Drop,Drug,31.19,44,5,2027-01-20,LOTE-2024-5625
6912350000000,Dr gym infant series ,Silicone Nipple ,Supply,15.93,8,5,2028-07-13,LOTE-2024-5626
816657000000,match stix shade 04,Effervescent Granules,Supply,23.28,7,5,2027-07-24,LOTE-2024-5627
3042,Clanoxy-625mg ,Tablet,Drug,29.59,34,5,2026-09-22,LOTE-2024-5628
3665050000000,lacogyl 500mg ,Tablet,Drug,23.71,44,5,2027-07-24,LOTE-2024-5629
88300108978,Ck one,deodorant,Supply,6.72,14,5,2026-08-18,LOTE-2024-5630
3018,pentasa 1g 28suppository ,Suppository,Drug,15.07,16,5,2026-09-22,LOTE-2024-5631
2757,rifadin 20mg/ml ,solution,Drug,36.4,43,5,2026-08-03,LOTE-2024-5632
4260490000000,Happy brush ,toothbrush,Supply,38.97,9,5,2028-07-13,LOTE-2024-5633
1986,Testo-G /90cap.,Capsule,Drug,7.47,10,5,2026-08-18,LOTE-2024-5634
6985230000000,Tianqi pwoductors,gweezan,Supply,42.93,17,5,2027-01-20,LOTE-2024-5635
2365,Gelifend,vaginal gel ,Drug,15.8,12,5,2026-09-22,LOTE-2024-5636
5060460000000,warfarin 5mg,Tablet,Drug,30.31,6,5,2028-07-13,LOTE-2024-5637
4630090000000,Azithromycin 500mg 12+,Tablet,Drug,34.2,19,5,2026-09-22,LOTE-2024-5638
5201110000000,Karavaki shower gel 750ml ,Shower Gel ,Supply,36.82,43,5,2027-07-24,LOTE-2024-5639
3053,Q2 DHA,Capsule,Drug,42.64,41,5,2028-07-13,LOTE-2024-5640
1437,Normazine 25mg,Tablet,Drug,15.11,29,5,2026-09-22,LOTE-2024-5641
2796,Ranexa 375mg,Tablet,Drug,38.85,6,5,2026-09-22,LOTE-2024-5642
3075,Ranexa 750mg ,Tablet,Drug,7.23,25,5,2027-07-24,LOTE-2024-5643
8697880000000,Max immun 150ml,Syrup,Drug,32.17,24,5,2028-07-13,LOTE-2024-5644
6085010000000,Feah Baby oil 200ml ,oil,Supply,33.78,25,5,2027-07-24,LOTE-2024-5645
150100000000000,Halamine lotion 100ml ,lotion,Supply,30.98,16,5,2026-08-18,LOTE-2024-5646
3043,Clanoxy-1000 mg,Tablet,Drug,12.48,16,5,2028-07-13,LOTE-2024-5647
3003,omeprazole Combi 20mg  ,Capsule,Drug,39.48,6,5,2026-09-22,LOTE-2024-5648
3039,Depakine chrono 500mg ,Tablet,Drug,8.85,37,5,2027-01-20,LOTE-2024-5649
3068,Remedcure Melatonin,Spray,Drug,3.83,21,5,2027-07-24,LOTE-2024-5650
3525730000000,Color & soin Enriched With pure pigments 1N,Color,Supply,32.71,4,5,2026-08-18,LOTE-2024-5651
3046,Priorin N /90cap.,Capsule,Drug,22.18,34,5,2027-07-24,LOTE-2024-5652
3800500000000,refcol ,Capsule,Drug,38.44,28,5,2027-01-20,LOTE-2024-5653
2905,Movicol Pediatric,sachet,Drug,18.18,38,5,2028-07-13,LOTE-2024-5654
6210340000000,Zomitan 2.5mg,Tablet,Drug,8.82,41,5,2026-08-18,LOTE-2024-5655
6009800000000,Bio-oil 125ml,oil,Supply,37.89,28,5,2026-09-22,LOTE-2024-5656
4014010000000,Super viga 990000 Natural Ginseng Extract 45ml ,Spray,Supply,25.38,17,5,2027-07-24,LOTE-2024-5657
3071,qalbi luti turky ,qalbi lut,Supply,9.73,14,5,2026-07-09,LOTE-2024-5658
2268,Fuolan 10mg,Tablet,Drug,32.84,7,5,2026-08-03,LOTE-2024-5659
2893,taujeo 300,Pen,Drug,23.73,22,5,2028-07-13,LOTE-2024-5660
X002WUTAUX,all-natural liquid chlorophyll 59ml,liquid,Drug,27.79,1,5,2026-08-18,LOTE-2024-5661
2800150000000,Dexacollyre ,Eye Drop,Drug,21.55,29,5,2028-07-13,LOTE-2024-5662
3082,Lidocan-K 5% ,ointment,Drug,37.55,31,5,2026-08-18,LOTE-2024-5663
-2129382,pantoprazole 20mg/30tab.,Tablet,Supply,37.59,30,5,2026-09-22,LOTE-2024-5664
3055,Deeiana shanay dar ,Brush,Supply,32.36,15,5,2027-07-24,LOTE-2024-5665
8809420000000,Cosrx Aloe Soothing sun cream spf 50+,sunscreen,Supply,6.08,18,5,2027-01-20,LOTE-2024-5666
-8624450,Terazosin Aristo 5mg ,Tablet,Drug,37.99,35,5,2027-01-20,LOTE-2024-5667
3080,Paksama pshteni ftqi nawk mnal,Pshten ftq,Supply,30.69,30,5,2027-01-20,LOTE-2024-5668
2443,Betaserc 16mg  ,Tablet,Drug,31.82,34,5,2027-07-24,LOTE-2024-5669
8809800000000,lip & pop edition lip sleeping mask,mask,Supply,17.29,42,5,2026-08-18,LOTE-2024-5670
6972480000000,Carex Assorted flavours condoms,condoms,Supply,39.75,11,5,2026-09-22,LOTE-2024-5671
VZL8NC,Lipodie ,Capsule,Drug,33.05,27,5,2026-08-18,LOTE-2024-5672
3097,Garlic oil ,Softgel,Drug,6.4,24,5,2027-01-20,LOTE-2024-5673
3048,Testosterone Enanthate 250mg,Ampoule,Drug,19.24,35,5,2026-08-18,LOTE-2024-5674
8682630000000,Choco children iron plus,Chcolate ,Supply,40.06,39,5,2026-09-22,LOTE-2024-5675
6903070000000,AC Mild red spot patch,plaster,Supply,3.55,8,5,2026-09-22,LOTE-2024-5676
3088,Automatic Breast pump my-372,pump,Supply,43.32,18,5,2026-07-09,LOTE-2024-5677
2655,Hiquin 2% cream ,Cream,Supply,31.04,13,5,2026-08-03,LOTE-2024-5678
3035,Arcoxia 90mg,Tablet,Drug,28.96,45,5,2027-01-20,LOTE-2024-5679
6934880000000,Silicone Spoon ,Spoon,Supply,13.27,24,5,2026-09-22,LOTE-2024-5680
42299905,nivea fresh natural anti perispirant,roll,Supply,12.32,23,5,2028-07-13,LOTE-2024-5681
868385000000,Mexiclen 250,Syrup,Drug,42.48,12,5,2027-01-20,LOTE-2024-5682
8683480000000,Asetigen 300mg/3ml ,Ampoule,Drug,14.47,49,5,2026-07-09,LOTE-2024-5683
3040,Flocazole 150mg,Capsule,Drug,35.23,30,5,2027-01-20,LOTE-2024-5684
8056160000000,B-coral,Tablet,Drug,18.6,31,5,2026-08-03,LOTE-2024-5685
6095820000000,gisou honey infused lip oil 8ml,lip oil,Supply,7.56,28,5,2027-07-24,LOTE-2024-5686
2586,Rofenac S.R. 100mg,Tablet,Drug,1.97,22,5,2028-07-13,LOTE-2024-5687
6212060000000,Pyramide ,Capsule,Drug,25.18,44,5,2027-01-20,LOTE-2024-5688
3044,dormadiem,ointment,Drug,43.95,28,5,2027-01-20,LOTE-2024-5689
816218000000,unseen sunscreen spf40  - 50ml,sunscreen,Supply,17.56,13,5,2026-08-18,LOTE-2024-5690
3386,Super Viga 300000 ,Spray,Supply,17.04,25,5,2026-09-22,LOTE-2024-5691
815195000000,kids 3-in-1 gentle body wash shampoo+conditioner 532ml,Shampoo,Supply,16.47,44,5,2028-07-13,LOTE-2024-5692
4250290000000,Ruckenstutze Universal,korse,Supply,24.14,46,5,2026-08-18,LOTE-2024-5693
3376,stay-dry milk catcher bibs,barexa,Supply,20.67,7,5,2026-08-18,LOTE-2024-5694
6930410000000,Tongue cleaner ,Tongue cleaner,Supply,39.78,45,5,2026-09-22,LOTE-2024-5695
6972520000000,Wetell Razor For men ,Razor,Supply,23.49,6,5,2027-07-24,LOTE-2024-5696
915628000000,Shaun The sheep 2 in 1,Shampoo& conditiuoner,Supply,23.59,24,5,2026-09-22,LOTE-2024-5697
2526,becozyme ampules,Ampoule,Drug,7.52,19,5,2028-07-13,LOTE-2024-5698
Auto-856,levoximed 500mg world medicine,,Drug,44.25,19,5,2026-08-03,LOTE-2024-5699
X7P73Y,Miamo Pigment control Advanced Serum 30ml ,serum,Supply,12.37,36,5,2026-09-22,LOTE-2024-5700
804238,Lactulose Generis 666.7mg/ml,Syrup,Drug,4.69,9,5,2027-07-24,LOTE-2024-5701
7407790000000,Footwear Deodorant spray ,Spray,Supply,30.35,48,5,2026-08-18,LOTE-2024-5702
2352,dexamethasone 2ml Aburaihan,Ampoule,Drug,27.4,36,5,2027-01-20,LOTE-2024-5703
7509550000000,loreal Elvive reparacion total 5,Shampoo,Supply,19.56,38,5,2026-08-18,LOTE-2024-5704
3322,Zopitel 10mg ,Tablet,Drug,19.87,40,5,2026-08-03,LOTE-2024-5705
3389,Dermobeem ,ointment,Drug,35.65,29,5,2026-08-03,LOTE-2024-5706
3152,Endoblast latex foley catheter 2ways 12.14.16.18,catheter,Supply,10.01,24,5,2028-07-13,LOTE-2024-5707
8906150000000,Dabi-cold ,Tablet,Drug,37.18,48,5,2027-01-20,LOTE-2024-5708
SH-012-01-225,Flu Off  60ml ,Syrup,Drug,29.72,5,5,2027-07-24,LOTE-2024-5709
6260880000000,Nicolife 2mg /30gum.,Gummies ,Supply,19.73,42,5,2026-09-22,LOTE-2024-5710
X003UJTUUF,100% niacinamide powder 20g,powder,Supply,21.42,45,5,2027-01-20,LOTE-2024-5711
8683250000000,Roox beauty hyaluronic acid serum,serum,Supply,12.66,26,5,2026-09-22,LOTE-2024-5712
33200191247,Essentials With natural Deodorizers ,roll,Supply,34.22,14,5,2028-07-13,LOTE-2024-5713
3367,liquid chlorophyl vegetarian 473ml,liquid,Drug,23.81,39,5,2027-07-24,LOTE-2024-5714
819156000000,hello epic whitening activated charcoal 113g,tooth paste,Supply,15.46,29,5,2027-07-24,LOTE-2024-5715
86800287926,ultra sheer dry-touch spf 45,sunscreen,Supply,27.43,6,5,2026-07-09,LOTE-2024-5716
3069,lidocaine injection bp 2% ,Injection,Drug,44.81,7,5,2027-01-20,LOTE-2024-5717
3418,Benzam Cream 20%,Cream,Drug,20.43,37,5,2026-09-22,LOTE-2024-5718
8809740000000,beauty of joseon ginseng essence water,Toner ,Supply,41.55,18,5,2028-07-13,LOTE-2024-5719
2282,Lorazesam 2 ,Tablet,Drug,16.51,23,5,2026-08-18,LOTE-2024-5720
3057,Feburic 120mg  (febuxostat) ,Tablet,Drug,3.88,44,5,2026-08-18,LOTE-2024-5721
3797,the vitamin C 23 20g,serum,Supply,10.38,38,5,2026-09-22,LOTE-2024-5722
7613290000000,geber organic for baby ,beskuit,Supply,19.71,1,5,2026-08-18,LOTE-2024-5723
6211890000000,Ditrospam 5mg,Tablet,Drug,11.05,4,5,2026-08-03,LOTE-2024-5724
101313,Paracetamol Generis 500mg,Tablet,Drug,1.51,44,5,2028-07-13,LOTE-2024-5725
3414,anaprivin 10ml Eye Drop,drop,Drug,41.3,47,5,2027-01-20,LOTE-2024-5726
3091,Argo ear plug,earplugs,Supply,38.21,35,5,2028-07-13,LOTE-2024-5727
6973310000000,Dikang medical Infrared forehead thermometer HG01,thermometer,Supply,33.79,23,5,2027-07-24,LOTE-2024-5728
X003H9I9WX,nose plants pore strips,strips,Supply,8.8,27,5,2026-08-18,LOTE-2024-5729
811241000000,fresh kids pink girls deodorant,deodorant,Supply,6.74,26,5,2027-01-20,LOTE-2024-5730
2752,Arcoxia 60mg /1sheet,Tablet,Drug,4.44,8,5,2026-08-03,LOTE-2024-5731
74312007316,"natures bounty hair,skin&nail 200 gummies",Gummies ,Drug,33.0,43,5,2028-07-13,LOTE-2024-5732
1744,Navid Bandage 10cm,Bandage,Supply,41.9,16,5,2026-09-22,LOTE-2024-5733
1929,Gmeth 100mg,Suppository,Drug,20.23,41,5,2026-09-22,LOTE-2024-5734
3078,Lorinex ,Syrup,Drug,6.68,3,5,2026-09-22,LOTE-2024-5735
3419,liquid chlorophyll digestive superfood 30ml,drop,Supply,23.79,32,5,2026-09-22,LOTE-2024-5736
A000218,adalat la 30mg 30tablet / bayer,,Drug,16.67,5,5,2026-08-18,LOTE-2024-5737
J000000194,FLU OFF pediatric syrup 60ml,Syrup,Drug,17.8,20,5,2026-09-22,LOTE-2024-5738
14XVCB,Solket 80mg ,sachet,Drug,28.53,14,5,2027-07-24,LOTE-2024-5739
6260500000000,Nixetrin 1% ,Shampoo,Supply,32.76,32,5,2027-07-24,LOTE-2024-5740
3084,Rosemary oil Extract,oil,Supply,6.31,26,5,2026-09-22,LOTE-2024-5741
3426,Nastocord,ointment,Drug,3.05,47,5,2026-09-22,LOTE-2024-5742
6971050000000,sheglam insta-ready face & under eye setting powder,powder,Supply,44.75,6,5,2028-07-13,LOTE-2024-5743
16500537281,flintstone gummies immunity support 150 gummes,Gummies ,Drug,11.62,36,5,2026-08-03,LOTE-2024-5744
3262,Insupack 1,Box,Drug,3.84,40,5,2028-07-13,LOTE-2024-5745
2488,Like-Azithromycin 500mg,Tablet,Drug,9.76,5,5,2026-08-18,LOTE-2024-5746
3393,Acetamin Extra 500/65,Tablet,Drug,3.19,13,5,2027-01-20,LOTE-2024-5747
3411,Fiori Tablet Cut,7ab latkar,Supply,18.54,32,5,2027-01-20,LOTE-2024-5748
5305,Diprosalic,ointment,Drug,36.4,16,5,2027-01-20,LOTE-2024-5749
3092,Avene cleansing gel 200ml +cleansing gel 100,Cleansing gel,Supply,16.34,1,5,2028-07-13,LOTE-2024-5750
3010,Lidora Herbal for dry &damaged hair,Shampoo,Supply,20.82,13,5,2026-08-03,LOTE-2024-5751
77043000212,St.ives revitalizing body lotion,lotion,Supply,30.89,11,5,2026-09-22,LOTE-2024-5752
8006330000000,Co fert gel 50ml,Gel,Drug,23.64,8,5,2027-01-20,LOTE-2024-5753
7322440000000,babyboom manikyrset,Massager,Supply,38.97,25,5,2027-07-24,LOTE-2024-5754
4201318032,"Dostinex 0,5mg 8tab. Italy",Tablet,Drug,39.17,40,5,2026-08-18,LOTE-2024-5755
750208000000000,ZINC OXIDE Ointment HAYAT 25gm,ointment,Drug,1.93,32,5,2027-07-24,LOTE-2024-5756
6598450000000,napy bags 300,bag,Supply,35.35,24,5,2026-09-22,LOTE-2024-5757
3665310000000,BUCCOTHERM toothpaste 2-6years,tooth paste,Supply,21.54,28,5,2026-08-18,LOTE-2024-5758
3481,Girawa 75/10,ointment,Drug,44.51,14,5,2027-07-24,LOTE-2024-5759
3390,Liebrax-D ,Tablet,Drug,22.52,45,5,2026-08-03,LOTE-2024-5760
alar1,ALARMEEN-D Tablets,Tablet,Drug,44.43,3,5,2027-01-20,LOTE-2024-5761
2498,Gold Cover Cotton Gloves white large ,gloves,Supply,34.32,36,5,2026-08-03,LOTE-2024-5762
6897100000000,SPA GEL SOCKS ,sock,Supply,12.31,27,5,2026-09-22,LOTE-2024-5763
3420,AG Omega 3 - softgels,Softgel,Drug,24.92,20,5,2027-01-20,LOTE-2024-5764
8025270000000,unlimited blush,Blush,Supply,44.66,47,5,2027-01-20,LOTE-2024-5765
3471,ARCOXIA 120mg 7Tablets,Tablet,Drug,38.8,15,5,2026-09-22,LOTE-2024-5766
840238000000,the original make up eraser neutral 7-day set,pad,Supply,5.74,27,5,2026-09-22,LOTE-2024-5767
2392,Olanzapine-Ozon 10mg,Tablet,Drug,32.23,45,5,2026-08-18,LOTE-2024-5768
804233,Duloxetine generis 60mg,Tablet,Drug,16.53,41,5,2026-09-22,LOTE-2024-5769
8594000000000,Goat tiny 1 400g,milk,Supply,1.8,28,5,2028-07-13,LOTE-2024-5770
3483,Electronic Blood Pressure Monitor Weller Med ,Monitor,Supply,19.05,25,5,2028-07-13,LOTE-2024-5771
8410410000000,Babaria Men after shave balm ,AFTER SHAVE BALM ,Supply,11.71,42,5,2026-08-03,LOTE-2024-5772
785364000000,"Mario Badescu Facial Spray with Aloe, Chamomile and Lavender- 118 mL",Spray,Supply,37.12,44,5,2026-07-09,LOTE-2024-5773
2914,Xelon 5mg,Tablet,Drug,16.17,46,5,2028-07-13,LOTE-2024-5774
VWTN1C,Aura Stop ,Tablet,Drug,37.5,33,5,2027-01-20,LOTE-2024-5775
3077,Tresiba 100iu/ml 5pen,Pen,Drug,1.53,46,5,2027-01-20,LOTE-2024-5776
2865,Zinir 300mg (cefdinir),Capsule,Drug,14.89,14,5,2027-07-24,LOTE-2024-5777
8684180000000,COSMED SKINLOGIST 10% Azelaic Solution,serum,Supply,11.99,8,5,2026-09-22,LOTE-2024-5778
8906120000000,Airwell (Montelukast &Levocetirizine dihydrochloride ),Tablet,Drug,11.66,48,5,2026-09-22,LOTE-2024-5779
8683000000000,baby happy silikon Gogus code 611,Silicone Nipple ,Supply,4.47,14,5,2028-07-13,LOTE-2024-5780
3512,NS 100ML,Infusion,Drug,9.64,1,5,2027-01-20,LOTE-2024-5781
4088500000000,Satessa tampons super 56 stuck,tampons,Supply,25.67,16,5,2026-08-18,LOTE-2024-5782
8809600000000,the retinol 0.1,Cream,Supply,14.17,18,5,2026-08-03,LOTE-2024-5783
3701430000000,Vitalae Essential 1,milk,Supply,19.66,7,5,2026-08-18,LOTE-2024-5784
3482,Girawa 50/10,ointment,Drug,17.89,15,5,2027-07-24,LOTE-2024-5785
3484,Sulfur Ointment 10% Vary,ointment,Drug,39.6,24,5,2026-08-18,LOTE-2024-5786
3440,perfect cover B.B cream,tint,Supply,40.88,49,5,2026-07-09,LOTE-2024-5787
8809860000000,vitamin-C dark spot serum 30ml,serum,Supply,22.94,13,5,2028-07-13,LOTE-2024-5788
8809500000000,torriden dive in serum,serum,Supply,15.86,9,5,2026-08-18,LOTE-2024-5789
6941980000000,Knee Support 667,Knee Support 667,Supply,6.15,15,5,2026-07-09,LOTE-2024-5790
4394390,Pediakid iron+vitamins B,syurp,Drug,42.97,35,5,2026-08-18,LOTE-2024-5791
2453,Oral irrigator ,machine ,Supply,4.12,24,5,2026-08-18,LOTE-2024-5792
240905000000000,ZINC CASTOR OIL BABY CREAM 25gm HAYAT,Cream,Drug,14.45,33,5,2026-09-22,LOTE-2024-5793
3431,ZandMed Border Gauze 10*35,plaster,Supply,14.47,16,5,2028-07-13,LOTE-2024-5794
3501,Nitrile Gloves Black Mideum,gloves,Supply,15.44,8,5,2028-07-13,LOTE-2024-5795
3200,Cover flcha w ma3juni alwan,Cover flcha,Supply,8.65,29,5,2026-09-22,LOTE-2024-5796
3037,Nortriptyline 25mg ,Tablet,Drug,35.57,23,5,2026-09-22,LOTE-2024-5797
3523,Flow-out Tablets dp,Tablet,Drug,6.83,45,5,2027-01-20,LOTE-2024-5798
8806150000000,apple acid visible peeling gel,Gel,Supply,29.12,31,5,2026-08-18,LOTE-2024-5799
3532,HCG Pregnancy Test BIO-TECH,Pregnancy Test,Supply,6.89,40,5,2026-08-03,LOTE-2024-5800
16500554356,flintstones gummies complete 180 gummies,Gummies ,Drug,4.57,49,5,2028-07-13,LOTE-2024-5801
8681020000000,Gizmo MeltBlown,mask,Supply,41.06,14,5,2026-08-18,LOTE-2024-5802
6940190000000,Vitamin E & aloevera ,cleanser ,Supply,9.77,30,5,2026-08-18,LOTE-2024-5803
4582500000000,CR2032 PELE JIHAZE SHAKRA,pel,Supply,37.22,39,5,2026-09-22,LOTE-2024-5804
8520825,Aspegic 1000 SANOFI 20sachet,sachet,Drug,25.19,27,5,2026-09-22,LOTE-2024-5805
X002IUI5RL,special sleeping mask,lip mask,Supply,4.89,47,5,2026-07-09,LOTE-2024-5806
41554080414,super stay vinyl ink,liquid lipstick,Supply,43.06,16,5,2026-08-03,LOTE-2024-5807
733739000000,liquid chlorophyll 473ml,liquid,Drug,12.24,6,5,2026-09-22,LOTE-2024-5808
3372,Oral Irrigator Convenient electric tooth flushing PPs pulse,machine ,Supply,38.89,33,5,2027-01-20,LOTE-2024-5809
8683390000000,Roox beauty niacinamide serum,serum,Supply,8.84,44,5,2026-08-18,LOTE-2024-5810
3295,Halux Valgus Splint with joint ,Splint,Supply,38.65,18,5,2026-09-22,LOTE-2024-5811
3553,Clindamycin 2% solution,solution,Drug,2.08,16,5,2027-01-20,LOTE-2024-5812
2165,Navid Elbow Support ,Arm Sling ,Supply,23.76,12,5,2028-07-13,LOTE-2024-5813
3468,VIAGRA 50MG VIATRIS 4Tablets,Tablet,Drug,34.97,20,5,2026-09-22,LOTE-2024-5814
2955,maternity belt cod115,Belt,Supply,42.16,45,5,2026-08-03,LOTE-2024-5815
3475,Olmetec Plus 40/12.5mg,Tablet,Drug,41.05,40,5,2026-09-22,LOTE-2024-5816
88300049493,calvin klein truth,Bud,Supply,37.15,29,5,2027-07-24,LOTE-2024-5817
8809060000000,breast milk storage bags 25pcs,bags,Supply,40.14,30,5,2026-08-03,LOTE-2024-5818
3469,"PROGRAF 0.5mg,  kapsul 50",Capsule,Drug,10.17,26,5,2026-09-22,LOTE-2024-5819
3524,SANVISTAMIN C1000+ZINC10mg,effervescent tablet,Drug,13.86,22,5,2026-07-09,LOTE-2024-5820
2818,Gorawy sliconi,stock,Supply,14.07,33,5,2026-07-09,LOTE-2024-5821
3546,Wearable Electric Breast Pump MY-373,breast pump,Supply,17.9,39,5,2026-09-22,LOTE-2024-5822
3467,JAWANAE BARGDAR ASLI ,JAWANA,Supply,18.61,47,5,2026-08-18,LOTE-2024-5823
8003520000000,Triogastro,Capsule,Drug,25.19,29,5,2027-07-24,LOTE-2024-5824
7702020000000,Gillette Venus Breeze mor,Metal ,Supply,8.45,22,5,2027-01-20,LOTE-2024-5825
3476,Olmetec Plus 40/25mg,Tablet,Drug,31.57,45,5,2026-09-22,LOTE-2024-5826
63935023506,Melatonin 10mg dual action,Tablet,Drug,8.79,13,5,2026-09-22,LOTE-2024-5827
3485,Sulfur Ointment 5% Vary 50g,ointment,Drug,15.0,9,5,2026-09-22,LOTE-2024-5828
A000469,pregmin,,Drug,23.4,24,5,2026-07-09,LOTE-2024-5829
72140014193,aquaphor advanced therapy 50g,ointment,Supply,36.15,15,5,2028-07-13,LOTE-2024-5830
3518,Your Biggest Secret Waterclouds zard,Set,Supply,33.67,36,5,2028-07-13,LOTE-2024-5831
2989,7ab Shken ,7ab latkar,Supply,29.58,13,5,2026-08-18,LOTE-2024-5832
3253,Caberux 0.5mg /8tab.,Tablet,Drug,8.28,27,5,2026-08-03,LOTE-2024-5833
3470,Ravimed 5mg 3 sheety,Tablet,Drug,25.3,44,5,2026-08-03,LOTE-2024-5834
773603000000,MAC travel exclusive lip kit red,kit,Supply,5.3,37,5,2027-01-20,LOTE-2024-5835
864475000000,MIGHTY patch the original 72 patchs,Patch,Supply,17.92,7,5,2027-01-20,LOTE-2024-5836
3486,WLD HIGH ELASTIC BANDAGE 7.5cm/4.5m,Bandage,Supply,19.49,8,5,2027-07-24,LOTE-2024-5837
3065,Libroxen 5,Tablet,Supply,3.23,37,5,2027-07-24,LOTE-2024-5838
730852000000,synchro skin self-refreshing foundation oil free,Foundation ,Supply,13.42,41,5,2026-09-22,LOTE-2024-5839
8935210000000,ZidocinDHG DHG PHARMA,Tablet,Drug,43.07,14,5,2027-01-20,LOTE-2024-5840
3466,urban sunblock lip care spf 25,Lip balm ,Supply,42.98,12,5,2027-01-20,LOTE-2024-5841
8720690000000,Lumea IPL Hair Removal 8000 [BRI 949],Laser ,Supply,16.83,36,5,2027-01-20,LOTE-2024-5842
6957860000000,KON-PHYLLOCOUTINE 10Tablets,Tablet,Drug,3.37,40,5,2026-09-22,LOTE-2024-5843
3425,Spacer Fatamed ,Spacer,Supply,9.29,17,5,2027-01-20,LOTE-2024-5844
3428,Eye PAD Adhesive Sterile-adult-ZandMed,eye pad,Supply,18.56,40,5,2027-01-20,LOTE-2024-5845
804224,Escitalopram Generis 10mg,Tablet,Drug,42.73,29,5,2027-01-20,LOTE-2024-5846
4049650000000,Artelac Nighttime gel,Gel,Supply,7.64,27,5,2027-01-20,LOTE-2024-5847
2792,Medical Supplies Disposable syringe 10ml ,syringe,Supply,34.71,1,5,2027-07-24,LOTE-2024-5848
A000191,Julphamox 500mg,Capsule,Drug,6.23,34,5,2027-01-20,LOTE-2024-5849
Vinyl black,Vinyl Black gloves large ,gloves,Supply,44.18,4,5,2027-01-20,LOTE-2024-5850
5901930000000,Larel Whitening Snsitive areas cream,Cream,Supply,18.1,24,5,2027-01-20,LOTE-2024-5851
33200180531,Complete care ,tooth paste,Supply,35.22,21,5,2026-09-22,LOTE-2024-5852
1577700000000,Hawt bon kuran,Perfume,Supply,16.4,33,5,2026-08-18,LOTE-2024-5853
5999560000000,Cell Concept Hyaluron Moisturising mask ,Sheet mask ,Supply,28.8,7,5,2026-07-09,LOTE-2024-5854
3448,Etorirux 90mg ruxall,Tablet,Drug,9.85,1,5,2027-01-20,LOTE-2024-5855
3406,Stop vomit syrup,Syrup,Drug,7.85,41,5,2027-01-20,LOTE-2024-5856
6980830000000,Invisible pose correction belt,Belt,Supply,42.31,3,5,2028-07-13,LOTE-2024-5857
2876,Smopion E.R 150,Tablet,Drug,41.42,44,5,2026-09-22,LOTE-2024-5858
6223010000000,Carnivita Advance,sachet,Drug,40.1,15,5,2026-09-22,LOTE-2024-5859
72140002503,aquaphor 3 in 1 diaper rash cream 99g,Cream,Supply,28.71,31,5,2026-08-18,LOTE-2024-5860
2292,Lincocin 600mg,Ampoule,Drug,36.66,16,5,2026-08-03,LOTE-2024-5861
5076,seoul ceuticals day glow seum 30ml,serum,Supply,4.5,10,5,2027-07-24,LOTE-2024-5862
3511,Romin 120ml syrup,Syrup,Drug,16.06,29,5,2026-08-18,LOTE-2024-5863
8420080000000,WOOM WHITE+ TOOTHPASTE,tooth paste,Supply,15.15,6,5,2027-01-20,LOTE-2024-5864
3575,Imuran 50mg turkey aspen,Tablet,Drug,29.15,29,5,2027-01-20,LOTE-2024-5865
6212680000000,pal-miladin 30ml,solution,Drug,16.98,17,5,2026-09-22,LOTE-2024-5866
2186806148NS1115MD,UNOSTRIL SIZE6,nose ,Supply,7.96,22,5,2028-07-13,LOTE-2024-5867
3331,Degree men 48h antiperspirant,roller,Supply,27.45,24,5,2026-09-22,LOTE-2024-5868
-1880807,L-Thyroxin 100microgram ARISTO 50TAB,Tablet,Drug,36.93,17,5,2026-08-18,LOTE-2024-5869
2968,jard 25,Tablet,Drug,18.12,21,5,2028-07-13,LOTE-2024-5870
8806430000000,Gonadopin (follitropin) 75IU,Injection,Supply,7.25,11,5,2028-07-13,LOTE-2024-5871
3585,WC halwasen ,machine ,Supply,10.06,7,5,2026-08-18,LOTE-2024-5872
1816,Selsun 120ml Suspension,Suspension,Supply,11.83,42,5,2026-07-09,LOTE-2024-5873
214065000000,OxyWatch ChoiceMMed,Finger Oximeter,Supply,14.55,39,5,2026-08-03,LOTE-2024-5874
3348,Rigid cervical coller code 1014,Coller,Supply,29.46,5,5,2026-08-18,LOTE-2024-5875
6211910000000,Augmabiotic 1000mg ,Tablet,Drug,27.64,44,5,2028-07-13,LOTE-2024-5876
3477,SEVIKAR 40/10mg,Tablet,Drug,31.78,48,5,2027-01-20,LOTE-2024-5877
3488,Ventol 4,Tablet,Drug,17.27,21,5,2026-09-22,LOTE-2024-5878
3544,Capybara 4MEDIUM,lastic,Supply,37.34,18,5,2028-07-13,LOTE-2024-5879
33200180135,arm & hammer advance white,tooth paste,Supply,10.38,35,5,2026-09-22,LOTE-2024-5880
2906,Fluconazole Combi 150mg/cap.,Capsule,Drug,21.9,20,5,2026-09-22,LOTE-2024-5881
5060490000000,byoma moisturizer gel-cream,Gel-Cream,Supply,36.34,15,5,2028-07-13,LOTE-2024-5882
2518,Suspensory paksama therapeutic ,Pshten ,Supply,9.34,5,5,2027-07-24,LOTE-2024-5883
33200183709,Dental care ,tooth paste,Supply,6.28,13,5,2027-07-24,LOTE-2024-5884
2521,Frcolor 8 in 1 Electric Face brush ,Brush,Supply,39.94,12,5,2027-01-20,LOTE-2024-5885
9554100000000,Cown Royal honey ,sachet,Drug,16.42,21,5,2027-07-24,LOTE-2024-5886
6971480000000,Disposable needle ,Needle,Supply,31.25,37,5,2026-08-18,LOTE-2024-5887
3584,NOSTRIL RETAINER Size 0-6 turkeyy,nose ,Supply,2.6,6,5,2027-01-20,LOTE-2024-5888
4052400000000,Soft toilet training seat daskdar,Tool,Supply,31.52,7,5,2028-07-13,LOTE-2024-5889
8436630000000,Baby Waterproof Ear Stickers hanel 10PCS,strips,Supply,15.25,26,5,2026-08-18,LOTE-2024-5890
3395,Galpara-250 /100ml,Suspension,Drug,3.92,42,5,2027-07-24,LOTE-2024-5891
3597,Diapam-5,Tablet,Drug,28.03,48,5,2026-09-22,LOTE-2024-5892
3005,selsun Selenium Sulfide topical Suspension 60ml,Suspension,Supply,11.97,8,5,2026-07-09,LOTE-2024-5893
8936100000000,AFENEMI 0.5ml CPC1Hn,Eye Drop,Drug,18.33,9,5,2027-07-24,LOTE-2024-5894
6932940000000,BATH TOWEL LFKAE MAGHREBE,LFKA,Supply,5.01,27,5,2026-08-18,LOTE-2024-5895
3041,klavox 457mg/5ml,Suspension,Drug,7.9,4,5,2027-01-20,LOTE-2024-5896
3586,C-Retard 500mg hikma,Capsule,Drug,14.46,21,5,2026-08-03,LOTE-2024-5897
5017120000000,Paracetamol 50mg,Tablet,Drug,5.4,31,5,2028-07-13,LOTE-2024-5898
3600,fugideen-d,Cream,Drug,41.12,21,5,2026-08-18,LOTE-2024-5899
3643,Disposable Syringes 20ml  ,syringe,Supply,1.76,40,5,2026-08-18,LOTE-2024-5900
860308000000,biotin shampoo 207ml,Shampoo,Supply,22.55,25,5,2026-08-03,LOTE-2024-5901
3605,Lilytonin Sleep Aid /30tab.,Tablet,Drug,6.86,39,5,2028-07-13,LOTE-2024-5902
3498,BORDERED GAUZE 10cm/15cm,plaster,Supply,14.88,15,5,2027-07-24,LOTE-2024-5903
3574,Mestinon 60mg 20dragees MEDA swede,Tablet,Drug,41.78,35,5,2027-07-24,LOTE-2024-5904
2873,Betamethasone L.A ,Injection,Drug,8.53,49,5,2026-09-22,LOTE-2024-5905
3629,Cortrief,Nasal Spray,Drug,43.51,43,5,2026-09-22,LOTE-2024-5906
79625915297,eye shade + blend for shadow,Brush,Supply,10.45,41,5,2026-08-03,LOTE-2024-5907
3412,tab cut container,tablet cut,Supply,33.76,37,5,2027-01-20,LOTE-2024-5908
3633,Solicare 5mg,Tablet,Drug,25.28,42,5,2026-08-18,LOTE-2024-5909
3681,keep things simple anua heartleaf 77%,Toner ,Supply,39.97,47,5,2028-07-13,LOTE-2024-5910
810912000000,sol de janeiro brazilian crush cheirosa bum bum 62 hair & body fragrance mist 90ml,mist,Supply,25.6,28,5,2027-07-24,LOTE-2024-5911
814333000000,hydro grip primer 45ml,primer ,Supply,24.75,14,5,2026-09-22,LOTE-2024-5912
3505,DIFFERIN CREAM 30g,Cream,Drug,10.0,4,5,2026-08-18,LOTE-2024-5913
3521,"Munderm %0,05+%2 jel 30g HELBA",Gel,Drug,8.73,20,5,2027-07-24,LOTE-2024-5914
6972950000000,Greatmax 3 razor for ladies ,Razor,Supply,41.37,34,5,2026-08-03,LOTE-2024-5915
3014,Eucerin Spf 50+ oil control 200ml dry touch ,Gel-Cream,Supply,15.76,12,5,2026-08-18,LOTE-2024-5916
3702,keep things simple anua heartleaf pore control cleansing oil,cleanser ,Supply,17.69,33,5,2026-08-18,LOTE-2024-5917
8809580000000,rice toner 150ml,Toner ,Supply,34.55,24,5,2027-01-20,LOTE-2024-5918
3328,Ringer injection 500ml,solution,Drug,16.24,20,5,2027-07-24,LOTE-2024-5919
6957150000000,hand Warmer ,hot bag,Supply,42.91,5,5,2026-09-22,LOTE-2024-5920
2992,J-cain Lidocaine 59.9% /500g,Cream,Supply,33.6,38,5,2026-08-03,LOTE-2024-5921
2271,Forever Aloe First,Spray,Supply,27.49,30,5,2026-09-22,LOTE-2024-5922
2908,Covagra 100mg ,Tablet,Drug,39.82,24,5,2027-07-24,LOTE-2024-5923
3653,tablet box,Tool,Supply,3.66,43,5,2026-08-18,LOTE-2024-5924
744109000000,Hi smile Colour corrector serum ,serum,Supply,12.68,40,5,2026-08-18,LOTE-2024-5925
3562,PBT BANDAGE 10CMX3.5M,lafaf,Supply,21.73,7,5,2028-07-13,LOTE-2024-5926
6001390000000,Colchicine 0.5mg,Tablet,Drug,11.37,36,5,2028-07-13,LOTE-2024-5927
815985000000,beauty blender original sponge pink,Sponge,Supply,33.86,38,5,2028-07-13,LOTE-2024-5928
DORMA1,DORMADIEM CREAM 25g dp,Cream,Drug,41.49,16,5,2027-07-24,LOTE-2024-5929
3578,Aslavo X Cream 25G,Cream,Drug,19.93,15,5,2026-08-18,LOTE-2024-5930
3656,Du-Coldin,Syrup,Drug,16.38,46,5,2026-08-18,LOTE-2024-5931
3649,Nebilet /2sheet,Tablet,Drug,43.33,23,5,2026-09-22,LOTE-2024-5932
57606021946,PMS-Rosuvastatin 40mg,Tablet,Drug,20.85,12,5,2026-09-22,LOTE-2024-5933
3531,Dental floss Dental shape,dental floss,Supply,22.77,29,5,2028-07-13,LOTE-2024-5934
790223000000,Liquid Chlorophyll 100mg Dynamic Health,liquid,Supply,16.8,44,5,2027-07-24,LOTE-2024-5935
5021040000000,garnier PureActive,face wash gel,Supply,41.07,48,5,2027-07-24,LOTE-2024-5936
4000020000000,Om Knee Support ,Knee,Supply,26.25,15,5,2026-08-18,LOTE-2024-5937
3630,Exforge 5mg/160mg  aslly 28tab./4sheet,Tablet,Drug,34.65,29,5,2028-07-13,LOTE-2024-5938
8809650000000,retinol intense reactivating serum 30ml,serum,Supply,36.81,45,5,2027-07-24,LOTE-2024-5939
8445290000000,Cerelac Wheat&Fruits from6Months 400g,cearelac ,Supply,16.37,43,5,2026-08-18,LOTE-2024-5940
6251910000000,Taskin children 100mg/5ml mspharma,Suspension,Drug,20.37,49,5,2028-07-13,LOTE-2024-5941
106020000000000,Hycortisone 1% eye ointment,ointment,Drug,38.41,21,5,2026-08-18,LOTE-2024-5942
6971150000000,fresh life gloves large,gloves,Supply,17.3,15,5,2026-08-03,LOTE-2024-5943
2550,Navid Ortho Cotton Gloves white ,gloves,Supply,36.04,14,5,2027-01-20,LOTE-2024-5944
852653000000,flashpatch rejuvenating eye gels,Eye patches,Supply,42.43,42,5,2027-01-20,LOTE-2024-5945
3287,Insulin box shin,Box,Supply,28.61,44,5,2026-08-03,LOTE-2024-5946
101314,Levocetirizine Generis Phar 5mg ,Tablet,Drug,33.76,16,5,2026-09-22,LOTE-2024-5947
52022165229,VIGILEX NORMAL VISION 30TABLETS HELEX,Tablet,Drug,36.52,15,5,2028-07-13,LOTE-2024-5948
173UUK,zolac,Tablet,Drug,38.26,42,5,2027-01-20,LOTE-2024-5949
840157000000,future fluid all over cream concealer 8.5ml 4n,Concealer ,Supply,18.68,4,5,2027-07-24,LOTE-2024-5950
0VF4DH,RINO CALYPTOL 0.5mg  15ml,Spray,Drug,3.73,27,5,2026-08-18,LOTE-2024-5951
3587,Dexaphar syrup 0.5/5ml,Syrup,Drug,18.98,23,5,2026-08-03,LOTE-2024-5952
5050900000000,4my baby nappy bags /200bags,nappy bags,Supply,30.81,29,5,2026-08-18,LOTE-2024-5953
804221,Desloratadine Generis 5mg,Tablet,Drug,21.09,41,5,2026-08-18,LOTE-2024-5954
3534,AMOXIVAN 250mg/5ml VANPHARMA,Suspension,Drug,34.08,9,5,2026-08-18,LOTE-2024-5955
2608,Lipitor 80mg /30tab.,Tablet,Drug,17.03,43,5,2026-08-18,LOTE-2024-5956
6906560000000,Baby WaterProof ear stickers /30pcs,plaster,Supply,29.11,43,5,2027-01-20,LOTE-2024-5957
3026,zara eye soft contact lengs 120ml,solution,Supply,9.61,7,5,2026-09-22,LOTE-2024-5958
3539,Guara Wolf 4 MEDIUM,lastic,Supply,34.1,42,5,2027-07-24,LOTE-2024-5959
2932,Tamrux-d,Tablet,Drug,25.24,4,5,2026-08-18,LOTE-2024-5960
3543,Tapir 6HEAVY ,lastic,Supply,10.38,5,5,2026-09-22,LOTE-2024-5961
42299868,nivea dry confidence anti perispirant,roll,Supply,14.2,5,5,2026-07-09,LOTE-2024-5962
3661,Ruxagesic,Tablet,Drug,34.06,11,5,2026-09-22,LOTE-2024-5963
2967,Jard plus 12.5mg/1000mg,Tablet,Drug,22.49,41,5,2026-08-03,LOTE-2024-5964
8901360000000,Micropore 3M Plaster Caxaz plaster ,plaster,Supply,10.9,28,5,2028-07-13,LOTE-2024-5965
7290110000000,bloom highlight blush,Blush,Supply,43.58,16,5,2027-07-24,LOTE-2024-5966
2726,cloud jelly,serum,Supply,32.61,41,5,2026-09-22,LOTE-2024-5967
3687,fexon 180mg,Tablet,Drug,43.14,30,5,2026-08-03,LOTE-2024-5968
3796,0,Fluide ,Supply,20.08,4,5,2027-01-20,LOTE-2024-5969
3662,Alledramine,Tablet,Drug,22.17,2,5,2027-07-24,LOTE-2024-5970
8803350000000,pore control reduce sebum mask,mask,Supply,40.56,46,5,2026-08-18,LOTE-2024-5971
31604043131,magnesium glycinate 200mg 60 cap,Capsule,Drug,24.34,3,5,2027-01-20,LOTE-2024-5972
8806190000000,perfect cover b.b cream no23,tint,Supply,32.27,21,5,2027-07-24,LOTE-2024-5973
2832,Colchicum_dispert 0.5mg,Tablet,Drug,12.47,6,5,2027-07-24,LOTE-2024-5974
3685,Laura cotton ,Cotton,Supply,20.93,43,5,2027-07-24,LOTE-2024-5975
6221010000000,cerelac wheat &3 fruit ,cearelac ,Supply,6.87,18,5,2028-07-13,LOTE-2024-5976
4891370000000,Chaussettes de compression a fermeture eclair,stock,Supply,10.46,44,5,2028-07-13,LOTE-2024-5977
810834000000,superfood cleanser 59ml,cleanser ,Supply,1.54,5,5,2026-09-22,LOTE-2024-5978
37000800910,secret aluminum free 48HR deodorant,deodorant,Supply,3.21,9,5,2027-01-20,LOTE-2024-5979
3668,Dermavia Spf 50+ tinted 50ml,sunscreen,Supply,44.01,20,5,2027-07-24,LOTE-2024-5980
3654,Nastocord,Cream,Drug,12.04,28,5,2027-01-20,LOTE-2024-5981
3674,WLD Cooling Patch ,Patch,Supply,30.35,26,5,2028-07-13,LOTE-2024-5982
3535,J-CAIN cream 29.9% 500g,Cream,Drug,38.0,18,5,2026-07-09,LOTE-2024-5983
8412430000000,frozen 2 in 1 shampoo,Shampoo,Supply,25.45,19,5,2026-09-22,LOTE-2024-5984
7290010000000,moisturizer conditioner reapi 250ml,Conditioner,Supply,8.16,3,5,2026-08-18,LOTE-2024-5985
A000111,Tornica,,Supply,33.17,9,5,2026-08-18,LOTE-2024-5986
8809750000000,cotton sun stick spf50+pa++++ 17g,sunscreen,Supply,27.61,36,5,2026-08-18,LOTE-2024-5987
2892,Samafed plus,Syrup,Drug,33.31,31,5,2027-07-24,LOTE-2024-5988
2972,Irish spring original deodorant soap,soap,Supply,34.98,49,5,2026-08-03,LOTE-2024-5989
4250590000000,i love extreme crazy volume mascara,Mascara,Supply,43.93,17,5,2027-07-24,LOTE-2024-5990
3542,Jaguar 6HEAVY,lastic,Supply,26.45,23,5,2027-01-20,LOTE-2024-5991
8435100000000,Master Memory ,Capsule,Drug,16.36,34,5,2026-08-18,LOTE-2024-5992
3692,Jaguar Extreme ,sachet,Supply,29.71,41,5,2026-08-18,LOTE-2024-5993
X003VWD87R,magnesium glycinate 500mg 240 cap,cap,Drug,4.48,41,5,2027-01-20,LOTE-2024-5994
8681040000000,Aluoys lady maxi thick ,santy,Supply,40.54,5,5,2027-07-24,LOTE-2024-5995
3659,Baby Waterproof Ear Stickers hanel 20PCS,plaster,Supply,6.69,15,5,2028-07-13,LOTE-2024-5996
6931720000000,Oral Care Kit,Set,Supply,15.76,47,5,2028-07-13,LOTE-2024-5997
X002UXHH0R,soon jung 2x barrier intenstive cream 60ml,Cream,Supply,36.98,3,5,2028-07-13,LOTE-2024-5998
194250000000,blush color infusion,BLUSH,Supply,27.48,19,5,2027-01-20,LOTE-2024-5999
793889000000,scalp saviors ,Set,Supply,18.62,28,5,2028-07-13,LOTE-2024-6000
7350050000000,Estelle & thild Multi-action cleansing gel,Cleansing gel,Supply,22.09,3,5,2027-07-24,LOTE-2024-6001
3427,Bordered Gauze 10cm * 5cm,gaauze,Supply,38.67,38,5,2028-07-13,LOTE-2024-6002
3686,Celyovex cream,Cream,Drug,16.29,4,5,2026-07-09,LOTE-2024-6003
3707,Turtle,lastic,Supply,39.33,24,5,2028-07-13,LOTE-2024-6004
2891,Glucose powder 100g,powder,Drug,5.33,31,5,2026-09-22,LOTE-2024-6005
3176,KKW creme contour,Shir dosh,Supply,35.29,45,5,2027-07-24,LOTE-2024-6006
3621,Wld jawanay bargdar,JAWANA,Supply,38.37,45,5,2026-08-03,LOTE-2024-6007
3186,Cover flcha ma3juni sada,Cover flcha,Supply,9.41,11,5,2026-09-22,LOTE-2024-6008
6971690000000,Appease plating Mouth chain ,Nipple sillicon,Supply,20.22,37,5,2026-08-18,LOTE-2024-6009
3060,Methergin 0.125mg ,Tablet,Drug,8.7,1,5,2026-08-18,LOTE-2024-6010
3684,Biotine Bayer 0.5%,Ampoule,Drug,32.24,9,5,2026-08-03,LOTE-2024-6011
724901000000,Vinova,vial,Drug,24.79,17,5,2027-07-24,LOTE-2024-6012
6972860000000,fine-ject 4mm 32g,Needle,Supply,29.14,1,5,2026-07-09,LOTE-2024-6013
A000258,hyfresh 10ml / jamjoom pharma,,Drug,10.05,3,5,2026-09-22,LOTE-2024-6014
57606022110,pms-Candesartan 8mg,Tablet,Drug,10.71,47,5,2026-08-18,LOTE-2024-6015
8692240000000,sunnet kulodu,shorti sunnet,Supply,3.31,26,5,2027-01-20,LOTE-2024-6016
3429,Dropper,Dropper,Supply,15.51,31,5,2026-08-18,LOTE-2024-6017
6955340000000,PESITRO UHMWPE Dental Floss,Floss,Supply,25.85,26,5,2026-08-18,LOTE-2024-6018
3711,Flo Not,Tablet,Drug,38.82,23,5,2026-09-22,LOTE-2024-6019
2716,Desyrel 150mg ,Tablet,Supply,30.51,30,5,2027-01-20,LOTE-2024-6020
8809340000000,cer-loo,mask,Supply,20.44,10,5,2026-08-03,LOTE-2024-6021
818423000000,Newtoneverett DHEA 50mg ,Capsule,Supply,42.96,8,5,2026-08-18,LOTE-2024-6022
660112000000,Modern relax,Gummies ,Drug,32.79,44,5,2026-08-18,LOTE-2024-6023
3660730000000,mega volume collagene 24H,Mascara,Supply,41.96,25,5,2028-07-13,LOTE-2024-6024
3698,Greetmed Crepe bandage 10cm*4m,bandage,Supply,24.45,22,5,2026-09-22,LOTE-2024-6025
3693,Jaguar Power honey ,sachet,Drug,12.76,15,5,2027-01-20,LOTE-2024-6026
4250340000000,i love extreme volume mascara rash,Mascara,Supply,3.8,41,5,2026-08-18,LOTE-2024-6027
8682430000000,Sweert baby 1(0bo6) ,mamkamzha,Supply,33.08,10,5,2026-09-22,LOTE-2024-6028
VWFMTC,Capsolin ,ointment,Drug,6.78,20,5,2026-08-03,LOTE-2024-6029
3624,Lyrgaba 150mg,Capsule,Drug,14.67,41,5,2026-07-09,LOTE-2024-6030
150305000000000,PROCTOYAT Rectal Ointment HAYAT,ointment,Drug,24.66,47,5,2026-09-22,LOTE-2024-6031
3153,KKW eyeshadow palette sooo fire,Infusion,Supply,26.05,23,5,2026-09-22,LOTE-2024-6032
5117,Hungry (Cyproheptadine) 4mg,Tablet,Drug,27.63,1,5,2026-08-03,LOTE-2024-6033
3724,Ivermactin 6mg,Tablet,Drug,8.73,2,5,2027-01-20,LOTE-2024-6034
3642,Q1 plus /60cap.,Capsule,Drug,18.02,19,5,2028-07-13,LOTE-2024-6035
7630020000000,G.u.m access floss ,dental floss,Supply,28.35,14,5,2026-09-22,LOTE-2024-6036
3694,vip Vital Honey,sachet,Supply,43.69,8,5,2027-01-20,LOTE-2024-6037
677684000000,Pms-Duloxetine 30mg,Capsule,Drug,33.15,38,5,2028-07-13,LOTE-2024-6038
669028000000,Boon nursh Silicone pouch bottle 236ml 3M+ /3pcs.,Bottle,Supply,41.63,12,5,2027-07-24,LOTE-2024-6039
3712,betason 15g,Cream,Drug,34.66,26,5,2026-09-22,LOTE-2024-6040
3705,centella ampoule madagascar 100ml,serum,Supply,27.24,27,5,2027-07-24,LOTE-2024-6041
3416,"Prazosin 1m tablets, Razak",Tablet,Drug,9.85,29,5,2026-08-03,LOTE-2024-6042
6683220000000,YL Classic Knee Support ,Knee Support 667,Supply,30.5,15,5,2027-01-20,LOTE-2024-6043
3727,Sodium Chloride %0.9 (500ml),solution,Drug,28.62,46,5,2026-08-18,LOTE-2024-6044
3582,Piston Compressor Nebulizer SAKARIA ,machine ,Supply,27.71,1,5,2026-08-18,LOTE-2024-6045
3617,Mini fascia gun lc-002,Massager,Supply,22.81,43,5,2026-09-22,LOTE-2024-6046
667560000000,beyond breath ,Granules,Supply,24.5,28,5,2026-08-03,LOTE-2024-6047
860004000000,pimple paste overnight drying paste,paste,Supply,16.05,3,5,2027-01-20,LOTE-2024-6048
3733,Eyestil Plus,Eye Drop,Drug,24.09,18,5,2026-09-22,LOTE-2024-6049
3519,Your Biggest Secret Waterclouds shen,Set,Supply,10.09,34,5,2027-01-20,LOTE-2024-6050
3517,Your Biggest Secret Waterclouds pamae,Set,Supply,36.53,32,5,2026-08-03,LOTE-2024-6051
8809830000000,ink airy velve 21 peaches ,tint,Supply,9.58,29,5,2026-08-03,LOTE-2024-6052
850048000000,peace out acne serum 30ml,serum,Supply,5.2,25,5,2027-01-20,LOTE-2024-6053
3723,Uni Fresh ,Eye Drop,Drug,20.48,26,5,2028-07-13,LOTE-2024-6054
811079000000,Fibrox,Capsule,Drug,30.14,39,5,2026-08-03,LOTE-2024-6055
3721,Sinergia,Tablet,Drug,20.54,8,5,2026-08-18,LOTE-2024-6056
6630600000000,Panyu donkey milk soap,soap,Supply,13.54,19,5,2028-07-13,LOTE-2024-6057
2673,Prozac 20mg,Capsule,Drug,25.78,47,5,2026-08-03,LOTE-2024-6058
3460,VOLTAYAT Emulgel HAYAT ,Gel,Drug,16.59,42,5,2028-07-13,LOTE-2024-6059
6285070000000,Bepanthen Replenishing very dry & sensitive Skin 200ml,Body Lotion,Supply,42.08,22,5,2027-01-20,LOTE-2024-6060
3548750000000,make up for ever ultra HD concealer,Passary,Supply,41.64,29,5,2026-09-22,LOTE-2024-6061
3559,Tongue Depressor 100Pcs size:6 LENGTH,Tool,Supply,23.35,33,5,2026-09-22,LOTE-2024-6062
8806170000000,aqua jumbo sunscreen spf50++++ 250ml,sunscreen,Supply,15.76,38,5,2026-08-18,LOTE-2024-6063
3533,AMOXIVAN 125mg/5ml VANPHARMA,Suspension,Drug,33.57,45,5,2026-09-22,LOTE-2024-6064
3528,Esocomb 24HR  20mg 14TABLETS ,Tablet,Drug,3.1,46,5,2028-07-13,LOTE-2024-6065
3741,ReoXetine 20,Tablet,Drug,22.15,35,5,2027-07-24,LOTE-2024-6066
3652,Anafranil 75mg 20tab asli,Tablet,Drug,16.13,43,5,2027-01-20,LOTE-2024-6067
8809840000000,Tocobo Cotton soft sun stick SPF50 PA++++,sunscreen,Supply,41.54,3,5,2027-07-24,LOTE-2024-6068
3751,Controloc 20mg/14tab.,Tablet,Supply,2.02,19,5,2026-08-18,LOTE-2024-6069
3628,Biolactive Advanced,Capsule,Drug,25.55,10,5,2027-01-20,LOTE-2024-6070
4066450000000,Balea Deodorant 0% Aluminium,deodorant,Supply,33.72,27,5,2026-09-22,LOTE-2024-6071
3058,Dulivan 20mg,Tablet,Drug,22.6,15,5,2027-07-24,LOTE-2024-6072
6985650000000,Stretching Mask ,mask,Supply,5.22,11,5,2026-09-22,LOTE-2024-6073
8936140000000,Araso double effect cotton ,pad,Supply,43.8,47,5,2027-01-20,LOTE-2024-6074
6212280000000,SportGel 1%Emulgel 30g,Gel,Drug,24.03,26,5,2028-07-13,LOTE-2024-6075
8809630000000,dark spot correcting glow serum,serum,Supply,28.22,24,5,2026-09-22,LOTE-2024-6076
3478,SEVIKAR 40/5,Tablet,Drug,11.79,13,5,2026-08-03,LOTE-2024-6077
3682,hyaluronic acid serum 30ml,serum,Supply,22.53,32,5,2027-01-20,LOTE-2024-6078
3732,Milli-Sol Dextrose saline ,Infusion,Supply,20.17,37,5,2026-09-22,LOTE-2024-6079
3459,FACE LIFT UP BELT CHINA,Belt,Supply,4.76,4,5,2027-01-20,LOTE-2024-6080
6974100000000,Daqan rapid relief ,Gel,Drug,6.12,13,5,2028-07-13,LOTE-2024-6081
2641,Trihexyphenidyl 2,Tablet,Drug,37.93,9,5,2026-09-22,LOTE-2024-6082
X001PJ275R,pure cleansing oil,cleanser ,Supply,11.93,49,5,2026-09-22,LOTE-2024-6083
3770,Isoptin 40mg ,Tablet,Drug,9.98,34,5,2027-01-20,LOTE-2024-6084
9314840000000,QV cream replenish your skin,Cream,Supply,23.46,37,5,2026-08-03,LOTE-2024-6085
6932480000000,elastic crepe bandage 10cm x 4cm,bandage,Supply,34.94,48,5,2026-08-18,LOTE-2024-6086
3766,Vometral 4mg/5ml,Oral Suspension,Drug,4.19,7,5,2028-07-13,LOTE-2024-6087
3677,Nystadad 500000I.U.,Tablet,Drug,26.59,1,5,2027-01-20,LOTE-2024-6088
8710850000000,Simple micellar wipes ,Wipes,Supply,6.69,12,5,2026-07-09,LOTE-2024-6089
3650,Metrozol Weser,Tablet,Drug,3.09,21,5,2026-08-18,LOTE-2024-6090
3008,Ruxime 400mg,Capsule,Drug,3.79,11,5,2027-01-20,LOTE-2024-6091
807205000000,Tmale,Capsule,Drug,37.79,44,5,2027-07-24,LOTE-2024-6092
3696,Sodium bicarbonate,powder,Supply,6.63,44,5,2027-07-24,LOTE-2024-6093
6970470000000,Lanbena Nose Plants Pore Strips,Strips.,Supply,3.46,44,5,2026-08-18,LOTE-2024-6094
3444,ZandMed Eye PAD Adhesive Sterile For Children,eye pad,Supply,20.55,14,5,2028-07-13,LOTE-2024-6095
3756,eelhoe underarm patch for sweat-absorption,Patch,Supply,38.21,34,5,2027-01-20,LOTE-2024-6096
3778,Biotine Bayer 0.5% asli,Ampoule,Supply,12.91,34,5,2027-01-20,LOTE-2024-6097
2199,Cool box ,Box,Supply,19.84,25,5,2027-01-20,LOTE-2024-6098
3034,Paksama Finger splint ,finger,Supply,3.24,4,5,2026-08-03,LOTE-2024-6099
3405,Exforge 5mg/80mg,Tablet,Drug,21.03,26,5,2028-07-13,LOTE-2024-6100
1999740000000,Alcohol Pads ,pad,Supply,26.63,16,5,2026-08-03,LOTE-2024-6101
6973070000000,My Glove Nitrile Powder free Large ,gloves,Supply,26.33,10,5,2026-08-18,LOTE-2024-6102
42354963,Nivea Deep Black carbon dark wood 48h,roll,Supply,15.96,45,5,2027-07-24,LOTE-2024-6103
3714,Amoxifit 500,vial,Drug,15.23,2,5,2027-01-20,LOTE-2024-6104
6269070000000,Tebasept Rhmb Wound Antiseptic Solution 60ml,solution,Supply,6.14,35,5,2027-07-24,LOTE-2024-6105
6298040000000,Bebina 3 /400g,milk,Supply,17.46,19,5,2027-01-20,LOTE-2024-6106
4088600000000,Lacura Sensitive Shower cream ,shower cream ,Supply,5.83,6,5,2026-09-22,LOTE-2024-6107
6253810000000,Lacten Disinfectant ,solution,Supply,34.85,19,5,2028-07-13,LOTE-2024-6108
2771,Ondyl 8mg/4ml,Ampoule,Drug,43.53,8,5,2026-07-09,LOTE-2024-6109
6971870000000,sheglam color bloom liquid blush-love cake,Blush,Supply,43.7,14,5,2028-07-13,LOTE-2024-6110
1236790000000,Acne patch ,Patch,Supply,39.13,10,5,2026-08-18,LOTE-2024-6111
6973470000000,sheglam skin-focus high coverage powder foundation-fair,powder,Supply,27.63,3,5,2027-07-24,LOTE-2024-6112
3777,Milli-Sol Normal saline 100ml,solution,Drug,31.99,38,5,2026-08-03,LOTE-2024-6113
4260100000000,Rivotril 0.5mg /50tab.,Tablet,Drug,13.91,29,5,2027-01-20,LOTE-2024-6114
3041090000000,Bebelac 3 nutri 7in1 / 400g,milk,Supply,28.94,15,5,2028-07-13,LOTE-2024-6115
3083,CA.MI Unfrared Thermometer,thermometer,Supply,21.32,23,5,2026-09-22,LOTE-2024-6116
6971320000000,Toothpicks ,toothpicks,Supply,22.47,23,5,2027-07-24,LOTE-2024-6117
6940020000000,Vacumflask ,Bottle,Supply,34.46,18,5,2027-07-24,LOTE-2024-6118
6927870000000,OG Ultra Plush matte lipstick 8,Lipstick,Supply,13.76,46,5,2027-07-24,LOTE-2024-6119
4057900000000,Lunazol 150mg,Capsule,Drug,15.33,19,5,2028-07-13,LOTE-2024-6120
3695,Vital Honey ,sachet,Drug,41.72,28,5,2026-09-22,LOTE-2024-6121
X003DMYAJF,travel sound machine ,machine ,Supply,3.95,26,5,2026-08-18,LOTE-2024-6122
3767,Foscamil 3g,sachet,Drug,22.63,10,5,2026-07-09,LOTE-2024-6123
860011000000,Olatropin 2.5mg,Tablet,Drug,41.21,47,5,2026-08-18,LOTE-2024-6124
75020089267,Avent Ultra Soft 0-6m,mamka mzha,Supply,28.05,4,5,2026-08-03,LOTE-2024-6125
3734,Arox,Eye Drop,Drug,25.27,2,5,2027-01-20,LOTE-2024-6126
79625042665,real techniques au naturale face+cheek+eye,Set,Supply,12.36,3,5,2026-08-18,LOTE-2024-6127
877231000000,Hourglass Confession™ Ultra Slim High Intensity Refillable Lipstick-You Make Me,Lipstick,Supply,16.43,7,5,2026-07-09,LOTE-2024-6128
851939000000,ultra repair cream 56.7g,Cream,Supply,38.56,16,5,2026-07-09,LOTE-2024-6129
3239,Lilly lashes,Eye patches,Supply,25.83,31,5,2027-07-24,LOTE-2024-6130
73930568162,DUO brush on adhesive white/clear,glue,Supply,23.89,10,5,2027-01-20,LOTE-2024-6131
3163,DMK silicon foley catheter 2way 18,catheter,Supply,5.83,19,5,2026-09-22,LOTE-2024-6132
9358480000000,ami cole ultra-flex brow shaping gel 5ml,Gel,Supply,2.2,28,5,2028-07-13,LOTE-2024-6133
724088000000,Paravas 200mg/5ml,Syrup,Drug,43.42,17,5,2026-08-03,LOTE-2024-6134
3202,As-spasmo 10mg ,Tablet,Drug,17.9,28,5,2028-07-13,LOTE-2024-6135
3760160000000,Special Kid Multi Vitamines,Gummies ,Drug,27.74,19,5,2027-01-20,LOTE-2024-6136
3815,Avoban ,ointment,Drug,4.97,37,5,2026-08-18,LOTE-2024-6137
715041000000000,Dexoyat ,Syrup,Drug,31.22,23,5,2027-01-20,LOTE-2024-6138
816465000000,NewGel+ E,Gel,Drug,42.07,20,5,2027-07-24,LOTE-2024-6139
3272,laura ashley shower cream,shower,Supply,26.54,13,5,2026-09-22,LOTE-2024-6140
8699870000000,Orginal Test ,Pregnancy Test,Supply,6.99,13,5,2028-07-13,LOTE-2024-6141
8437030000000,Appettone Weser,Syrup,Drug,26.8,43,5,2026-08-18,LOTE-2024-6142
X003R5TEZX,ear piercing gun kit,ear,Supply,34.84,11,5,2026-08-18,LOTE-2024-6143
3823,As-Entros-top,Tablet,Drug,19.18,48,5,2026-08-03,LOTE-2024-6144
3810,Girawa 60/10 mometasone,ointment,Drug,39.77,15,5,2026-08-18,LOTE-2024-6145
86197200000000,bebepan battaniye burumcuk,batani,Supply,29.72,17,5,2026-08-18,LOTE-2024-6146
6261080000000,Zimoha Pregnancy test,test,Supply,40.62,28,5,2028-07-13,LOTE-2024-6147
30096592,Maybelline fit me conealer anti-cernes 15,Concealer ,Supply,28.62,19,5,2026-08-03,LOTE-2024-6148
2669,Navid Ortho posture Aid brace Support ,Pshten ,Supply,7.21,4,5,2026-09-22,LOTE-2024-6149
4680040000000,Beauty Visage Hyaluronic lip balm ,Lip balm ,Supply,14.97,22,5,2027-01-20,LOTE-2024-6150
31604014896,nature made C 100mg 100 tablets,Tablet,Drug,10.28,22,5,2028-07-13,LOTE-2024-6151
6902640000000,Mansly Mist silky 18,lip gloss,Supply,41.03,37,5,2028-07-13,LOTE-2024-6152
6924960000000,Bao Bao Pai,,Drug,34.58,39,5,2027-07-24,LOTE-2024-6153
8014530000000,CLIVEN deodorant cream,Cream,Supply,30.92,34,5,2028-07-13,LOTE-2024-6154
71249059098,voluminous original,Mascara,Supply,14.59,33,5,2027-07-24,LOTE-2024-6155
3818,Beauty Blender,Sponge,Supply,9.51,44,5,2028-07-13,LOTE-2024-6156
6956120000000,Qiaolebeishu Cotton pads ,pad,Supply,34.41,42,5,2027-07-24,LOTE-2024-6157
37000808190,secret outlast sweat & odor 72h clear gel,deodorant,Supply,22.13,40,5,2026-08-03,LOTE-2024-6158
301502000000000,Gentamycin 0.3% Skin Ointment ,ointment,Drug,11.32,33,5,2026-09-22,LOTE-2024-6159
8809120000000,Axis-y Artichoke Intensive Skin Barrier Ampoule ,serum,Supply,28.32,12,5,2027-01-20,LOTE-2024-6160
X003WL6077,cosnori whitening dress tone-up cream,Cream,Supply,3.25,2,5,2026-09-22,LOTE-2024-6161
X0049BI32T,numbuz n porcelain base-skip tone up beige spf 50,sunscreen,Supply,15.69,28,5,2026-08-18,LOTE-2024-6162
3609,darshaqy zher bal asli,Tool,Supply,21.88,10,5,2027-01-20,LOTE-2024-6163
308907000000000,Hayacine ,Syrup,Drug,7.94,22,5,2028-07-13,LOTE-2024-6164
405015000000000,Vomiset ,Syrup,Drug,44.33,17,5,2026-07-09,LOTE-2024-6165
3655,Travel Disposable toilet seat covers,cover wc,Supply,10.6,26,5,2027-07-24,LOTE-2024-6166
3819,Ringer lactate 500ml ,solution,Drug,7.17,3,5,2027-07-24,LOTE-2024-6167
4825860000000,Border Gauze 10cm * 10cm,plaster,Supply,10.35,7,5,2028-07-13,LOTE-2024-6168
3595,klavox 375mg,Tablet,Drug,34.95,44,5,2028-07-13,LOTE-2024-6169
3842,Fc-bax,Injection,Drug,20.01,8,5,2027-07-24,LOTE-2024-6170
X001R8ON0X,chromium picolinate 1000mcg 360 tab,Tablet,Drug,26.1,20,5,2027-01-20,LOTE-2024-6171
3816,Jaysuing acne Pimple patch ,Patch,Supply,2.41,12,5,2026-08-18,LOTE-2024-6172
2137,Bertocil,Eye Drop,Drug,3.0,35,5,2027-01-20,LOTE-2024-6173
3636,Neurobion ,Tablet,Drug,20.89,17,5,2027-07-24,LOTE-2024-6174
755486000000,Sakaria zinx Oxide 5cm*5m,plaster,Supply,37.02,28,5,2028-07-13,LOTE-2024-6175
6221000000000,C-Retard 500mg +zinc,Capsule,Drug,40.01,41,5,2027-07-24,LOTE-2024-6176
4902470000000,Feather FlamingoS For shaving ,Razor,Supply,5.27,10,5,2026-08-18,LOTE-2024-6177
680661000000,Thyro-plus Mars ,Tablet,Drug,24.92,22,5,2027-01-20,LOTE-2024-6178
3599,Betnozum 15g,ointment,Drug,41.23,38,5,2026-09-22,LOTE-2024-6179
736150000000,laura mercier flawless lumiere,Foundation ,Supply,18.38,33,5,2026-07-09,LOTE-2024-6180
3563,Metaz 0.1% Ointment 30g SPIMACO,ointment,Drug,37.59,22,5,2026-08-18,LOTE-2024-6181
5070000000000,Orapress 40/10mg,Tablet,Drug,7.32,44,5,2026-08-03,LOTE-2024-6182
8008530000000,Fosfovit bisenglut,powder,Supply,42.19,37,5,2027-07-24,LOTE-2024-6183
5202220000000,Corega tat icermez 40g,tooth paste,Supply,34.19,13,5,2026-08-18,LOTE-2024-6184
73116226,Estelle & thild Total Moisture day lotion 50ml,lotion,Supply,42.45,27,5,2026-08-18,LOTE-2024-6185
2843,Loft 50mg,Tablet,Drug,30.93,15,5,2028-07-13,LOTE-2024-6186
X0049LQR4Z,hydro boost water gel 50ml,Gel,Supply,17.31,22,5,2026-09-22,LOTE-2024-6187
8435540000000,Azithromex 500mg /3tab.,Tablet,Drug,42.31,30,5,2026-07-09,LOTE-2024-6188
532060000000000,Coldin Alhayat ,Syrup,Drug,13.49,43,5,2026-08-18,LOTE-2024-6189
3667,Dermavia Spf 50+ invisible 50ml,sunscreen,Supply,15.95,40,5,2026-08-03,LOTE-2024-6190
SH-012-01-041,Flazol plus,Tablet,Drug,31.99,37,5,2026-08-03,LOTE-2024-6191
3378,barexae mndal,barexa,Supply,34.79,34,5,2026-08-03,LOTE-2024-6192
37000857785,crest 3D whitestrips level 20 whiter,strips~,Supply,41.93,44,5,2027-01-20,LOTE-2024-6193
74312009945,natures bounty zinc 50mg 250 tablets,Tablet,Drug,10.41,34,5,2026-08-18,LOTE-2024-6194
X0034RJJHH,vitamin c serum 30ml,serum,Supply,36.21,48,5,2026-09-22,LOTE-2024-6195
725248000000,DeoVit D3 +K2 ,Tablet,Drug,33.63,35,5,2028-07-13,LOTE-2024-6196
8809880000000,Beauty of joseon Light on serum Centella+vita C,serum,Supply,4.28,42,5,2026-09-22,LOTE-2024-6197
501520000000000,XYLOCANE 5% HAYAT Ointment ,ointment,Drug,18.34,19,5,2028-07-13,LOTE-2024-6198
3396,Burinex 1mg ,Tablet,Drug,13.8,8,5,2026-09-22,LOTE-2024-6199
618059000000,phytophanere dietary supplement 120 caplet,Caplet,Drug,14.75,39,5,2026-09-22,LOTE-2024-6200
286003000000000,Kindifed,Tablet,Drug,44.26,33,5,2027-07-24,LOTE-2024-6201
3840,qadrmay tawalet ,Tool,Supply,29.46,44,5,2026-08-03,LOTE-2024-6202
3827,Travelin 50mg Tehran Darou,Tablet,Drug,32.72,28,5,2026-08-03,LOTE-2024-6203
2677,Johnsons baby Oil 300ml,oil,Supply,43.98,37,5,2027-01-20,LOTE-2024-6204
887168000000,estee lauder revitalizing supreme+night cream 50ml,Cream,Supply,17.91,48,5,2026-09-22,LOTE-2024-6205
8809970000000,beauty of joseon relief sun aqua-fresh rice+b5 50+pa++++ 50ml ,Cream,Supply,36.38,25,5,2027-07-24,LOTE-2024-6206
X0046RKHHP,apple cider vinegar 150 capsules,Capsule,Drug,20.4,36,5,2028-07-13,LOTE-2024-6207
71031930161,Pearlie white travel,Set,Supply,39.32,17,5,2026-09-22,LOTE-2024-6208
152030000000000,Hyascort 15gm ,ointment,Drug,9.36,24,5,2027-01-20,LOTE-2024-6209
785612000000,Sakaria zinx Oxide 10cm*3m,plaster,Supply,42.72,21,5,2027-01-20,LOTE-2024-6210
6210510000000,Austram On Lenses solution 60ml ,solution,Supply,11.02,2,5,2028-07-13,LOTE-2024-6211
5906980000000,ted soothing moisturizing gel 260ml ,Moisturizing gel,Supply,15.69,31,5,2027-07-24,LOTE-2024-6212
6921490000000,Make Your life Refined from now on ,cleanser ,Supply,34.39,44,5,2028-07-13,LOTE-2024-6213
150131000000,Cytotec 200mcg 42 tabs,Tablet,Drug,18.63,33,5,2026-08-18,LOTE-2024-6214
3843,Navid Ortho Neoprene Warist/thumb splint ,bandage,Supply,27.96,30,5,2027-07-24,LOTE-2024-6215
5014600000000,Mounjaro 5mg lilly,Pen,Drug,20.84,12,5,2026-08-18,LOTE-2024-6216
3508,minitree 270ml pamae,bottle milk,Supply,33.79,44,5,2026-08-18,LOTE-2024-6217
3848,Dr-cetramex cream,Cream,Drug,11.43,12,5,2028-07-13,LOTE-2024-6218
843604000000,melatonin 12mg 90 tablets,Tablet,Drug,4.04,49,5,2026-07-09,LOTE-2024-6219
5022,Painrelief 30g,ointment,Drug,14.55,24,5,2028-07-13,LOTE-2024-6220
3522,JEGAY 7APP halgrtn ,Box,Supply,22.13,24,5,2026-08-03,LOTE-2024-6221
3849,DERMOSAM 25g Ointment DUBAI,ointment,Drug,8.81,11,5,2027-07-24,LOTE-2024-6222
3503,Clindamycin-Hakim 300  30Capsules,Capsule,Drug,16.93,13,5,2026-08-18,LOTE-2024-6223
3773,Atrin 1%,Eye Drop,Drug,18.9,27,5,2026-09-22,LOTE-2024-6224
309970000000,revlon super lustrous lipstick 804,Lipstick,Supply,4.0,8,5,2026-08-18,LOTE-2024-6225
3761,Bepanthene 250mg/ml,Ampoule,Drug,26.87,10,5,2027-01-20,LOTE-2024-6226
8681400000000,ortopedik kanguru black gray,halgri mnal,Supply,39.97,8,5,2026-09-22,LOTE-2024-6227
8056990000000,Quatrplus /60tab.,Tablet,Drug,8.1,20,5,2027-01-20,LOTE-2024-6228
8905890000000,Tranexa 500mg ,Tablet,Drug,27.5,8,5,2026-07-09,LOTE-2024-6229
37000497042,secret ph balancing mineral  relaxing lavender deodorant,deodorant,Supply,30.42,9,5,2026-08-03,LOTE-2024-6230
3178,gochan ,Gochan,Supply,19.74,7,5,2026-08-03,LOTE-2024-6231
W4598K,Influprop ,Nasal Spray,Drug,32.0,14,5,2026-09-22,LOTE-2024-6232
8004400000000,Marvis anise mint 85ml,tooth paste,Supply,19.37,28,5,2027-07-24,LOTE-2024-6233
3699,quard cream ,Cream,Drug,23.45,2,5,2028-07-13,LOTE-2024-6234
850001000000,Mielle Rosmary mint strengthening leave-in,leave-in,Supply,1.82,43,5,2026-08-18,LOTE-2024-6235
6951730000000,Infrared Thermometer ck-T 1503 ,thermometer,Supply,31.59,8,5,2027-01-20,LOTE-2024-6236
3811,Girawa 75/10 Elicasal 75g,ointment,Drug,30.27,13,5,2027-07-24,LOTE-2024-6237
3400920000000,Zolmitan ODT 2.5mg,Tablet,Drug,3.17,21,5,2026-08-18,LOTE-2024-6238
3755,Vancolym 1g,vial,Drug,17.52,47,5,2026-09-22,LOTE-2024-6239
19890326,TkTx 39.9 % /rash ,Gel,Supply,44.09,28,5,2027-01-20,LOTE-2024-6240
5026,dolofast ,sachet,Drug,19.8,35,5,2026-08-03,LOTE-2024-6241
4801010000000,jonson baby milk soap 100g,soap,Drug,23.33,23,5,2026-07-09,LOTE-2024-6242
5047,Polodent Mix ,toothbrush,Supply,41.08,46,5,2026-08-18,LOTE-2024-6243
5031,Cele-Itrazole 100mg,Capsule,Drug,32.7,15,5,2027-01-20,LOTE-2024-6244
5029,Terminus 1% cream ,Cream,Drug,26.82,2,5,2026-08-03,LOTE-2024-6245
206010000000000,Zadofen ,Syrup,Drug,36.2,12,5,2026-08-18,LOTE-2024-6246
1650980000000,Babymol Anti flat Head pillow ,sarin ,Supply,39.1,36,5,2026-09-22,LOTE-2024-6247
X001FTX8EX,Eccomum Bottle Warmer ,machine ,Supply,21.37,3,5,2026-08-03,LOTE-2024-6248
3530,YaLina brush 3layer,Brush,Supply,22.17,5,5,2026-08-18,LOTE-2024-6249
608539000000,Super-Touch black Powder free Medium,gloves,Supply,18.29,3,5,2028-07-13,LOTE-2024-6250
5038,Happy vitamin masasa,masasa,Supply,43.55,47,5,2026-07-09,LOTE-2024-6251
5049,xanax 0.25mg,Tablet,Drug,31.83,19,5,2027-01-20,LOTE-2024-6252
804223,Dutasteride + tamsulosin Aurovitas 0.5mg/0.4mg,Capsule,Drug,5.12,2,5,2026-09-22,LOTE-2024-6253
6970220000000,VivaCheck ino,Strips.,Supply,39.04,44,5,2027-01-20,LOTE-2024-6254
5057,dangray Control ,dangra,Supply,22.4,37,5,2027-01-20,LOTE-2024-6255
8572890000000,dum eyebrow glue,Gel,Supply,4.49,17,5,2026-08-18,LOTE-2024-6256
71249680988,loreal panorama mascara,Mascara,Supply,25.41,14,5,2027-07-24,LOTE-2024-6257
3676,bs-mall brush set,Brush,Supply,19.65,28,5,2026-09-22,LOTE-2024-6258
41554070989,superstay vinyl ink 25 red-hot,Lipstick,Supply,39.68,27,5,2027-07-24,LOTE-2024-6259
6215680000000,Calamine lotion ,lotion,Supply,10.37,10,5,2026-09-22,LOTE-2024-6260
8681050000000,puset askisi stroller hanger,holder,Supply,37.45,3,5,2028-07-13,LOTE-2024-6261
3798,Portable Oral Irrigator Find your beauty,Oral Irrigator ,Supply,25.76,36,5,2027-07-24,LOTE-2024-6262
3832,Baby kit de silicona bpa free /12pcs.,Set,Supply,3.88,38,5,2028-07-13,LOTE-2024-6263
3790,Betnozum 15g,Cream,Drug,43.78,25,5,2027-01-20,LOTE-2024-6264
3394,Galpara-125 /100ml,Suspension,Drug,23.8,22,5,2026-09-22,LOTE-2024-6265
3713,Tussidan ,Syrup,Drug,14.15,48,5,2027-07-24,LOTE-2024-6266
3745,dia & noche tri-element 15 eyeshadow palette,Pallete,Supply,21.92,39,5,2028-07-13,LOTE-2024-6267
6148270000000,IKT wax stick,Sticks,Supply,38.82,47,5,2028-07-13,LOTE-2024-6268
5065,rhode cover & lip tint set,Set,Supply,14.76,30,5,2026-09-22,LOTE-2024-6269
42601300000000,Styvvol Skin care Sos serum + repair,serum,Supply,9.88,21,5,2027-07-24,LOTE-2024-6270
7261900000000,Optimal Cotton buds,Bud,Supply,7.11,30,5,2026-08-18,LOTE-2024-6271
6920960000000,Musk hair removal dry skin Body & leg ,Spray,Supply,14.46,28,5,2027-01-20,LOTE-2024-6272
6260000000000,Hoosh darman arm sling ,Arm Sling ,Supply,35.43,31,5,2026-08-18,LOTE-2024-6273
5059,Dixson-D ,Syrup,Drug,22.02,26,5,2026-09-22,LOTE-2024-6274
3536,Indocelab Capsules 25mg 10x10,Capsule,Drug,11.4,43,5,2028-07-13,LOTE-2024-6275
5062,Panadol Cold&flu all in one,Tablet,Drug,8.73,22,5,2026-08-03,LOTE-2024-6276
3545,NewGel+ SILICONE GEL SHEETING,Gel,Supply,15.97,21,5,2027-01-20,LOTE-2024-6277
31604013288,fish oil 1200mg 100 softgels,Softgel,Drug,42.39,1,5,2027-01-20,LOTE-2024-6278
810053000000,NIACINAMIDE DEW DROPS,serum,Supply,16.42,37,5,2026-08-03,LOTE-2024-6279
5060700000000,pillow talk lip kit,Massager,Supply,44.48,13,5,2026-09-22,LOTE-2024-6280
5058,Diclovo 12.5mg ,Suppository,Drug,22.61,21,5,2027-01-20,LOTE-2024-6281
3838,Decmax 8mg,Tablet,Drug,9.29,46,5,2026-08-18,LOTE-2024-6282
5032,Levoweser forte 750mg / 7tab.,Tablet,Drug,40.26,9,5,2027-07-24,LOTE-2024-6283
6290360000000,Alokozay 99% water ,Wipes,Supply,21.53,17,5,2028-07-13,LOTE-2024-6284
6933640000000,Dr gym dangra 3m+,dangra,Supply,32.37,47,5,2026-08-18,LOTE-2024-6285
0ZW4KL,Leviogel 10mg/g gel Tube 50g,tube,Drug,44.29,21,5,2026-08-18,LOTE-2024-6286
5078,Diamox 250mg ,Tablet,Drug,3.68,31,5,2026-09-22,LOTE-2024-6287
W4C875,Candidep,Vaginal Suppositories,Drug,5.71,39,5,2027-07-24,LOTE-2024-6288
5027,Sakaria Disposable syringe 3ml,syringe,Drug,32.84,22,5,2026-08-18,LOTE-2024-6289
3845,Bordered Gauze 10cm * 10cm ,plaster,Supply,13.76,12,5,2026-07-09,LOTE-2024-6290
5050,Polodent kids baby soft,toothbrush,Supply,9.52,6,5,2027-01-20,LOTE-2024-6291
9645500000000,As-quadroderm cream 15g,Cream,Drug,3.21,16,5,2028-07-13,LOTE-2024-6292
3493,moxedol 5ml edol Eye drops,Eye Drop,Drug,2.45,26,5,2026-09-22,LOTE-2024-6293
-1880144,L-thyroxin Aristo 50mcg ,Tablet,Drug,35.19,5,5,2026-09-22,LOTE-2024-6294
3665,Coloplast qa3eda/kiss 60mm,qa3ida,Supply,7.35,9,5,2028-07-13,LOTE-2024-6295
5907590000000,inglot amc eyeliner gel,Gel,Supply,21.85,46,5,2027-01-20,LOTE-2024-6296
79625014686,real technique brow set 3 dots to define your best brow,Massager,Supply,27.86,40,5,2027-07-24,LOTE-2024-6297
5017,Strong lion power delay spray 28000,Spray,Supply,20.13,14,5,2027-01-20,LOTE-2024-6298
3020,e.l.f halo glow liquid filter 31.5ml,tint,Supply,2.68,44,5,2028-07-13,LOTE-2024-6299
5060,Sodium Chloride 0.9% ,solution,Drug,35.58,42,5,2027-01-20,LOTE-2024-6300
3800,SMC 1ml disposable Syringe With needle,syringe,Supply,1.96,30,5,2028-07-13,LOTE-2024-6301
3552,oxygen mask pediatric,mask,Supply,34.64,26,5,2027-01-20,LOTE-2024-6302
71249681008,panorama 703 black noir mascara,Mascara,Supply,40.36,45,5,2027-07-24,LOTE-2024-6303
693364000000,JOYFULBABY 0-6m,mamka mzha,Supply,20.33,29,5,2026-08-18,LOTE-2024-6304
6970870000000,Baby hand and mouth care wipes 80pcd.,Wipes,Supply,24.8,19,5,2026-09-22,LOTE-2024-6305
5749000000000,pure&Care retinol serum ,serum,Supply,22.25,47,5,2027-07-24,LOTE-2024-6306
31604026103,triple omega 3-6-9 150 softgels,Softgel,Drug,18.43,8,5,2026-08-18,LOTE-2024-6307
4975480000000,Omron Upper Arm Blood pressure monitor Hem-7121J,Monitor,Supply,40.1,23,5,2027-01-20,LOTE-2024-6308
5003,ear piercing tools,gwara,Supply,40.39,42,5,2026-08-18,LOTE-2024-6309
6934700000000,Chenglu give mother peace of mind of good quality ,pad,Supply,16.11,35,5,2027-07-24,LOTE-2024-6310
5091,Lfkay mnal ,LFKA,Supply,28.26,31,5,2026-08-03,LOTE-2024-6311
3830,Plastic Bandage 50PCS,plaster,Supply,41.82,35,5,2027-07-24,LOTE-2024-6312
5053,Fresh Mouth spray peppermint ,Spray,Supply,43.35,32,5,2027-01-20,LOTE-2024-6313
2930,Standard first aid kit,Box,Supply,23.64,5,5,2026-08-18,LOTE-2024-6314
6942350000000,Jolyum Avocado mask,face mask ,Supply,21.2,16,5,2027-01-20,LOTE-2024-6315
4517840000000,Deo Cross I-ears ,Tool,Supply,13.62,17,5,2026-08-18,LOTE-2024-6316
634858000000,Chapa lip butter,cleanser ,Supply,43.21,32,5,2026-09-22,LOTE-2024-6317
8684540000000,White wash ,wash,Supply,7.71,38,5,2026-09-22,LOTE-2024-6318
5116,wearable electric breast pump my-376,breast pump,Supply,26.72,32,5,2026-08-03,LOTE-2024-6319
5022550000000,candy cane bayh fizzer,bath fizzers,Supply,13.79,20,5,2028-07-13,LOTE-2024-6320
6337100000000,EVO Wheat-Milk_Honey ,cearelac ,Supply,13.64,48,5,2026-07-09,LOTE-2024-6321
5037,Povidone 4%  ,Spray,Supply,19.12,2,5,2027-01-20,LOTE-2024-6322
9339340000000,everlasting .color treatment,Set,Supply,44.95,20,5,2026-09-22,LOTE-2024-6323
5063,Otrivin Orginal 0.1%,Nasal Spray,Supply,3.89,47,5,2027-01-20,LOTE-2024-6324
2416,Norcutin 5mg ,Tablet,Drug,26.67,18,5,2026-09-22,LOTE-2024-6325
